time,x_ref,y_ref,yaw_ref,x,y,yaw,v,w,x_next,y_next,yaw_next
0,3,0,90,2,0,45,64.3489,-140.647,2.45502,0.455015,-35.5846
0.01,3,0.00471239,90.09,2.45502,0.455015,-35.5846,70.2592,-317.318,3.0264,0.0461735,-217.395
0.02,2.99999,0.00942476,90.18,3.0264,0.0461735,-217.395,0.0230803,21.0486,3.02622,0.0463137,-205.335
0.03,2.99997,0.0141371,90.27,3.02622,0.0463137,-205.335,1.80155,514.349,3.00994,0.0540226,89.3653
0.04,2.99994,0.0188494,90.36,3.00994,0.0540226,89.3653,-3.58103,3.27437,3.00954,0.0182146,91.2413
0.05,2.99991,0.0235617,90.45,3.00954,0.0182146,91.2413,1.07326,-6.30683,3.00931,0.0289446,87.6278
0.06,2.99987,0.0282739,90.54,3.00931,0.0289446,87.6278,-1.33542,17.1986,3.00876,0.0156018,97.4819
0.07,2.99982,0.0329861,90.63,3.00876,0.0156018,97.4819,2.13445,-11.9939,3.00598,0.0367647,90.6099
0.08,2.99976,0.0376981,90.72,3.00598,0.0367647,90.6099,-0.783086,12.8447,3.00606,0.0289342,97.9693
0.09,2.9997,0.0424101,90.81,3.00606,0.0289342,97.9693,1.46164,-12.3261,3.00403,0.0434095,90.907
0.1,2.99963,0.047122,90.9,3.00403,0.0434095,90.907,-0.38583,11.1831,3.00409,0.0395517,97.3144
0.11,2.99955,0.0518337,90.99,3.00409,0.0395517,97.3144,1.14985,-11.4047,3.00263,0.0509565,90.78
0.12,2.99947,0.0565453,91.08,3.00263,0.0509565,90.78,-0.0979047,9.81103,3.00264,0.0499776,96.4013
0.13,2.99937,0.0612568,91.17,3.00264,0.0499776,96.4013,0.956085,-10.0128,3.00158,0.0594788,90.6644
0.14,2.99927,0.0659681,91.26,3.00158,0.0594788,90.6644,0.130123,8.04429,3.00156,0.06078,95.2735
0.15,2.99917,0.0706793,91.35,3.00156,0.06078,95.2735,0.818085,-7.89869,3.00081,0.0689262,90.7478
0.16,2.99905,0.0753903,91.44,3.00081,0.0689262,90.7478,0.317442,5.61295,3.00077,0.0721003,93.9638
0.17,2.99893,0.0801011,91.53,3.00077,0.0721003,93.9638,0.709318,-4.9643,3.00028,0.0791765,91.1195
0.18,2.9988,0.0848117,91.62,3.00028,0.0791765,91.1195,0.439464,2.81124,3.00019,0.0835703,92.7302
0.19,2.99866,0.0895221,91.71,3.00019,0.0835703,92.7302,0.586702,-1.97596,2.99991,0.0894307,91.5981
0.2,2.99852,0.0942323,91.8,2.99991,0.0894307,91.5981,0.458389,1.02675,2.99979,0.0940128,92.1863
0.21,2.99837,0.0989422,91.89,2.99979,0.0940128,92.1863,0.499549,-0.43341,2.99959,0.0990047,91.938
0.22,2.99821,0.103652,91.98,2.99959,0.0990047,91.938,0.463746,0.398913,2.99944,0.103639,92.1666
0.23,2.99804,0.108361,92.07,2.99944,0.103639,92.1666,0.477038,0.0117582,2.99926,0.108406,92.1733
0.24,2.99787,0.113071,92.16,2.99926,0.108406,92.1733,0.469074,0.220155,2.99908,0.113094,92.2995
0.25,2.99769,0.117779,92.25,2.99908,0.113094,92.2995,0.472712,0.120557,2.99889,0.117817,92.3685
0.26,2.9975,0.122488,92.34,2.99889,0.117817,92.3685,0.470819,0.172372,2.9987,0.122521,92.4673
0.27,2.9973,0.127196,92.43,2.9987,0.122521,92.4673,0.471745,0.147049,2.99849,0.127234,92.5515
0.28,2.9971,0.131904,92.52,2.99849,0.127234,92.5515,0.471278,0.159991,2.99828,0.131942,92.6432
0.29,2.99689,0.136612,92.61,2.99828,0.131942,92.6432,0.471509,0.153602,2.99807,0.136653,92.7312
0.3,2.99667,0.141319,92.7,2.99807,0.136653,92.7312,0.471392,0.15685,2.99784,0.141361,92.8211
0.31,2.99644,0.146026,92.79,2.99784,0.141361,92.8211,0.471449,0.155251,2.99761,0.14607,92.91
0.32,2.99621,0.150733,92.88,2.99761,0.14607,92.91,0.471419,0.156074,2.99737,0.150778,92.9995
0.33,2.99597,0.155439,92.97,2.99737,0.150778,92.9995,0.471432,0.155681,2.99712,0.155486,93.0887
0.34,2.99572,0.160145,93.06,2.99712,0.155486,93.0887,0.471424,0.155897,2.99687,0.160193,93.178
0.35,2.99547,0.164851,93.15,2.99687,0.160193,93.178,0.471426,0.155807,2.99661,0.1649,93.2673
0.36,2.9952,0.169556,93.24,2.99661,0.1649,93.2673,0.471424,0.15587,2.99634,0.169607,93.3566
0.37,2.99493,0.17426,93.33,2.99634,0.169607,93.3566,0.471424,0.155857,2.99606,0.174313,93.4459
0.38,2.99466,0.178964,93.42,2.99606,0.174313,93.4459,0.471422,0.155881,2.99578,0.179019,93.5352
0.39,2.99437,0.183668,93.51,2.99578,0.179019,93.5352,0.471421,0.155886,2.99549,0.183724,93.6245
0.4,2.99408,0.188372,93.6,2.99549,0.183724,93.6245,0.47142,0.155901,2.99519,0.188429,93.7138
0.41,2.99378,0.193074,93.69,2.99519,0.188429,93.7138,0.471419,0.155911,2.99489,0.193133,93.8032
0.42,2.99347,0.197777,93.78,2.99489,0.193133,93.8032,0.471419,0.155923,2.99457,0.197837,93.8925
0.43,2.99316,0.202479,93.87,2.99457,0.197837,93.8925,0.471418,0.155934,2.99425,0.20254,93.9818
0.44,2.99284,0.20718,93.96,2.99425,0.20254,93.9818,0.471417,0.155945,2.99393,0.207243,94.0712
0.45,2.99251,0.211881,94.05,2.99393,0.207243,94.0712,0.471416,0.155956,2.99359,0.211945,94.1605
0.46,2.99217,0.216581,94.14,2.99359,0.211945,94.1605,0.471415,0.155967,2.99325,0.216647,94.2499
0.47,2.99183,0.221281,94.23,2.99325,0.216647,94.2499,0.471414,0.155978,2.9929,0.221348,94.3393
0.48,2.99148,0.22598,94.32,2.9929,0.221348,94.3393,0.471413,0.155989,2.99254,0.226049,94.4286
0.49,2.99112,0.230679,94.41,2.99254,0.226049,94.4286,0.471412,0.155999,2.99218,0.230749,94.518
0.5,2.99075,0.235377,94.5,2.99218,0.230749,94.518,0.471411,0.15601,2.99181,0.235448,94.6074
0.51,2.99038,0.240075,94.59,2.99181,0.235448,94.6074,0.47141,0.15602,2.99143,0.240147,94.6968
0.52,2.99,0.244772,94.68,2.99143,0.240147,94.6968,0.47141,0.15603,2.99104,0.244845,94.7862
0.53,2.98961,0.249468,94.77,2.99104,0.244845,94.7862,0.471409,0.15604,2.99065,0.249543,94.8756
0.54,2.98921,0.254164,94.86,2.99065,0.249543,94.8756,0.471408,0.156051,2.99025,0.25424,94.965
0.55,2.98881,0.258859,94.95,2.99025,0.25424,94.965,0.471407,0.156061,2.98984,0.258936,95.0544
0.56,2.9884,0.263554,95.04,2.98984,0.258936,95.0544,0.471406,0.15607,2.98943,0.263632,95.1439
0.57,2.98798,0.268247,95.13,2.98943,0.263632,95.1439,0.471405,0.15608,2.989,0.268327,95.2333
0.58,2.98756,0.272941,95.22,2.989,0.268327,95.2333,0.471405,0.15609,2.98857,0.273022,95.3227
0.59,2.98713,0.277633,95.31,2.98857,0.273022,95.3227,0.471404,0.1561,2.98814,0.277715,95.4122
0.6,2.98669,0.282325,95.4,2.98814,0.277715,95.4122,0.471403,0.156109,2.98769,0.282408,95.5016
0.61,2.98624,0.287016,95.49,2.98769,0.282408,95.5016,0.471402,0.156118,2.98724,0.287101,95.591
0.62,2.98578,0.291706,95.58,2.98724,0.287101,95.591,0.471402,0.156128,2.98678,0.291792,95.6805
0.63,2.98532,0.296396,95.67,2.98678,0.291792,95.6805,0.471401,0.156137,2.98631,0.296483,95.77
0.64,2.98485,0.301085,95.76,2.98631,0.296483,95.77,0.4714,0.156146,2.98584,0.301173,95.8594
0.65,2.98438,0.305773,95.85,2.98584,0.301173,95.8594,0.471399,0.156155,2.98536,0.305863,95.9489
0.66,2.98389,0.310461,95.94,2.98536,0.305863,95.9489,0.471398,0.156164,2.98487,0.310551,96.0384
0.67,2.9834,0.315148,96.03,2.98487,0.310551,96.0384,0.471398,0.156173,2.98437,0.315239,96.1279
0.68,2.9829,0.319833,96.12,2.98437,0.315239,96.1279,0.471397,0.156182,2.98387,0.319926,96.2173
0.69,2.9824,0.324519,96.21,2.98387,0.319926,96.2173,0.471396,0.156191,2.98336,0.324612,96.3068
0.7,2.98188,0.329203,96.3,2.98336,0.324612,96.3068,0.471396,0.156199,2.98284,0.329298,96.3963
0.71,2.98136,0.333886,96.39,2.98284,0.329298,96.3963,0.471395,0.156208,2.98232,0.333982,96.4858
0.72,2.98083,0.338569,96.48,2.98232,0.333982,96.4858,0.471394,0.156216,2.98178,0.338666,96.5753
0.73,2.9803,0.343251,96.57,2.98178,0.338666,96.5753,0.471393,0.156225,2.98124,0.343349,96.6648
0.74,2.97976,0.347932,96.66,2.98124,0.343349,96.6648,0.471393,0.156233,2.9807,0.348031,96.7544
0.75,2.97921,0.352612,96.75,2.9807,0.348031,96.7544,0.471392,0.156241,2.98014,0.352712,96.8439
0.76,2.97865,0.357291,96.84,2.98014,0.352712,96.8439,0.471391,0.156249,2.97958,0.357393,96.9334
0.77,2.97808,0.36197,96.93,2.97958,0.357393,96.9334,0.471391,0.156257,2.97901,0.362072,97.0229
0.78,2.97751,0.366647,97.02,2.97901,0.362072,97.0229,0.47139,0.156265,2.97844,0.366751,97.1125
0.79,2.97693,0.371324,97.11,2.97844,0.366751,97.1125,0.471389,0.156273,2.97785,0.371428,97.202
0.8,2.97634,0.376,97.2,2.97785,0.371428,97.202,0.471389,0.156281,2.97726,0.376105,97.2915
0.81,2.97575,0.380674,97.29,2.97726,0.376105,97.2915,0.471388,0.156289,2.97666,0.380781,97.3811
0.82,2.97515,0.385348,97.38,2.97666,0.380781,97.3811,0.471387,0.156296,2.97606,0.385455,97.4706
0.83,2.97454,0.390021,97.47,2.97606,0.385455,97.4706,0.471387,0.156304,2.97544,0.390129,97.5602
0.84,2.97392,0.394693,97.56,2.97544,0.390129,97.5602,0.471386,0.156312,2.97482,0.394802,97.6498
0.85,2.9733,0.399364,97.65,2.97482,0.394802,97.6498,0.471386,0.156319,2.9742,0.399474,97.7393
0.86,2.97267,0.404034,97.74,2.9742,0.399474,97.7393,0.471385,0.156326,2.97356,0.404145,97.8289
0.87,2.97203,0.408703,97.83,2.97356,0.404145,97.8289,0.471384,0.156334,2.97292,0.408815,97.9185
0.88,2.97138,0.413371,97.92,2.97292,0.408815,97.9185,0.471384,0.156341,2.97227,0.413484,98.008
0.89,2.97073,0.418038,98.01,2.97227,0.413484,98.008,0.471383,0.156348,2.97161,0.418152,98.0976
0.9,2.97007,0.422704,98.1,2.97161,0.418152,98.0976,0.471383,0.156355,2.97095,0.422818,98.1872
0.91,2.9694,0.427369,98.19,2.97095,0.422818,98.1872,0.471382,0.156362,2.97028,0.427484,98.2768
0.92,2.96873,0.432032,98.28,2.97028,0.427484,98.2768,0.471381,0.156369,2.9696,0.432149,98.3664
0.93,2.96805,0.436695,98.37,2.9696,0.432149,98.3664,0.471381,0.156376,2.96891,0.436813,98.456
0.94,2.96736,0.441357,98.46,2.96891,0.436813,98.456,0.47138,0.156383,2.96822,0.441475,98.5456
0.95,2.96666,0.446017,98.55,2.96822,0.441475,98.5456,0.47138,0.15639,2.96752,0.446137,98.6352
0.96,2.96596,0.450677,98.64,2.96752,0.446137,98.6352,0.471379,0.156396,2.96681,0.450797,98.7248
0.97,2.96524,0.455335,98.73,2.96681,0.450797,98.7248,0.471379,0.156403,2.9661,0.455456,98.8144
0.98,2.96452,0.459992,98.82,2.9661,0.455456,98.8144,0.471378,0.15641,2.96537,0.460114,98.904
0.99,2.9638,0.464648,98.91,2.96537,0.460114,98.904,0.471377,0.156416,2.96465,0.464771,98.9936
1,2.96307,0.469303,99,2.96465,0.464771,98.9936,0.471377,0.156423,2.96391,0.469427,99.0833
1.01,2.96232,0.473957,99.09,2.96391,0.469427,99.0833,0.471376,0.156429,2.96316,0.474082,99.1729
1.02,2.96158,0.47861,99.18,2.96316,0.474082,99.1729,0.471376,0.156435,2.96241,0.478735,99.2625
1.03,2.96082,0.483261,99.27,2.96241,0.478735,99.2625,0.471375,0.156441,2.96165,0.483388,99.3522
1.04,2.96006,0.487911,99.36,2.96165,0.483388,99.3522,0.471375,0.156448,2.96089,0.488039,99.4418
1.05,2.95929,0.492561,99.45,2.96089,0.488039,99.4418,0.471374,0.156454,2.96011,0.492688,99.5314
1.06,2.95851,0.497208,99.54,2.96011,0.492688,99.5314,0.471374,0.15646,2.95933,0.497337,99.6211
1.07,2.95773,0.501855,99.63,2.95933,0.497337,99.6211,0.471373,0.156466,2.95855,0.501985,99.7107
1.08,2.95693,0.5065,99.72,2.95855,0.501985,99.7107,0.471373,0.156472,2.95775,0.506631,99.8004
1.09,2.95613,0.511144,99.81,2.95775,0.506631,99.8004,0.471372,0.156478,2.95695,0.511276,99.89
1.1,2.95533,0.515787,99.9,2.95695,0.511276,99.89,0.471372,0.156484,2.95614,0.515919,99.9797
1.11,2.95451,0.520429,99.99,2.95614,0.515919,99.9797,0.471371,0.156489,2.95532,0.520562,100.069
1.12,2.95369,0.525069,100.08,2.95532,0.520562,100.069,0.471371,0.156495,2.9545,0.525203,100.159
1.13,2.95286,0.529708,100.17,2.9545,0.525203,100.159,0.47137,0.156501,2.95367,0.529843,100.249
1.14,2.95203,0.534346,100.26,2.95367,0.529843,100.249,0.47137,0.156506,2.95283,0.534481,100.338
1.15,2.95119,0.538982,100.35,2.95283,0.534481,100.338,0.471369,0.156512,2.95198,0.539118,100.428
1.16,2.95034,0.543617,100.44,2.95198,0.539118,100.428,0.471369,0.156518,2.95113,0.543754,100.518
1.17,2.94948,0.548251,100.53,2.95113,0.543754,100.518,0.471368,0.156523,2.95027,0.548389,100.607
1.18,2.94861,0.552883,100.62,2.95027,0.548389,100.607,0.471368,0.156528,2.9494,0.553022,100.697
1.19,2.94774,0.557514,100.71,2.9494,0.553022,100.697,0.471368,0.156534,2.94853,0.557654,100.787
1.2,2.94686,0.562144,100.8,2.94853,0.557654,100.787,0.471367,0.156539,2.94764,0.562284,100.876
1.21,2.94598,0.566772,100.89,2.94764,0.562284,100.876,0.471367,0.156544,2.94675,0.566913,100.966
1.22,2.94508,0.571399,100.98,2.94675,0.566913,100.966,0.471366,0.156549,2.94586,0.571541,101.056
1.23,2.94418,0.576024,101.07,2.94586,0.571541,101.056,0.471366,0.156555,2.94495,0.576167,101.146
1.24,2.94327,0.580648,101.16,2.94495,0.576167,101.146,0.471365,0.15656,2.94404,0.580791,101.235
1.25,2.94236,0.585271,101.25,2.94404,0.580791,101.235,0.471365,0.156565,2.94312,0.585415,101.325
1.26,2.94143,0.589892,101.34,2.94312,0.585415,101.325,0.471365,0.15657,2.9422,0.590037,101.415
1.27,2.9405,0.594512,101.43,2.9422,0.590037,101.415,0.471364,0.156575,2.94127,0.594657,101.504
1.28,2.93957,0.59913,101.52,2.94127,0.594657,101.504,0.471364,0.15658,2.94033,0.599276,101.594
1.29,2.93862,0.603747,101.61,2.94033,0.599276,101.594,0.471363,0.156584,2.93938,0.603893,101.684
1.3,2.93767,0.608362,101.7,2.93938,0.603893,101.684,0.471363,0.156589,2.93842,0.608509,101.774
1.31,2.93671,0.612976,101.79,2.93842,0.608509,101.774,0.471363,0.156594,2.93746,0.613124,101.863
1.32,2.93574,0.617588,101.88,2.93746,0.613124,101.863,0.471362,0.156599,2.93649,0.617737,101.953
1.33,2.93477,0.622199,101.97,2.93649,0.617737,101.953,0.471362,0.156603,2.93552,0.622348,102.043
1.34,2.93379,0.626808,102.06,2.93552,0.622348,102.043,0.471361,0.156608,2.93453,0.626958,102.132
1.35,2.9328,0.631415,102.15,2.93453,0.626958,102.132,0.471361,0.156613,2.93354,0.631566,102.222
1.36,2.9318,0.636021,102.24,2.93354,0.631566,102.222,0.471361,0.156617,2.93254,0.636173,102.312
1.37,2.9308,0.640626,102.33,2.93254,0.636173,102.312,0.47136,0.156622,2.93154,0.640778,102.402
1.38,2.92979,0.645229,102.42,2.93154,0.640778,102.402,0.47136,0.156626,2.93053,0.645382,102.491
1.39,2.92877,0.64983,102.51,2.93053,0.645382,102.491,0.471359,0.156631,2.92951,0.649984,102.581
1.4,2.92775,0.65443,102.6,2.92951,0.649984,102.581,0.471359,0.156635,2.92848,0.654584,102.671
1.41,2.92672,0.659028,102.69,2.92848,0.654584,102.671,0.471359,0.156639,2.92745,0.659183,102.761
1.42,2.92568,0.663624,102.78,2.92745,0.659183,102.761,0.471358,0.156643,2.92641,0.66378,102.85
1.43,2.92463,0.668219,102.87,2.92641,0.66378,102.85,0.471358,0.156648,2.92536,0.668376,102.94
1.44,2.92358,0.672812,102.96,2.92536,0.668376,102.94,0.471358,0.156652,2.9243,0.67297,103.03
1.45,2.92252,0.677404,103.05,2.9243,0.67297,103.03,0.471357,0.156656,2.92324,0.677562,103.12
1.46,2.92145,0.681994,103.14,2.92324,0.677562,103.12,0.471357,0.15666,2.92217,0.682153,103.209
1.47,2.92038,0.686582,103.23,2.92217,0.682153,103.209,0.471357,0.156664,2.92109,0.686741,103.299
1.48,2.9193,0.691168,103.32,2.92109,0.686741,103.299,0.471356,0.156668,2.92001,0.691329,103.389
1.49,2.91821,0.695753,103.41,2.92001,0.691329,103.389,0.471356,0.156672,2.91892,0.695914,103.479
1.5,2.91711,0.700336,103.5,2.91892,0.695914,103.479,0.471356,0.156676,2.91782,0.700498,103.568
1.51,2.91601,0.704917,103.59,2.91782,0.700498,103.568,0.471355,0.15668,2.91671,0.70508,103.658
1.52,2.9149,0.709497,103.68,2.91671,0.70508,103.658,0.471355,0.156684,2.9156,0.70966,103.748
1.53,2.91378,0.714075,103.77,2.9156,0.70966,103.748,0.471355,0.156688,2.91448,0.714238,103.838
1.54,2.91265,0.718651,103.86,2.91448,0.714238,103.838,0.471354,0.156692,2.91335,0.718815,103.928
1.55,2.91152,0.723225,103.95,2.91335,0.718815,103.928,0.471354,0.156695,2.91222,0.72339,104.017
1.56,2.91038,0.727798,104.04,2.91222,0.72339,104.017,0.471354,0.156699,2.91108,0.727963,104.107
1.57,2.90923,0.732368,104.13,2.91108,0.727963,104.107,0.471353,0.156703,2.90993,0.732535,104.197
1.58,2.90808,0.736937,104.22,2.90993,0.732535,104.197,0.471353,0.156707,2.90877,0.737104,104.287
1.59,2.90692,0.741504,104.31,2.90877,0.737104,104.287,0.471353,0.15671,2.90761,0.741672,104.376
1.6,2.90575,0.74607,104.4,2.90761,0.741672,104.376,0.471352,0.156714,2.90644,0.746238,104.466
1.61,2.90457,0.750633,104.49,2.90644,0.746238,104.466,0.471352,0.156717,2.90526,0.750802,104.556
1.62,2.90339,0.755195,104.58,2.90526,0.750802,104.556,0.471352,0.156721,2.90408,0.755364,104.646
1.63,2.9022,0.759754,104.67,2.90408,0.755364,104.646,0.471352,0.156724,2.90288,0.759925,104.736
1.64,2.901,0.764312,104.76,2.90288,0.759925,104.736,0.471351,0.156728,2.90168,0.764483,104.825
1.65,2.8998,0.768868,104.85,2.90168,0.764483,104.825,0.471351,0.156731,2.90048,0.76904,104.915
1.66,2.89859,0.773422,104.94,2.90048,0.76904,104.915,0.471351,0.156735,2.89927,0.773594,105.005
1.67,2.89737,0.777974,105.03,2.89927,0.773594,105.005,0.47135,0.156738,2.89804,0.778147,105.095
1.68,2.89614,0.782525,105.12,2.89804,0.778147,105.095,0.47135,0.156741,2.89682,0.782698,105.185
1.69,2.89491,0.787073,105.21,2.89682,0.782698,105.185,0.47135,0.156745,2.89558,0.787247,105.274
1.7,2.89367,0.791619,105.3,2.89558,0.787247,105.274,0.47135,0.156748,2.89434,0.791794,105.364
1.71,2.89243,0.796164,105.39,2.89434,0.791794,105.364,0.471349,0.156751,2.89309,0.796339,105.454
1.72,2.89117,0.800706,105.48,2.89309,0.796339,105.454,0.471349,0.156754,2.89184,0.800882,105.544
1.73,2.88991,0.805246,105.57,2.89184,0.800882,105.544,0.471349,0.156757,2.89057,0.805423,105.634
1.74,2.88864,0.809785,105.66,2.89057,0.805423,105.634,0.471349,0.15676,2.8893,0.809962,105.724
1.75,2.88737,0.814321,105.75,2.8893,0.809962,105.724,0.471348,0.156764,2.88803,0.814499,105.813
1.76,2.88608,0.818856,105.84,2.88803,0.814499,105.813,0.471348,0.156767,2.88674,0.819035,105.903
1.77,2.88479,0.823388,105.93,2.88674,0.819035,105.903,0.471348,0.15677,2.88545,0.823568,105.993
1.78,2.8835,0.827919,106.02,2.88545,0.823568,105.993,0.471348,0.156773,2.88415,0.828099,106.083
1.79,2.88219,0.832447,106.11,2.88415,0.828099,106.083,0.471347,0.156776,2.88285,0.832628,106.173
1.8,2.88088,0.836973,106.2,2.88285,0.832628,106.173,0.471347,0.156779,2.88153,0.837155,106.262
1.81,2.87956,0.841498,106.29,2.88153,0.837155,106.262,0.471347,0.156782,2.88021,0.841679,106.352
1.82,2.87824,0.84602,106.38,2.88021,0.841679,106.352,0.471347,0.156784,2.87889,0.846202,106.442
1.83,2.8769,0.85054,106.47,2.87889,0.846202,106.442,0.471346,0.156787,2.87755,0.850723,106.532
1.84,2.87557,0.855058,106.56,2.87755,0.850723,106.532,0.471346,0.15679,2.87621,0.855242,106.622
1.85,2.87422,0.859574,106.65,2.87621,0.855242,106.622,0.471346,0.156793,2.87486,0.859758,106.712
1.86,2.87286,0.864087,106.74,2.87486,0.859758,106.712,0.471346,0.156796,2.87351,0.864272,106.801
1.87,2.8715,0.868599,106.83,2.87351,0.864272,106.801,0.471345,0.156799,2.87214,0.868785,106.891
1.88,2.87014,0.873109,106.92,2.87214,0.868785,106.891,0.471345,0.156801,2.87077,0.873295,106.981
1.89,2.86876,0.877616,107.01,2.87077,0.873295,106.981,0.471345,0.156804,2.8694,0.877803,107.071
1.9,2.86738,0.882121,107.1,2.8694,0.877803,107.071,0.471345,0.156807,2.86801,0.882309,107.161
1.91,2.86599,0.886624,107.19,2.86801,0.882309,107.161,0.471344,0.156809,2.86662,0.886812,107.251
1.92,2.86459,0.891125,107.28,2.86662,0.886812,107.251,0.471344,0.156812,2.86523,0.891314,107.341
1.93,2.86319,0.895623,107.37,2.86523,0.891314,107.341,0.471344,0.156815,2.86382,0.895813,107.43
1.94,2.86178,0.90012,107.46,2.86382,0.895813,107.43,0.471344,0.156817,2.86241,0.90031,107.52
1.95,2.86036,0.904614,107.55,2.86241,0.90031,107.52,0.471344,0.15682,2.86099,0.904805,107.61
1.96,2.85894,0.909106,107.64,2.86099,0.904805,107.61,0.471343,0.156822,2.85956,0.909297,107.7
1.97,2.85751,0.913595,107.73,2.85956,0.909297,107.7,0.471343,0.156825,2.85813,0.913787,107.79
1.98,2.85607,0.918083,107.82,2.85813,0.913787,107.79,0.471343,0.156827,2.85669,0.918275,107.88
1.99,2.85462,0.922568,107.91,2.85669,0.918275,107.88,0.471343,0.15683,2.85524,0.922761,107.969
2,2.85317,0.927051,108,2.85524,0.922761,107.969,0.471343,0.156832,2.85379,0.927245,108.059
2.01,2.85171,0.931532,108.09,2.85379,0.927245,108.059,0.471342,0.156834,2.85233,0.931726,108.149
2.02,2.85024,0.93601,108.18,2.85233,0.931726,108.149,0.471342,0.156837,2.85086,0.936205,108.239
2.03,2.84877,0.940486,108.27,2.85086,0.936205,108.239,0.471342,0.156839,2.84938,0.940682,108.329
2.04,2.84729,0.94496,108.36,2.84938,0.940682,108.329,0.471342,0.156842,2.8479,0.945156,108.419
2.05,2.8458,0.949431,108.45,2.8479,0.945156,108.419,0.471342,0.156844,2.84641,0.949628,108.509
2.06,2.84431,0.9539,108.54,2.84641,0.949628,108.509,0.471341,0.156846,2.84492,0.954097,108.599
2.07,2.8428,0.958367,108.63,2.84492,0.954097,108.599,0.471341,0.156848,2.84341,0.958565,108.688
2.08,2.84129,0.962831,108.72,2.84341,0.958565,108.688,0.471341,0.156851,2.8419,0.96303,108.778
2.09,2.83978,0.967293,108.81,2.8419,0.96303,108.778,0.471341,0.156853,2.84039,0.967492,108.868
2.1,2.83826,0.971752,108.9,2.84039,0.967492,108.868,0.471341,0.156855,2.83886,0.971952,108.958
2.11,2.83673,0.976209,108.99,2.83886,0.971952,108.958,0.47134,0.156857,2.83733,0.97641,109.048
2.12,2.83519,0.980664,109.08,2.83733,0.97641,109.048,0.47134,0.156859,2.83579,0.980865,109.138
2.13,2.83365,0.985116,109.17,2.83579,0.980865,109.138,0.47134,0.156862,2.83425,0.985318,109.228
2.14,2.83209,0.989566,109.26,2.83425,0.985318,109.228,0.47134,0.156864,2.8327,0.989769,109.317
2.15,2.83054,0.994014,109.35,2.8327,0.989769,109.317,0.47134,0.156866,2.83114,0.994217,109.407
2.16,2.82897,0.998459,109.44,2.83114,0.994217,109.407,0.47134,0.156868,2.82957,0.998662,109.497
2.17,2.8274,1.0029,109.53,2.82957,0.998662,109.497,0.471339,0.15687,2.828,1.00311,109.587
2.18,2.82582,1.00734,109.62,2.828,1.00311,109.587,0.471339,0.156872,2.82642,1.00755,109.677
2.19,2.82424,1.01178,109.71,2.82642,1.00755,109.677,0.471339,0.156874,2.82483,1.01198,109.767
2.2,2.82264,1.01621,109.8,2.82483,1.01198,109.767,0.471339,0.156876,2.82324,1.01642,109.857
2.21,2.82104,1.02065,109.89,2.82324,1.01642,109.857,0.471339,0.156878,2.82163,1.02085,109.947
2.22,2.81944,1.02508,109.98,2.82163,1.02085,109.947,0.471338,0.15688,2.82003,1.02528,110.037
2.23,2.81782,1.0295,110.07,2.82003,1.02528,110.037,0.471338,0.156882,2.81841,1.02971,110.126
2.24,2.8162,1.03393,110.16,2.81841,1.02971,110.126,0.471338,0.156884,2.81679,1.03414,110.216
2.25,2.81457,1.03835,110.25,2.81679,1.03414,110.216,0.471338,0.156886,2.81516,1.03856,110.306
2.26,2.81294,1.04277,110.34,2.81516,1.03856,110.306,0.471338,0.156888,2.81353,1.04298,110.396
2.27,2.8113,1.04719,110.43,2.81353,1.04298,110.396,0.471338,0.156889,2.81188,1.0474,110.486
2.28,2.80965,1.0516,110.52,2.81188,1.0474,110.486,0.471338,0.156891,2.81023,1.05181,110.576
2.29,2.80799,1.05602,110.61,2.81023,1.05181,110.576,0.471337,0.156893,2.80858,1.05623,110.666
2.3,2.80633,1.06042,110.7,2.80858,1.05623,110.666,0.471337,0.156895,2.80691,1.06064,110.756
2.31,2.80466,1.06483,110.79,2.80691,1.06064,110.756,0.471337,0.156897,2.80524,1.06504,110.846
2.32,2.80299,1.06924,110.88,2.80524,1.06504,110.846,0.471337,0.156898,2.80357,1.06945,110.935
2.33,2.8013,1.07364,110.97,2.80357,1.06945,110.935,0.471337,0.1569,2.80188,1.07385,111.025
2.34,2.79961,1.07804,111.06,2.80188,1.07385,111.025,0.471337,0.156902,2.80019,1.07825,111.115
2.35,2.79792,1.08243,111.15,2.80019,1.07825,111.115,0.471336,0.156904,2.79849,1.08265,111.205
2.36,2.79621,1.08683,111.24,2.79849,1.08265,111.205,0.471336,0.156905,2.79679,1.08704,111.295
2.37,2.7945,1.09122,111.33,2.79679,1.08704,111.295,0.471336,0.156907,2.79508,1.09143,111.385
2.38,2.79279,1.09561,111.42,2.79508,1.09143,111.385,0.471336,0.156909,2.79336,1.09582,111.475
2.39,2.79106,1.09999,111.51,2.79336,1.09582,111.475,0.471336,0.15691,2.79163,1.10021,111.565
2.4,2.78933,1.10437,111.6,2.79163,1.10021,111.565,0.471336,0.156912,2.7899,1.10459,111.655
2.41,2.78759,1.10875,111.69,2.7899,1.10459,111.655,0.471336,0.156914,2.78816,1.10897,111.745
2.42,2.78585,1.11313,111.78,2.78816,1.10897,111.745,0.471335,0.156915,2.78641,1.11335,111.834
2.43,2.78409,1.11751,111.87,2.78641,1.11335,111.834,0.471335,0.156917,2.78466,1.11773,111.924
2.44,2.78234,1.12188,111.96,2.78466,1.11773,111.924,0.471335,0.156919,2.7829,1.1221,112.014
2.45,2.78057,1.12625,112.05,2.7829,1.1221,112.014,0.471335,0.15692,2.78113,1.12647,112.104
2.46,2.7788,1.13061,112.14,2.78113,1.12647,112.104,0.471335,0.156922,2.77936,1.13083,112.194
2.47,2.77702,1.13498,112.23,2.77936,1.13083,112.194,0.471335,0.156923,2.77758,1.1352,112.284
2.48,2.77523,1.13934,112.32,2.77758,1.1352,112.284,0.471335,0.156925,2.77579,1.13956,112.374
2.49,2.77344,1.1437,112.41,2.77579,1.13956,112.374,0.471335,0.156926,2.774,1.14392,112.464
2.5,2.77164,1.14805,112.5,2.774,1.14392,112.464,0.471334,0.156928,2.7722,1.14827,112.554
2.51,2.76983,1.1524,112.59,2.7722,1.14827,112.554,0.471334,0.156929,2.77039,1.15263,112.644
2.52,2.76802,1.15675,112.68,2.77039,1.15263,112.644,0.471334,0.156931,2.76858,1.15698,112.734
2.53,2.7662,1.1611,112.77,2.76858,1.15698,112.734,0.471334,0.156932,2.76675,1.16132,112.824
2.54,2.76437,1.16544,112.86,2.76675,1.16132,112.824,0.471334,0.156934,2.76493,1.16567,112.913
2.55,2.76254,1.16978,112.95,2.76493,1.16567,112.913,0.471334,0.156935,2.76309,1.17001,113.003
2.56,2.7607,1.17412,113.04,2.76309,1.17001,113.003,0.471334,0.156936,2.76125,1.17435,113.093
2.57,2.75885,1.17846,113.13,2.76125,1.17435,113.093,0.471334,0.156938,2.7594,1.17868,113.183
2.58,2.75699,1.18279,113.22,2.7594,1.17868,113.183,0.471333,0.156939,2.75754,1.18302,113.273
2.59,2.75513,1.18712,113.31,2.75754,1.18302,113.273,0.471333,0.15694,2.75568,1.18735,113.363
2.6,2.75326,1.19144,113.4,2.75568,1.18735,113.363,0.471333,0.156942,2.75381,1.19167,113.453
2.61,2.75139,1.19577,113.49,2.75381,1.19167,113.453,0.471333,0.156943,2.75194,1.196,113.543
2.62,2.74951,1.20009,113.58,2.75194,1.196,113.543,0.471333,0.156944,2.75005,1.20032,113.633
2.63,2.74762,1.2044,113.67,2.75005,1.20032,113.633,0.471333,0.156946,2.74816,1.20464,113.723
2.64,2.74572,1.20872,113.76,2.74816,1.20464,113.723,0.471333,0.156947,2.74627,1.20895,113.813
2.65,2.74382,1.21303,113.85,2.74627,1.20895,113.813,0.471333,0.156948,2.74437,1.21326,113.903
2.66,2.74191,1.21734,113.94,2.74437,1.21326,113.903,0.471333,0.15695,2.74246,1.21757,113.992
2.67,2.74,1.22164,114.03,2.74246,1.21757,113.992,0.471332,0.156951,2.74054,1.22188,114.082
2.68,2.73807,1.22595,114.12,2.74054,1.22188,114.082,0.471332,0.156952,2.73862,1.22618,114.172
2.69,2.73615,1.23025,114.21,2.73862,1.22618,114.172,0.471332,0.156953,2.73669,1.23048,114.262
2.7,2.73421,1.23454,114.3,2.73669,1.23048,114.262,0.471332,0.156955,2.73475,1.23478,114.352
2.71,2.73227,1.23884,114.39,2.73475,1.23478,114.352,0.471332,0.156956,2.73281,1.23907,114.442
2.72,2.73032,1.24313,114.48,2.73281,1.23907,114.442,0.471332,0.156957,2.73086,1.24336,114.532
2.73,2.72836,1.24741,114.57,2.73086,1.24336,114.532,0.471332,0.156958,2.7289,1.24765,114.622
2.74,2.7264,1.2517,114.66,2.7289,1.24765,114.622,0.471332,0.156959,2.72693,1.25194,114.712
2.75,2.72443,1.25598,114.75,2.72693,1.25194,114.712,0.471332,0.156961,2.72496,1.25622,114.802
2.76,2.72245,1.26026,114.84,2.72496,1.25622,114.802,0.471332,0.156962,2.72299,1.2605,114.892
2.77,2.72047,1.26453,114.93,2.72299,1.2605,114.892,0.471331,0.156963,2.721,1.26477,114.982
2.78,2.71848,1.2688,115.02,2.721,1.26477,114.982,0.471331,0.156964,2.71901,1.26905,115.072
2.79,2.71648,1.27307,115.11,2.71901,1.26905,115.072,0.471331,0.156965,2.71702,1.27331,115.162
2.8,2.71448,1.27734,115.2,2.71702,1.27331,115.162,0.471331,0.156966,2.71501,1.27758,115.252
2.81,2.71247,1.2816,115.29,2.71501,1.27758,115.252,0.471331,0.156967,2.713,1.28184,115.341
2.82,2.71045,1.28586,115.38,2.713,1.28184,115.341,0.471331,0.156968,2.71098,1.2861,115.431
2.83,2.70843,1.29012,115.47,2.71098,1.2861,115.431,0.471331,0.15697,2.70896,1.29036,115.521
2.84,2.7064,1.29437,115.56,2.70896,1.29036,115.521,0.471331,0.156971,2.70693,1.29461,115.611
2.85,2.70437,1.29862,115.65,2.70693,1.29461,115.611,0.471331,0.156972,2.70489,1.29886,115.701
2.86,2.70232,1.30286,115.74,2.70489,1.29886,115.701,0.471331,0.156973,2.70285,1.30311,115.791
2.87,2.70027,1.30711,115.83,2.70285,1.30311,115.791,0.471331,0.156974,2.7008,1.30735,115.881
2.88,2.69822,1.31135,115.92,2.7008,1.30735,115.881,0.47133,0.156975,2.69874,1.31159,115.971
2.89,2.69615,1.31558,116.01,2.69874,1.31159,115.971,0.47133,0.156976,2.69668,1.31583,116.061
2.9,2.69408,1.31982,116.1,2.69668,1.31583,116.061,0.47133,0.156977,2.6946,1.32007,116.151
2.91,2.69201,1.32405,116.19,2.6946,1.32007,116.151,0.47133,0.156978,2.69253,1.3243,116.241
2.92,2.68992,1.32827,116.28,2.69253,1.3243,116.241,0.47133,0.156979,2.69044,1.32852,116.331
2.93,2.68783,1.3325,116.37,2.69044,1.32852,116.331,0.47133,0.15698,2.68835,1.33275,116.421
2.94,2.68574,1.33672,116.46,2.68835,1.33275,116.421,0.47133,0.156981,2.68626,1.33697,116.511
2.95,2.68363,1.34094,116.55,2.68626,1.33697,116.511,0.47133,0.156982,2.68415,1.34119,116.601
2.96,2.68152,1.34515,116.64,2.68415,1.34119,116.601,0.47133,0.156983,2.68204,1.3454,116.691
2.97,2.67941,1.34936,116.73,2.68204,1.3454,116.691,0.47133,0.156984,2.67992,1.34961,116.78
2.98,2.67729,1.35357,116.82,2.67992,1.34961,116.78,0.47133,0.156985,2.6778,1.35382,116.87
2.99,2.67516,1.35777,116.91,2.6778,1.35382,116.87,0.47133,0.156985,2.67567,1.35803,116.96
3,2.67302,1.36197,117,2.67567,1.35803,116.96,0.47133,0.156986,2.67353,1.36223,117.05
3.01,2.67088,1.36617,117.09,2.67353,1.36223,117.05,0.471329,0.156987,2.67139,1.36642,117.14
3.02,2.66873,1.37036,117.18,2.67139,1.36642,117.14,0.471329,0.156988,2.66924,1.37062,117.23
3.03,2.66657,1.37455,117.27,2.66924,1.37062,117.23,0.471329,0.156989,2.66708,1.37481,117.32
3.04,2.66441,1.37874,117.36,2.66708,1.37481,117.32,0.471329,0.15699,2.66492,1.379,117.41
3.05,2.66224,1.38292,117.45,2.66492,1.379,117.41,0.471329,0.156991,2.66275,1.38318,117.5
3.06,2.66006,1.3871,117.54,2.66275,1.38318,117.5,0.471329,0.156992,2.66057,1.38736,117.59
3.07,2.65788,1.39128,117.63,2.66057,1.38736,117.59,0.471329,0.156993,2.65839,1.39154,117.68
3.08,2.65569,1.39545,117.72,2.65839,1.39154,117.68,0.471329,0.156993,2.6562,1.39571,117.77
3.09,2.6535,1.39962,117.81,2.6562,1.39571,117.77,0.471329,0.156994,2.65401,1.39988,117.86
3.1,2.6513,1.40379,117.9,2.65401,1.39988,117.86,0.471329,0.156995,2.6518,1.40405,117.95
3.11,2.64909,1.40795,117.99,2.6518,1.40405,117.95,0.471329,0.156996,2.64959,1.40821,118.04
3.12,2.64687,1.41211,118.08,2.64959,1.40821,118.04,0.471329,0.156997,2.64738,1.41237,118.13
3.13,2.64465,1.41627,118.17,2.64738,1.41237,118.13,0.471329,0.156998,2.64516,1.41653,118.22
3.14,2.64242,1.42042,118.26,2.64516,1.41653,118.22,0.471328,0.156998,2.64293,1.42068,118.31
3.15,2.64019,1.42457,118.35,2.64293,1.42068,118.31,0.471328,0.156999,2.64069,1.42483,118.4
3.16,2.63795,1.42871,118.44,2.64069,1.42483,118.4,0.471328,0.157,2.63845,1.42898,118.49
3.17,2.6357,1.43286,118.53,2.63845,1.42898,118.49,0.471328,0.157001,2.6362,1.43312,118.58
3.18,2.63345,1.43699,118.62,2.6362,1.43312,118.58,0.471328,0.157001,2.63395,1.43726,118.669
3.19,2.63119,1.44113,118.71,2.63395,1.43726,118.669,0.471328,0.157002,2.63169,1.4414,118.759
3.2,2.62892,1.44526,118.8,2.63169,1.4414,118.759,0.471328,0.157003,2.62942,1.44553,118.849
3.21,2.62665,1.44939,118.89,2.62942,1.44553,118.849,0.471328,0.157004,2.62714,1.44966,118.939
3.22,2.62437,1.45351,118.98,2.62714,1.44966,118.939,0.471328,0.157004,2.62486,1.45378,119.029
3.23,2.62208,1.45763,119.07,2.62486,1.45378,119.029,0.471328,0.157005,2.62258,1.4579,119.119
3.24,2.61979,1.46175,119.16,2.62258,1.4579,119.119,0.471328,0.157006,2.62028,1.46202,119.209
3.25,2.61749,1.46586,119.25,2.62028,1.46202,119.209,0.471328,0.157007,2.61798,1.46613,119.299
3.26,2.61518,1.46997,119.34,2.61798,1.46613,119.299,0.471328,0.157007,2.61568,1.47024,119.389
3.27,2.61287,1.47408,119.43,2.61568,1.47024,119.389,0.471328,0.157008,2.61336,1.47435,119.479
3.28,2.61055,1.47818,119.52,2.61336,1.47435,119.479,0.471328,0.157009,2.61104,1.47845,119.569
3.29,2.60823,1.48228,119.61,2.61104,1.47845,119.569,0.471328,0.157009,2.60872,1.48255,119.659
3.3,2.60589,1.48638,119.7,2.60872,1.48255,119.659,0.471328,0.15701,2.60639,1.48665,119.749
3.31,2.60356,1.49047,119.79,2.60639,1.48665,119.749,0.471327,0.157011,2.60405,1.49074,119.839
3.32,2.60121,1.49456,119.88,2.60405,1.49074,119.839,0.471327,0.157011,2.6017,1.49483,119.929
3.33,2.59886,1.49864,119.97,2.6017,1.49483,119.929,0.471327,0.157012,2.59935,1.49891,120.019
3.34,2.5965,1.50272,120.06,2.59935,1.49891,120.019,0.471327,0.157013,2.59699,1.503,120.109
3.35,2.59414,1.5068,120.15,2.59699,1.503,120.109,0.471327,0.157013,2.59463,1.50707,120.199
3.36,2.59177,1.51087,120.24,2.59463,1.50707,120.199,0.471327,0.157014,2.59226,1.51115,120.289
3.37,2.58939,1.51494,120.33,2.59226,1.51115,120.289,0.471327,0.157015,2.58988,1.51522,120.379
3.38,2.58701,1.519,120.42,2.58988,1.51522,120.379,0.471327,0.157015,2.5875,1.51928,120.469
3.39,2.58462,1.52307,120.51,2.5875,1.51928,120.469,0.471327,0.157016,2.58511,1.52334,120.559
3.4,2.58223,1.52712,120.6,2.58511,1.52334,120.559,0.471327,0.157017,2.58271,1.5274,120.649
3.41,2.57982,1.53118,120.69,2.58271,1.5274,120.649,0.471327,0.157017,2.58031,1.53146,120.739
3.42,2.57742,1.53523,120.78,2.58031,1.53146,120.739,0.471327,0.157018,2.5779,1.53551,120.829
3.43,2.575,1.53928,120.87,2.5779,1.53551,120.829,0.471327,0.157018,2.57548,1.53956,120.918
3.44,2.57258,1.54332,120.96,2.57548,1.53956,120.918,0.471327,0.157019,2.57306,1.5436,121.008
3.45,2.57015,1.54736,121.05,2.57306,1.5436,121.008,0.471327,0.15702,2.57063,1.54764,121.098
3.46,2.56772,1.55139,121.14,2.57063,1.54764,121.098,0.471327,0.15702,2.5682,1.55168,121.188
3.47,2.56528,1.55542,121.23,2.5682,1.55168,121.188,0.471327,0.157021,2.56576,1.55571,121.278
3.48,2.56283,1.55945,121.32,2.56576,1.55571,121.278,0.471327,0.157021,2.56331,1.55974,121.368
3.49,2.56038,1.56348,121.41,2.56331,1.55974,121.368,0.471327,0.157022,2.56086,1.56376,121.458
3.5,2.55792,1.5675,121.5,2.56086,1.56376,121.458,0.471326,0.157022,2.5584,1.56778,121.548
3.51,2.55546,1.57151,121.59,2.5584,1.56778,121.548,0.471326,0.157023,2.55593,1.5718,121.638
3.52,2.55298,1.57552,121.68,2.55593,1.5718,121.638,0.471326,0.157024,2.55346,1.57581,121.728
3.53,2.55051,1.57953,121.77,2.55346,1.57581,121.728,0.471326,0.157024,2.55098,1.57982,121.818
3.54,2.54802,1.58354,121.86,2.55098,1.57982,121.818,0.471326,0.157025,2.5485,1.58382,121.908
3.55,2.54553,1.58754,121.95,2.5485,1.58382,121.908,0.471326,0.157025,2.546,1.58782,121.998
3.56,2.54303,1.59153,122.04,2.546,1.58782,121.998,0.471326,0.157026,2.54351,1.59182,122.088
3.57,2.54053,1.59553,122.13,2.54351,1.59182,122.088,0.471326,0.157026,2.541,1.59582,122.178
3.58,2.53802,1.59951,122.22,2.541,1.59582,122.178,0.471326,0.157027,2.53849,1.5998,122.268
3.59,2.53551,1.6035,122.31,2.53849,1.5998,122.268,0.471326,0.157027,2.53598,1.60379,122.358
3.6,2.53298,1.60748,122.4,2.53598,1.60379,122.358,0.471326,0.157028,2.53345,1.60777,122.448
3.61,2.53046,1.61146,122.49,2.53345,1.60777,122.448,0.471326,0.157028,2.53092,1.61175,122.538
3.62,2.52792,1.61543,122.58,2.53092,1.61175,122.538,0.471326,0.157029,2.52839,1.61572,122.628
3.63,2.52538,1.6194,122.67,2.52839,1.61572,122.628,0.471326,0.157029,2.52585,1.61969,122.718
3.64,2.52283,1.62336,122.76,2.52585,1.61969,122.718,0.471326,0.15703,2.5233,1.62366,122.808
3.65,2.52028,1.62732,122.85,2.5233,1.62366,122.808,0.471326,0.15703,2.52075,1.62762,122.898
3.66,2.51772,1.63128,122.94,2.52075,1.62762,122.898,0.471326,0.157031,2.51819,1.63158,122.988
3.67,2.51516,1.63523,123.03,2.51819,1.63158,122.988,0.471326,0.157031,2.51562,1.63553,123.078
3.68,2.51258,1.63918,123.12,2.51562,1.63553,123.078,0.471326,0.157032,2.51305,1.63948,123.168
3.69,2.51001,1.64313,123.21,2.51305,1.63948,123.168,0.471326,0.157032,2.51047,1.64342,123.258
3.7,2.50742,1.64707,123.3,2.51047,1.64342,123.258,0.471326,0.157033,2.50789,1.64737,123.348
3.71,2.50483,1.65101,123.39,2.50789,1.64737,123.348,0.471326,0.157033,2.50529,1.6513,123.438
3.72,2.50224,1.65494,123.48,2.50529,1.6513,123.438,0.471326,0.157033,2.5027,1.65524,123.528
3.73,2.49963,1.65887,123.57,2.5027,1.65524,123.528,0.471325,0.157034,2.50009,1.65916,123.618
3.74,2.49702,1.66279,123.66,2.50009,1.65916,123.618,0.471325,0.157034,2.49748,1.66309,123.708
3.75,2.49441,1.66671,123.75,2.49748,1.66309,123.708,0.471325,0.157035,2.49487,1.66701,123.798
3.76,2.49179,1.67063,123.84,2.49487,1.66701,123.798,0.471325,0.157035,2.49225,1.67093,123.887
3.77,2.48916,1.67454,123.93,2.49225,1.67093,123.887,0.471325,0.157036,2.48962,1.67484,123.977
3.78,2.48653,1.67845,124.02,2.48962,1.67484,123.977,0.471325,0.157036,2.48698,1.67875,124.067
3.79,2.48389,1.68235,124.11,2.48698,1.67875,124.067,0.471325,0.157037,2.48434,1.68265,124.157
3.8,2.48124,1.68625,124.2,2.48434,1.68265,124.157,0.471325,0.157037,2.4817,1.68655,124.247
3.81,2.47859,1.69015,124.29,2.4817,1.68655,124.247,0.471325,0.157037,2.47905,1.69045,124.337
3.82,2.47593,1.69404,124.38,2.47905,1.69045,124.337,0.471325,0.157038,2.47639,1.69434,124.427
3.83,2.47327,1.69792,124.47,2.47639,1.69434,124.427,0.471325,0.157038,2.47372,1.69823,124.517
3.84,2.4706,1.70181,124.56,2.47372,1.69823,124.517,0.471325,0.157039,2.47105,1.70211,124.607
3.85,2.46792,1.70569,124.65,2.47105,1.70211,124.607,0.471325,0.157039,2.46837,1.70599,124.697
3.86,2.46524,1.70956,124.74,2.46837,1.70599,124.697,0.471325,0.157039,2.46569,1.70987,124.787
3.87,2.46255,1.71343,124.83,2.46569,1.70987,124.787,0.471325,0.15704,2.463,1.71374,124.877
3.88,2.45986,1.7173,124.92,2.463,1.71374,124.877,0.471325,0.15704,2.46031,1.7176,124.967
3.89,2.45716,1.72116,125.01,2.46031,1.7176,124.967,0.471325,0.157041,2.45761,1.72147,125.057
3.9,2.45445,1.72502,125.1,2.45761,1.72147,125.057,0.471325,0.157041,2.4549,1.72532,125.147
3.91,2.45174,1.72887,125.19,2.4549,1.72532,125.147,0.471325,0.157041,2.45219,1.72918,125.237
3.92,2.44902,1.73272,125.28,2.45219,1.72918,125.237,0.471325,0.157042,2.44947,1.73303,125.327
3.93,2.44629,1.73656,125.37,2.44947,1.73303,125.327,0.471325,0.157042,2.44674,1.73687,125.417
3.94,2.44356,1.7404,125.46,2.44674,1.73687,125.417,0.471325,0.157042,2.44401,1.74071,125.507
3.95,2.44083,1.74424,125.55,2.44401,1.74071,125.507,0.471325,0.157043,2.44127,1.74455,125.597
3.96,2.43808,1.74807,125.64,2.44127,1.74455,125.597,0.471325,0.157043,2.43853,1.74838,125.687
3.97,2.43533,1.7519,125.73,2.43853,1.74838,125.687,0.471325,0.157043,2.43578,1.75221,125.777
3.98,2.43258,1.75572,125.82,2.43578,1.75221,125.777,0.471325,0.157044,2.43302,1.75604,125.867
3.99,2.42982,1.75954,125.91,2.43302,1.75604,125.867,0.471325,0.157044,2.43026,1.75986,125.957
4,2.42705,1.76336,126,2.43026,1.75986,125.957,0.471325,0.157045,2.42749,1.76367,126.047
4.01,2.42428,1.76717,126.09,2.42749,1.76367,126.047,0.471325,0.157045,2.42472,1.76748,126.137
4.02,2.4215,1.77097,126.18,2.42472,1.76748,126.137,0.471325,0.157045,2.42194,1.77129,126.227
4.03,2.41871,1.77477,126.27,2.42194,1.77129,126.227,0.471325,0.157046,2.41916,1.77509,126.317
4.04,2.41592,1.77857,126.36,2.41916,1.77509,126.317,0.471324,0.157046,2.41636,1.77889,126.407
4.05,2.41313,1.78236,126.45,2.41636,1.77889,126.407,0.471324,0.157046,2.41357,1.78268,126.497
4.06,2.41032,1.78615,126.54,2.41357,1.78268,126.497,0.471324,0.157047,2.41076,1.78647,126.587
4.07,2.40752,1.78994,126.63,2.41076,1.78647,126.587,0.471324,0.157047,2.40795,1.79025,126.677
4.08,2.4047,1.79371,126.72,2.40795,1.79025,126.677,0.471324,0.157047,2.40514,1.79403,126.767
4.09,2.40188,1.79749,126.81,2.40514,1.79403,126.767,0.471324,0.157047,2.40232,1.79781,126.857
4.1,2.39905,1.80126,126.9,2.40232,1.79781,126.857,0.471324,0.157048,2.39949,1.80158,126.947
4.11,2.39622,1.80503,126.99,2.39949,1.80158,126.947,0.471324,0.157048,2.39666,1.80535,127.037
4.12,2.39338,1.80879,127.08,2.39666,1.80535,127.037,0.471324,0.157048,2.39382,1.80911,127.127
4.13,2.39054,1.81255,127.17,2.39382,1.80911,127.127,0.471324,0.157049,2.39097,1.81287,127.217
4.14,2.38769,1.8163,127.26,2.39097,1.81287,127.217,0.471324,0.157049,2.38812,1.81662,127.307
4.15,2.38483,1.82005,127.35,2.38812,1.81662,127.307,0.471324,0.157049,2.38527,1.82037,127.397
4.16,2.38197,1.82379,127.44,2.38527,1.82037,127.397,0.471324,0.15705,2.3824,1.82412,127.487
4.17,2.3791,1.82753,127.53,2.3824,1.82412,127.487,0.471324,0.15705,2.37954,1.82786,127.577
4.18,2.37623,1.83127,127.62,2.37954,1.82786,127.577,0.471324,0.15705,2.37666,1.83159,127.667
4.19,2.37335,1.835,127.71,2.37666,1.83159,127.667,0.471324,0.15705,2.37378,1.83532,127.757
4.2,2.37047,1.83872,127.8,2.37378,1.83532,127.757,0.471324,0.157051,2.3709,1.83905,127.847
4.21,2.36757,1.84244,127.89,2.3709,1.83905,127.847,0.471324,0.157051,2.368,1.84277,127.937
4.22,2.36468,1.84616,127.98,2.368,1.84277,127.937,0.471324,0.157051,2.36511,1.84649,128.027
4.23,2.36177,1.84987,128.07,2.36511,1.84649,128.027,0.471324,0.157052,2.3622,1.8502,128.117
4.24,2.35887,1.85358,128.16,2.3622,1.8502,128.117,0.471324,0.157052,2.35929,1.85391,128.207
4.25,2.35595,1.85728,128.25,2.35929,1.85391,128.207,0.471324,0.157052,2.35638,1.85761,128.296
4.26,2.35303,1.86098,128.34,2.35638,1.85761,128.296,0.471324,0.157052,2.35346,1.86131,128.386
4.27,2.3501,1.86467,128.43,2.35346,1.86131,128.386,0.471324,0.157053,2.35053,1.86501,128.476
4.28,2.34717,1.86836,128.52,2.35053,1.86501,128.476,0.471324,0.157053,2.3476,1.8687,128.566
4.29,2.34423,1.87205,128.61,2.3476,1.8687,128.566,0.471324,0.157053,2.34466,1.87238,128.656
4.3,2.34129,1.87573,128.7,2.34466,1.87238,128.656,0.471324,0.157053,2.34172,1.87606,128.746
4.31,2.33834,1.8794,128.79,2.34172,1.87606,128.746,0.471324,0.157054,2.33877,1.87974,128.836
4.32,2.33539,1.88307,128.88,2.33877,1.87974,128.836,0.471324,0.157054,2.33581,1.88341,128.926
4.33,2.33243,1.88674,128.97,2.33581,1.88341,128.926,0.471324,0.157054,2.33285,1.88707,129.016
4.34,2.32946,1.8904,129.06,2.33285,1.88707,129.016,0.471324,0.157054,2.32988,1.89074,129.106
4.35,2.32649,1.89406,129.15,2.32988,1.89074,129.106,0.471324,0.157055,2.32691,1.89439,129.196
4.36,2.32351,1.89771,129.24,2.32691,1.89439,129.196,0.471324,0.157055,2.32393,1.89805,129.286
4.37,2.32053,1.90136,129.33,2.32393,1.89805,129.286,0.471324,0.157055,2.32095,1.9017,129.376
4.38,2.31754,1.905,129.42,2.32095,1.9017,129.376,0.471324,0.157055,2.31796,1.90534,129.466
4.39,2.31454,1.90864,129.51,2.31796,1.90534,129.466,0.471324,0.157056,2.31496,1.90898,129.556
4.4,2.31154,1.91227,129.6,2.31496,1.90898,129.556,0.471324,0.157056,2.31196,1.91261,129.646
4.41,2.30853,1.9159,129.69,2.31196,1.91261,129.646,0.471324,0.157056,2.30895,1.91624,129.736
4.42,2.30552,1.91952,129.78,2.30895,1.91624,129.736,0.471324,0.157056,2.30594,1.91986,129.826
4.43,2.3025,1.92314,129.87,2.30594,1.91986,129.826,0.471324,0.157057,2.30292,1.92348,129.916
4.44,2.29948,1.92676,129.96,2.30292,1.92348,129.916,0.471324,0.157057,2.2999,1.9271,130.006
4.45,2.29645,1.93037,130.05,2.2999,1.9271,130.006,0.471324,0.157057,2.29687,1.93071,130.096
4.46,2.29341,1.93397,130.14,2.29687,1.93071,130.096,0.471324,0.157057,2.29383,1.93431,130.186
4.47,2.29037,1.93757,130.23,2.29383,1.93431,130.186,0.471323,0.157057,2.29079,1.93792,130.276
4.48,2.28733,1.94117,130.32,2.29079,1.93792,130.276,0.471323,0.157058,2.28774,1.94151,130.366
4.49,2.28428,1.94476,130.41,2.28774,1.94151,130.366,0.471323,0.157058,2.28469,1.9451,130.456
4.5,2.28122,1.94834,130.5,2.28469,1.9451,130.456,0.471323,0.157058,2.28163,1.94869,130.546
4.51,2.27815,1.95193,130.59,2.28163,1.94869,130.546,0.471323,0.157058,2.27857,1.95227,130.636
4.52,2.27509,1.9555,130.68,2.27857,1.95227,130.636,0.471323,0.157059,2.2755,1.95585,130.726
4.53,2.27201,1.95907,130.77,2.2755,1.95585,130.726,0.471323,0.157059,2.27242,1.95942,130.816
4.54,2.26893,1.96264,130.86,2.27242,1.95942,130.816,0.471323,0.157059,2.26934,1.96299,130.906
4.55,2.26585,1.9662,130.95,2.26934,1.96299,130.906,0.471323,0.157059,2.26625,1.96655,130.996
4.56,2.26275,1.96976,131.04,2.26625,1.96655,130.996,0.471323,0.157059,2.26316,1.97011,131.086
4.57,2.25966,1.97331,131.13,2.26316,1.97011,131.086,0.471323,0.15706,2.26007,1.97366,131.176
4.58,2.25655,1.97686,131.22,2.26007,1.97366,131.176,0.471323,0.15706,2.25696,1.97721,131.266
4.59,2.25345,1.9804,131.31,2.25696,1.97721,131.266,0.471323,0.15706,2.25385,1.98075,131.356
4.6,2.25033,1.98394,131.4,2.25385,1.98075,131.356,0.471323,0.15706,2.25074,1.98429,131.446
4.61,2.24721,1.98747,131.49,2.25074,1.98429,131.446,0.471323,0.15706,2.24762,1.98782,131.536
4.62,2.24409,1.991,131.58,2.24762,1.98782,131.536,0.471323,0.15706,2.24449,1.99135,131.626
4.63,2.24096,1.99452,131.67,2.24449,1.99135,131.626,0.471323,0.157061,2.24136,1.99487,131.716
4.64,2.23782,1.99804,131.76,2.24136,1.99487,131.716,0.471323,0.157061,2.23823,1.99839,131.806
4.65,2.23468,2.00155,131.85,2.23823,1.99839,131.806,0.471323,0.157061,2.23509,2.0019,131.896
4.66,2.23154,2.00506,131.94,2.23509,2.0019,131.896,0.471323,0.157061,2.23194,2.00541,131.986
4.67,2.22838,2.00856,132.03,2.23194,2.00541,131.986,0.471323,0.157061,2.22879,2.00891,132.076
4.68,2.22523,2.01206,132.12,2.22879,2.00891,132.076,0.471323,0.157062,2.22563,2.01241,132.166
4.69,2.22206,2.01555,132.21,2.22563,2.01241,132.166,0.471323,0.157062,2.22246,2.01591,132.256
4.7,2.21889,2.01904,132.3,2.22246,2.01591,132.256,0.471323,0.157062,2.21929,2.01939,132.346
4.71,2.21572,2.02252,132.39,2.21929,2.01939,132.346,0.471323,0.157062,2.21612,2.02288,132.436
4.72,2.21254,2.026,132.48,2.21612,2.02288,132.436,0.471323,0.157062,2.21294,2.02636,132.526
4.73,2.20935,2.02947,132.57,2.21294,2.02636,132.526,0.471323,0.157062,2.20975,2.02983,132.616
4.74,2.20616,2.03294,132.66,2.20975,2.02983,132.616,0.471323,0.157063,2.20656,2.0333,132.706
4.75,2.20297,2.0364,132.75,2.20656,2.0333,132.706,0.471323,0.157063,2.20336,2.03676,132.796
4.76,2.19977,2.03986,132.84,2.20336,2.03676,132.796,0.471323,0.157063,2.20016,2.04022,132.886
4.77,2.19656,2.04331,132.93,2.20016,2.04022,132.886,0.471323,0.157063,2.19695,2.04367,132.976
4.78,2.19335,2.04676,133.02,2.19695,2.04367,132.976,0.471323,0.157063,2.19374,2.04712,133.066
4.79,2.19013,2.0502,133.11,2.19374,2.04712,133.066,0.471323,0.157063,2.19052,2.05056,133.156
4.8,2.18691,2.05364,133.2,2.19052,2.05056,133.156,0.471323,0.157064,2.1873,2.054,133.246
4.81,2.18368,2.05707,133.29,2.1873,2.054,133.246,0.471323,0.157064,2.18407,2.05744,133.336
4.82,2.18044,2.0605,133.38,2.18407,2.05744,133.336,0.471323,0.157064,2.18084,2.06086,133.426
4.83,2.1772,2.06392,133.47,2.18084,2.06086,133.426,0.471323,0.157064,2.1776,2.06429,133.516
4.84,2.17396,2.06734,133.56,2.1776,2.06429,133.516,0.471323,0.157064,2.17435,2.06771,133.606
4.85,2.17071,2.07075,133.65,2.17435,2.06771,133.606,0.471323,0.157064,2.1711,2.07112,133.696
4.86,2.16745,2.07416,133.74,2.1711,2.07112,133.696,0.471323,0.157064,2.16784,2.07453,133.786
4.87,2.16419,2.07756,133.83,2.16784,2.07453,133.786,0.471323,0.157065,2.16458,2.07793,133.876
4.88,2.16093,2.08096,133.92,2.16458,2.07793,133.876,0.471323,0.157065,2.16132,2.08133,133.966
4.89,2.15766,2.08435,134.01,2.16132,2.08133,133.966,0.471323,0.157065,2.15804,2.08472,134.056
4.9,2.15438,2.08774,134.1,2.15804,2.08472,134.056,0.471323,0.157065,2.15477,2.08811,134.146
4.91,2.1511,2.09112,134.19,2.15477,2.08811,134.146,0.471323,0.157065,2.15148,2.09149,134.236
4.92,2.14781,2.0945,134.28,2.15148,2.09149,134.236,0.471323,0.157065,2.1482,2.09486,134.326
4.93,2.14452,2.09787,134.37,2.1482,2.09486,134.326,0.471323,0.157065,2.1449,2.09824,134.416
4.94,2.14122,2.10123,134.46,2.1449,2.09824,134.416,0.471323,0.157066,2.1416,2.1016,134.506
4.95,2.13792,2.10459,134.55,2.1416,2.1016,134.506,0.471323,0.157066,2.1383,2.10496,134.596
4.96,2.13461,2.10795,134.64,2.1383,2.10496,134.596,0.471323,0.157066,2.13499,2.10832,134.686
4.97,2.13129,2.1113,134.73,2.13499,2.10832,134.686,0.471323,0.157066,2.13168,2.11167,134.776
4.98,2.12797,2.11465,134.82,2.13168,2.11167,134.776,0.471323,0.157066,2.12836,2.11502,134.866
4.99,2.12465,2.11799,134.91,2.12836,2.11502,134.866,0.471323,0.157066,2.12503,2.11836,134.956
5,2.12132,2.12132,135,2.12503,2.11836,134.956,0.471323,0.157066,2.1217,2.12169,135.046
5.01,2.11799,2.12465,135.09,2.1217,2.12169,135.046,0.471323,0.157067,2.11837,2.12502,135.136
5.02,2.11465,2.12797,135.18,2.11837,2.12502,135.136,0.471323,0.157067,2.11503,2.12835,135.226
5.03,2.1113,2.13129,135.27,2.11503,2.12835,135.226,0.471323,0.157067,2.11168,2.13167,135.316
5.04,2.10795,2.13461,135.36,2.11168,2.13167,135.316,0.471323,0.157067,2.10833,2.13498,135.406
5.05,2.10459,2.13792,135.45,2.10833,2.13498,135.406,0.471323,0.157067,2.10497,2.13829,135.496
5.06,2.10123,2.14122,135.54,2.10497,2.13829,135.496,0.471323,0.157067,2.10161,2.1416,135.586
5.07,2.09787,2.14452,135.63,2.10161,2.1416,135.586,0.471323,0.157067,2.09824,2.14489,135.676
5.08,2.0945,2.14781,135.72,2.09824,2.14489,135.676,0.471323,0.157067,2.09487,2.14819,135.766
5.09,2.09112,2.1511,135.81,2.09487,2.14819,135.766,0.471323,0.157068,2.0915,2.15147,135.856
5.1,2.08774,2.15438,135.9,2.0915,2.15147,135.856,0.471323,0.157068,2.08811,2.15476,135.946
5.11,2.08435,2.15766,135.99,2.08811,2.15476,135.946,0.471323,0.157068,2.08473,2.15803,136.036
5.12,2.08096,2.16093,136.08,2.08473,2.15803,136.036,0.471323,0.157068,2.08133,2.16131,136.126
5.13,2.07756,2.16419,136.17,2.08133,2.16131,136.126,0.471323,0.157068,2.07794,2.16457,136.216
5.14,2.07416,2.16745,136.26,2.07794,2.16457,136.216,0.471323,0.157068,2.07453,2.16783,136.306
5.15,2.07075,2.17071,136.35,2.07453,2.16783,136.306,0.471323,0.157068,2.07113,2.17109,136.396
5.16,2.06734,2.17396,136.44,2.07113,2.17109,136.396,0.471323,0.157068,2.06771,2.17434,136.486
5.17,2.06392,2.1772,136.53,2.06771,2.17434,136.486,0.471323,0.157068,2.06429,2.17759,136.576
5.18,2.0605,2.18044,136.62,2.06429,2.17759,136.576,0.471323,0.157069,2.06087,2.18083,136.666
5.19,2.05707,2.18368,136.71,2.06087,2.18083,136.666,0.471323,0.157069,2.05744,2.18406,136.756
5.2,2.05364,2.18691,136.8,2.05744,2.18406,136.756,0.471323,0.157069,2.05401,2.18729,136.846
5.21,2.0502,2.19013,136.89,2.05401,2.18729,136.846,0.471323,0.157069,2.05057,2.19051,136.936
5.22,2.04676,2.19335,136.98,2.05057,2.19051,136.936,0.471323,0.157069,2.04713,2.19373,137.026
5.23,2.04331,2.19656,137.07,2.04713,2.19373,137.026,0.471323,0.157069,2.04368,2.19694,137.116
5.24,2.03986,2.19977,137.16,2.04368,2.19694,137.116,0.471323,0.157069,2.04023,2.20015,137.206
5.25,2.0364,2.20297,137.25,2.04023,2.20015,137.206,0.471322,0.157069,2.03677,2.20335,137.295
5.26,2.03294,2.20616,137.34,2.03677,2.20335,137.295,0.471322,0.157069,2.0333,2.20655,137.385
5.27,2.02947,2.20935,137.43,2.0333,2.20655,137.385,0.471322,0.157069,2.02984,2.20974,137.475
5.28,2.026,2.21254,137.52,2.02984,2.20974,137.475,0.471322,0.15707,2.02636,2.21293,137.565
5.29,2.02252,2.21572,137.61,2.02636,2.21293,137.565,0.471322,0.15707,2.02288,2.21611,137.655
5.3,2.01904,2.21889,137.7,2.02288,2.21611,137.655,0.471322,0.15707,2.0194,2.21928,137.745
5.31,2.01555,2.22206,137.79,2.0194,2.21928,137.745,0.471322,0.15707,2.01591,2.22245,137.835
5.32,2.01206,2.22523,137.88,2.01591,2.22245,137.835,0.471322,0.15707,2.01242,2.22562,137.925
5.33,2.00856,2.22838,137.97,2.01242,2.22562,137.925,0.471322,0.15707,2.00892,2.22877,138.015
5.34,2.00506,2.23154,138.06,2.00892,2.22877,138.015,0.471322,0.15707,2.00542,2.23193,138.105
5.35,2.00155,2.23468,138.15,2.00542,2.23193,138.105,0.471322,0.15707,2.00191,2.23507,138.195
5.36,1.99804,2.23782,138.24,2.00191,2.23507,138.195,0.471322,0.15707,1.99839,2.23822,138.285
5.37,1.99452,2.24096,138.33,1.99839,2.23822,138.285,0.471322,0.15707,1.99488,2.24135,138.375
5.38,1.991,2.24409,138.42,1.99488,2.24135,138.375,0.471322,0.157071,1.99135,2.24448,138.465
5.39,1.98747,2.24721,138.51,1.99135,2.24448,138.465,0.471322,0.157071,1.98782,2.24761,138.555
5.4,1.98394,2.25033,138.6,1.98782,2.24761,138.555,0.471322,0.157071,1.98429,2.25073,138.645
5.41,1.9804,2.25345,138.69,1.98429,2.25073,138.645,0.471322,0.157071,1.98075,2.25384,138.735
5.42,1.97686,2.25655,138.78,1.98075,2.25384,138.735,0.471322,0.157071,1.97721,2.25695,138.825
5.43,1.97331,2.25966,138.87,1.97721,2.25695,138.825,0.471322,0.157071,1.97366,2.26005,138.915
5.44,1.96976,2.26275,138.96,1.97366,2.26005,138.915,0.471322,0.157071,1.97011,2.26315,139.005
5.45,1.9662,2.26585,139.05,1.97011,2.26315,139.005,0.471322,0.157071,1.96655,2.26624,139.095
5.46,1.96264,2.26893,139.14,1.96655,2.26624,139.095,0.471322,0.157071,1.96299,2.26933,139.185
5.47,1.95907,2.27201,139.23,1.96299,2.26933,139.185,0.471322,0.157071,1.95942,2.27241,139.275
5.48,1.9555,2.27509,139.32,1.95942,2.27241,139.275,0.471322,0.157071,1.95585,2.27548,139.365
5.49,1.95193,2.27815,139.41,1.95585,2.27548,139.365,0.471322,0.157071,1.95227,2.27855,139.455
5.5,1.94834,2.28122,139.5,1.95227,2.27855,139.455,0.471322,0.157072,1.94869,2.28162,139.545
5.51,1.94476,2.28428,139.59,1.94869,2.28162,139.545,0.471322,0.157072,1.94511,2.28468,139.635
5.52,1.94117,2.28733,139.68,1.94511,2.28468,139.635,0.471322,0.157072,1.94152,2.28773,139.725
5.53,1.93757,2.29037,139.77,1.94152,2.28773,139.725,0.471322,0.157072,1.93792,2.29078,139.815
5.54,1.93397,2.29341,139.86,1.93792,2.29078,139.815,0.471322,0.157072,1.93432,2.29382,139.905
5.55,1.93037,2.29645,139.95,1.93432,2.29382,139.905,0.471322,0.157072,1.93071,2.29685,139.995
5.56,1.92676,2.29948,140.04,1.93071,2.29685,139.995,0.471322,0.157072,1.9271,2.29988,140.085
5.57,1.92314,2.3025,140.13,1.9271,2.29988,140.085,0.471322,0.157072,1.92349,2.30291,140.175
5.58,1.91952,2.30552,140.22,1.92349,2.30291,140.175,0.471322,0.157072,1.91987,2.30592,140.265
5.59,1.9159,2.30853,140.31,1.91987,2.30592,140.265,0.471322,0.157072,1.91624,2.30894,140.355
5.6,1.91227,2.31154,140.4,1.91624,2.30894,140.355,0.471322,0.157072,1.91261,2.31194,140.445
5.61,1.90864,2.31454,140.49,1.91261,2.31194,140.445,0.471322,0.157072,1.90898,2.31495,140.535
5.62,1.905,2.31754,140.58,1.90898,2.31495,140.535,0.471322,0.157072,1.90534,2.31794,140.625
5.63,1.90136,2.32053,140.67,1.90534,2.31794,140.625,0.471322,0.157072,1.9017,2.32093,140.715
5.64,1.89771,2.32351,140.76,1.9017,2.32093,140.715,0.471322,0.157073,1.89805,2.32392,140.805
5.65,1.89406,2.32649,140.85,1.89805,2.32392,140.805,0.471322,0.157073,1.8944,2.32689,140.895
5.66,1.8904,2.32946,140.94,1.8944,2.32689,140.895,0.471322,0.157073,1.89074,2.32987,140.985
5.67,1.88674,2.33243,141.03,1.89074,2.32987,140.985,0.471322,0.157073,1.88708,2.33283,141.075
5.68,1.88307,2.33539,141.12,1.88708,2.33283,141.075,0.471322,0.157073,1.88341,2.3358,141.165
5.69,1.8794,2.33834,141.21,1.88341,2.3358,141.165,0.471322,0.157073,1.87974,2.33875,141.255
5.7,1.87573,2.34129,141.3,1.87974,2.33875,141.255,0.471322,0.157073,1.87606,2.3417,141.345
5.71,1.87205,2.34423,141.39,1.87606,2.3417,141.345,0.471322,0.157073,1.87238,2.34465,141.435
5.72,1.86836,2.34717,141.48,1.87238,2.34465,141.435,0.471322,0.157073,1.8687,2.34758,141.525
5.73,1.86467,2.3501,141.57,1.8687,2.34758,141.525,0.471322,0.157073,1.86501,2.35052,141.615
5.74,1.86098,2.35303,141.66,1.86501,2.35052,141.615,0.471322,0.157073,1.86131,2.35344,141.705
5.75,1.85728,2.35595,141.75,1.86131,2.35344,141.705,0.471322,0.157073,1.85761,2.35636,141.795
5.76,1.85358,2.35887,141.84,1.85761,2.35636,141.795,0.471322,0.157073,1.85391,2.35928,141.885
5.77,1.84987,2.36177,141.93,1.85391,2.35928,141.885,0.471322,0.157073,1.8502,2.36219,141.975
5.78,1.84616,2.36468,142.02,1.8502,2.36219,141.975,0.471322,0.157073,1.84649,2.36509,142.065
5.79,1.84244,2.36757,142.11,1.84649,2.36509,142.065,0.471322,0.157074,1.84277,2.36799,142.155
5.8,1.83872,2.37047,142.2,1.84277,2.36799,142.155,0.471322,0.157074,1.83905,2.37088,142.245
5.81,1.835,2.37335,142.29,1.83905,2.37088,142.245,0.471322,0.157074,1.83532,2.37377,142.335
5.82,1.83127,2.37623,142.38,1.83532,2.37377,142.335,0.471322,0.157074,1.83159,2.37665,142.425
5.83,1.82753,2.3791,142.47,1.83159,2.37665,142.425,0.471322,0.157074,1.82786,2.37952,142.515
5.84,1.82379,2.38197,142.56,1.82786,2.37952,142.515,0.471322,0.157074,1.82412,2.38239,142.605
5.85,1.82005,2.38483,142.65,1.82412,2.38239,142.605,0.471322,0.157074,1.82037,2.38525,142.695
5.86,1.8163,2.38769,142.74,1.82037,2.38525,142.695,0.471322,0.157074,1.81662,2.38811,142.785
5.87,1.81255,2.39054,142.83,1.81662,2.38811,142.785,0.471322,0.157074,1.81287,2.39096,142.875
5.88,1.80879,2.39338,142.92,1.81287,2.39096,142.875,0.471322,0.157074,1.80911,2.3938,142.965
5.89,1.80503,2.39622,143.01,1.80911,2.3938,142.965,0.471322,0.157074,1.80535,2.39664,143.055
5.9,1.80126,2.39905,143.1,1.80535,2.39664,143.055,0.471322,0.157074,1.80158,2.39947,143.145
5.91,1.79749,2.40188,143.19,1.80158,2.39947,143.145,0.471322,0.157074,1.79781,2.4023,143.235
5.92,1.79371,2.4047,143.28,1.79781,2.4023,143.235,0.471322,0.157074,1.79404,2.40512,143.325
5.93,1.78994,2.40752,143.37,1.79404,2.40512,143.325,0.471322,0.157074,1.79026,2.40794,143.415
5.94,1.78615,2.41032,143.46,1.79026,2.40794,143.415,0.471322,0.157074,1.78647,2.41075,143.505
5.95,1.78236,2.41313,143.55,1.78647,2.41075,143.505,0.471322,0.157074,1.78268,2.41355,143.595
5.96,1.77857,2.41592,143.64,1.78268,2.41355,143.595,0.471322,0.157074,1.77889,2.41635,143.685
5.97,1.77477,2.41871,143.73,1.77889,2.41635,143.685,0.471322,0.157075,1.77509,2.41914,143.775
5.98,1.77097,2.4215,143.82,1.77509,2.41914,143.775,0.471322,0.157075,1.77129,2.42192,143.865
5.99,1.76717,2.42428,143.91,1.77129,2.42192,143.865,0.471322,0.157075,1.76748,2.4247,143.955
6,1.76336,2.42705,144,1.76748,2.4247,143.955,0.471322,0.157075,1.76367,2.42748,144.045
6.01,1.75954,2.42982,144.09,1.76367,2.42748,144.045,0.471322,0.157075,1.75986,2.43024,144.135
6.02,1.75572,2.43258,144.18,1.75986,2.43024,144.135,0.471322,0.157075,1.75604,2.433,144.225
6.03,1.7519,2.43533,144.27,1.75604,2.433,144.225,0.471322,0.157075,1.75221,2.43576,144.315
6.04,1.74807,2.43808,144.36,1.75221,2.43576,144.315,0.471322,0.157075,1.74838,2.43851,144.405
6.05,1.74424,2.44083,144.45,1.74838,2.43851,144.405,0.471322,0.157075,1.74455,2.44125,144.495
6.06,1.7404,2.44356,144.54,1.74455,2.44125,144.495,0.471322,0.157075,1.74072,2.44399,144.585
6.07,1.73656,2.44629,144.63,1.74072,2.44399,144.585,0.471322,0.157075,1.73687,2.44672,144.675
6.08,1.73272,2.44902,144.72,1.73687,2.44672,144.675,0.471322,0.157075,1.73303,2.44945,144.765
6.09,1.72887,2.45174,144.81,1.73303,2.44945,144.765,0.471322,0.157075,1.72918,2.45217,144.855
6.1,1.72502,2.45445,144.9,1.72918,2.45217,144.855,0.471322,0.157075,1.72532,2.45488,144.945
6.11,1.72116,2.45716,144.99,1.72532,2.45488,144.945,0.471322,0.157075,1.72147,2.45759,145.035
6.12,1.7173,2.45986,145.08,1.72147,2.45759,145.035,0.471322,0.157075,1.7176,2.46029,145.125
6.13,1.71343,2.46255,145.17,1.7176,2.46029,145.125,0.471322,0.157075,1.71374,2.46298,145.215
6.14,1.70956,2.46524,145.26,1.71374,2.46298,145.215,0.471322,0.157075,1.70987,2.46567,145.305
6.15,1.70569,2.46792,145.35,1.70987,2.46567,145.305,0.471322,0.157075,1.70599,2.46835,145.395
6.16,1.70181,2.4706,145.44,1.70599,2.46835,145.395,0.471322,0.157075,1.70211,2.47103,145.485
6.17,1.69792,2.47327,145.53,1.70211,2.47103,145.485,0.471322,0.157075,1.69823,2.4737,145.575
6.18,1.69404,2.47593,145.62,1.69823,2.4737,145.575,0.471322,0.157075,1.69434,2.47637,145.665
6.19,1.69015,2.47859,145.71,1.69434,2.47637,145.665,0.471322,0.157076,1.69045,2.47902,145.755
6.2,1.68625,2.48124,145.8,1.69045,2.47902,145.755,0.471322,0.157076,1.68655,2.48168,145.845
6.21,1.68235,2.48389,145.89,1.68655,2.48168,145.845,0.471322,0.157076,1.68265,2.48432,145.935
6.22,1.67845,2.48653,145.98,1.68265,2.48432,145.935,0.471322,0.157076,1.67875,2.48696,146.025
6.23,1.67454,2.48916,146.07,1.67875,2.48696,146.025,0.471322,0.157076,1.67484,2.4896,146.115
6.24,1.67063,2.49179,146.16,1.67484,2.4896,146.115,0.471322,0.157076,1.67093,2.49222,146.205
6.25,1.66671,2.49441,146.25,1.67093,2.49222,146.205,0.471322,0.157076,1.66701,2.49485,146.295
6.26,1.66279,2.49702,146.34,1.66701,2.49485,146.295,0.471322,0.157076,1.66309,2.49746,146.385
6.27,1.65887,2.49963,146.43,1.66309,2.49746,146.385,0.471322,0.157076,1.65916,2.50007,146.475
6.28,1.65494,2.50224,146.52,1.65916,2.50007,146.475,0.471322,0.157076,1.65523,2.50267,146.565
6.29,1.65101,2.50483,146.61,1.65523,2.50267,146.565,0.471322,0.157076,1.6513,2.50527,146.655
6.3,1.64707,2.50742,146.7,1.6513,2.50527,146.655,0.471322,0.157076,1.64736,2.50786,146.745
6.31,1.64313,2.51001,146.79,1.64736,2.50786,146.745,0.471322,0.157076,1.64342,2.51045,146.835
6.32,1.63918,2.51258,146.88,1.64342,2.51045,146.835,0.471322,0.157076,1.63948,2.51302,146.925
6.33,1.63523,2.51516,146.97,1.63948,2.51302,146.925,0.471322,0.157076,1.63553,2.5156,147.015
6.34,1.63128,2.51772,147.06,1.63553,2.5156,147.015,0.471322,0.157076,1.63157,2.51816,147.105
6.35,1.62732,2.52028,147.15,1.63157,2.51816,147.105,0.471322,0.157076,1.62762,2.52072,147.195
6.36,1.62336,2.52283,147.24,1.62762,2.52072,147.195,0.471322,0.157076,1.62365,2.52328,147.285
6.37,1.6194,2.52538,147.33,1.62365,2.52328,147.285,0.471322,0.157076,1.61969,2.52582,147.375
6.38,1.61543,2.52792,147.42,1.61969,2.52582,147.375,0.471322,0.157076,1.61572,2.52836,147.465
6.39,1.61146,2.53046,147.51,1.61572,2.52836,147.465,0.471322,0.157076,1.61175,2.5309,147.555
6.4,1.60748,2.53298,147.6,1.61175,2.5309,147.555,0.471322,0.157076,1.60777,2.53343,147.645
6.41,1.6035,2.53551,147.69,1.60777,2.53343,147.645,0.471322,0.157076,1.60379,2.53595,147.735
6.42,1.59951,2.53802,147.78,1.60379,2.53595,147.735,0.471322,0.157076,1.5998,2.53847,147.825
6.43,1.59553,2.54053,147.87,1.5998,2.53847,147.825,0.471322,0.157076,1.59581,2.54098,147.915
6.44,1.59153,2.54303,147.96,1.59581,2.54098,147.915,0.471322,0.157076,1.59182,2.54348,148.005
6.45,1.58754,2.54553,148.05,1.59182,2.54348,148.005,0.471322,0.157076,1.58782,2.54598,148.095
6.46,1.58354,2.54802,148.14,1.58782,2.54598,148.095,0.471322,0.157076,1.58382,2.54847,148.185
6.47,1.57953,2.55051,148.23,1.58382,2.54847,148.185,0.471322,0.157076,1.57982,2.55095,148.275
6.48,1.57552,2.55298,148.32,1.57982,2.55095,148.275,0.471322,0.157077,1.57581,2.55343,148.365
6.49,1.57151,2.55546,148.41,1.57581,2.55343,148.365,0.471322,0.157077,1.57179,2.5559,148.455
6.5,1.5675,2.55792,148.5,1.57179,2.5559,148.455,0.471322,0.157077,1.56778,2.55837,148.545
6.51,1.56348,2.56038,148.59,1.56778,2.55837,148.545,0.471322,0.157077,1.56376,2.56083,148.635
6.52,1.55945,2.56283,148.68,1.56376,2.56083,148.635,0.471322,0.157077,1.55973,2.56328,148.725
6.53,1.55542,2.56528,148.77,1.55973,2.56328,148.725,0.471322,0.157077,1.5557,2.56573,148.815
6.54,1.55139,2.56772,148.86,1.5557,2.56573,148.815,0.471322,0.157077,1.55167,2.56817,148.905
6.55,1.54736,2.57015,148.95,1.55167,2.56817,148.905,0.471322,0.157077,1.54764,2.5706,148.995
6.56,1.54332,2.57258,149.04,1.54764,2.5706,148.995,0.471322,0.157077,1.5436,2.57303,149.085
6.57,1.53928,2.575,149.13,1.5436,2.57303,149.085,0.471322,0.157077,1.53955,2.57545,149.175
6.58,1.53523,2.57742,149.22,1.53955,2.57545,149.175,0.471322,0.157077,1.5355,2.57787,149.265
6.59,1.53118,2.57982,149.31,1.5355,2.57787,149.265,0.471322,0.157077,1.53145,2.58028,149.355
6.6,1.52712,2.58223,149.4,1.53145,2.58028,149.355,0.471322,0.157077,1.5274,2.58268,149.445
6.61,1.52307,2.58462,149.49,1.5274,2.58268,149.445,0.471322,0.157077,1.52334,2.58507,149.535
6.62,1.519,2.58701,149.58,1.52334,2.58507,149.535,0.471322,0.157077,1.51928,2.58746,149.625
6.63,1.51494,2.58939,149.67,1.51928,2.58746,149.625,0.471322,0.157077,1.51521,2.58985,149.715
6.64,1.51087,2.59177,149.76,1.51521,2.58985,149.715,0.471322,0.157077,1.51114,2.59222,149.805
6.65,1.5068,2.59414,149.85,1.51114,2.59222,149.805,0.471322,0.157077,1.50707,2.59459,149.895
6.66,1.50272,2.5965,149.94,1.50707,2.59459,149.895,0.471322,0.157077,1.50299,2.59696,149.985
6.67,1.49864,2.59886,150.03,1.50299,2.59696,149.985,0.471322,0.157077,1.49891,2.59932,150.075
6.68,1.49456,2.60121,150.12,1.49891,2.59932,150.075,0.471322,0.157077,1.49482,2.60167,150.165
6.69,1.49047,2.60356,150.21,1.49482,2.60167,150.165,0.471322,0.157077,1.49073,2.60401,150.255
6.7,1.48638,2.60589,150.3,1.49073,2.60401,150.255,0.471322,0.157077,1.48664,2.60635,150.345
6.71,1.48228,2.60823,150.39,1.48664,2.60635,150.345,0.471322,0.157077,1.48255,2.60868,150.435
6.72,1.47818,2.61055,150.48,1.48255,2.60868,150.435,0.471322,0.157077,1.47845,2.61101,150.525
6.73,1.47408,2.61287,150.57,1.47845,2.61101,150.525,0.471322,0.157077,1.47434,2.61333,150.615
6.74,1.46997,2.61518,150.66,1.47434,2.61333,150.615,0.471322,0.157077,1.47024,2.61564,150.705
6.75,1.46586,2.61749,150.75,1.47024,2.61564,150.705,0.471322,0.157077,1.46613,2.61795,150.795
6.76,1.46175,2.61979,150.84,1.46613,2.61795,150.795,0.471322,0.157077,1.46201,2.62025,150.885
6.77,1.45763,2.62208,150.93,1.46201,2.62025,150.885,0.471322,0.157077,1.45789,2.62254,150.975
6.78,1.45351,2.62437,151.02,1.45789,2.62254,150.975,0.471322,0.157077,1.45377,2.62483,151.065
6.79,1.44939,2.62665,151.11,1.45377,2.62483,151.065,0.471322,0.157077,1.44965,2.62711,151.155
6.8,1.44526,2.62892,151.2,1.44965,2.62711,151.155,0.471322,0.157077,1.44552,2.62938,151.245
6.81,1.44113,2.63119,151.29,1.44552,2.62938,151.245,0.471322,0.157077,1.44139,2.63165,151.335
6.82,1.43699,2.63345,151.38,1.44139,2.63165,151.335,0.471322,0.157077,1.43725,2.63391,151.425
6.83,1.43286,2.6357,151.47,1.43725,2.63391,151.425,0.471322,0.157077,1.43311,2.63616,151.515
6.84,1.42871,2.63795,151.56,1.43311,2.63616,151.515,0.471322,0.157077,1.42897,2.63841,151.605
6.85,1.42457,2.64019,151.65,1.42897,2.63841,151.605,0.471322,0.157077,1.42482,2.64065,151.695
6.86,1.42042,2.64242,151.74,1.42482,2.64065,151.695,0.471322,0.157077,1.42068,2.64289,151.785
6.87,1.41627,2.64465,151.83,1.42068,2.64289,151.785,0.471322,0.157078,1.41652,2.64512,151.875
6.88,1.41211,2.64687,151.92,1.41652,2.64512,151.875,0.471322,0.157078,1.41237,2.64734,151.965
6.89,1.40795,2.64909,152.01,1.41237,2.64734,151.965,0.471322,0.157078,1.40821,2.64955,152.055
6.9,1.40379,2.6513,152.1,1.40821,2.64955,152.055,0.471322,0.157078,1.40404,2.65176,152.145
6.91,1.39962,2.6535,152.19,1.40404,2.65176,152.145,0.471322,0.157078,1.39987,2.65396,152.235
6.92,1.39545,2.65569,152.28,1.39987,2.65396,152.235,0.471322,0.157078,1.3957,2.65616,152.325
6.93,1.39128,2.65788,152.37,1.3957,2.65616,152.325,0.471322,0.157078,1.39153,2.65835,152.415
6.94,1.3871,2.66006,152.46,1.39153,2.65835,152.415,0.471322,0.157078,1.38735,2.66053,152.505
6.95,1.38292,2.66224,152.55,1.38735,2.66053,152.505,0.471322,0.157078,1.38317,2.66271,152.595
6.96,1.37874,2.66441,152.64,1.38317,2.66271,152.595,0.471322,0.157078,1.37899,2.66488,152.685
6.97,1.37455,2.66657,152.73,1.37899,2.66488,152.685,0.471322,0.157078,1.3748,2.66704,152.775
6.98,1.37036,2.66873,152.82,1.3748,2.66704,152.775,0.471322,0.157078,1.37061,2.66919,152.865
6.99,1.36617,2.67088,152.91,1.37061,2.66919,152.865,0.471322,0.157078,1.36641,2.67134,152.955
7,1.36197,2.67302,153,1.36641,2.67134,152.955,0.471322,0.157078,1.36222,2.67349,153.045
7.01,1.35777,2.67516,153.09,1.36222,2.67349,153.045,0.471322,0.157078,1.35802,2.67562,153.135
7.02,1.35357,2.67729,153.18,1.35802,2.67562,153.135,0.471322,0.157078,1.35381,2.67775,153.225
7.03,1.34936,2.67941,153.27,1.35381,2.67775,153.225,0.471322,0.157078,1.3496,2.67988,153.315
7.04,1.34515,2.68152,153.36,1.3496,2.67988,153.315,0.471322,0.157078,1.34539,2.68199,153.405
7.05,1.34094,2.68363,153.45,1.34539,2.68199,153.405,0.471322,0.157078,1.34118,2.6841,153.495
7.06,1.33672,2.68574,153.54,1.34118,2.6841,153.495,0.471322,0.157078,1.33696,2.68621,153.585
7.07,1.3325,2.68783,153.63,1.33696,2.68621,153.585,0.471322,0.157078,1.33274,2.6883,153.675
7.08,1.32827,2.68992,153.72,1.33274,2.6883,153.675,0.471322,0.157078,1.32851,2.69039,153.765
7.09,1.32405,2.69201,153.81,1.32851,2.69039,153.765,0.471322,0.157078,1.32429,2.69248,153.855
7.1,1.31982,2.69408,153.9,1.32429,2.69248,153.855,0.471322,0.157078,1.32005,2.69455,153.945
7.11,1.31558,2.69615,153.99,1.32005,2.69455,153.945,0.471322,0.157078,1.31582,2.69662,154.035
7.12,1.31135,2.69822,154.08,1.31582,2.69662,154.035,0.471322,0.157078,1.31158,2.69869,154.125
7.13,1.30711,2.70027,154.17,1.31158,2.69869,154.125,0.471322,0.157078,1.30734,2.70074,154.215
7.14,1.30286,2.70232,154.26,1.30734,2.70074,154.215,0.471322,0.157078,1.3031,2.7028,154.305
7.15,1.29862,2.70437,154.35,1.3031,2.7028,154.305,0.471322,0.157078,1.29885,2.70484,154.395
7.16,1.29437,2.7064,154.44,1.29885,2.70484,154.395,0.471322,0.157078,1.2946,2.70688,154.485
7.17,1.29012,2.70843,154.53,1.2946,2.70688,154.485,0.471322,0.157078,1.29035,2.70891,154.575
7.18,1.28586,2.71045,154.62,1.29035,2.70891,154.575,0.471322,0.157078,1.28609,2.71093,154.665
7.19,1.2816,2.71247,154.71,1.28609,2.71093,154.665,0.471322,0.157078,1.28183,2.71295,154.755
7.2,1.27734,2.71448,154.8,1.28183,2.71295,154.755,0.471322,0.157078,1.27757,2.71496,154.845
7.21,1.27307,2.71648,154.89,1.27757,2.71496,154.845,0.471322,0.157078,1.2733,2.71696,154.935
7.22,1.2688,2.71848,154.98,1.2733,2.71696,154.935,0.471322,0.157078,1.26903,2.71896,155.025
7.23,1.26453,2.72047,155.07,1.26903,2.71896,155.025,0.471322,0.157078,1.26476,2.72095,155.115
7.24,1.26026,2.72245,155.16,1.26476,2.72095,155.115,0.471322,0.157078,1.26048,2.72293,155.205
7.25,1.25598,2.72443,155.25,1.26048,2.72293,155.205,0.471322,0.157078,1.25621,2.72491,155.295
7.26,1.2517,2.7264,155.34,1.25621,2.72491,155.295,0.471322,0.157078,1.25192,2.72688,155.385
7.27,1.24741,2.72836,155.43,1.25192,2.72688,155.385,0.471322,0.157078,1.24764,2.72884,155.475
7.28,1.24313,2.73032,155.52,1.24764,2.72884,155.475,0.471322,0.157078,1.24335,2.7308,155.565
7.29,1.23884,2.73227,155.61,1.24335,2.7308,155.565,0.471322,0.157078,1.23906,2.73275,155.655
7.3,1.23454,2.73421,155.7,1.23906,2.73275,155.655,0.471322,0.157078,1.23477,2.73469,155.745
7.31,1.23025,2.73615,155.79,1.23477,2.73469,155.745,0.471322,0.157078,1.23047,2.73662,155.835
7.32,1.22595,2.73807,155.88,1.23047,2.73662,155.835,0.471322,0.157078,1.22617,2.73855,155.925
7.33,1.22164,2.74,155.97,1.22617,2.73855,155.925,0.471322,0.157078,1.22186,2.74048,156.015
7.34,1.21734,2.74191,156.06,1.22186,2.74048,156.015,0.471322,0.157078,1.21756,2.74239,156.105
7.35,1.21303,2.74382,156.15,1.21756,2.74239,156.105,0.471322,0.157078,1.21325,2.7443,156.195
7.36,1.20872,2.74572,156.24,1.21325,2.7443,156.195,0.471322,0.157078,1.20894,2.7462,156.285
7.37,1.2044,2.74762,156.33,1.20894,2.7462,156.285,0.471322,0.157078,1.20462,2.7481,156.375
7.38,1.20009,2.74951,156.42,1.20462,2.7481,156.375,0.471322,0.157078,1.2003,2.74999,156.465
7.39,1.19577,2.75139,156.51,1.2003,2.74999,156.465,0.471322,0.157078,1.19598,2.75187,156.555
7.4,1.19144,2.75326,156.6,1.19598,2.75187,156.555,0.471322,0.157078,1.19166,2.75375,156.645
7.41,1.18712,2.75513,156.69,1.19166,2.75375,156.645,0.471322,0.157078,1.18733,2.75561,156.735
7.42,1.18279,2.75699,156.78,1.18733,2.75561,156.735,0.471322,0.157078,1.183,2.75748,156.825
7.43,1.17846,2.75885,156.87,1.183,2.75748,156.825,0.471322,0.157078,1.17867,2.75933,156.915
7.44,1.17412,2.7607,156.96,1.17867,2.75933,156.915,0.471322,0.157078,1.17433,2.76118,157.005
7.45,1.16978,2.76254,157.05,1.17433,2.76118,157.005,0.471322,0.157078,1.16999,2.76302,157.095
7.46,1.16544,2.76437,157.14,1.16999,2.76302,157.095,0.471322,0.157078,1.16565,2.76485,157.185
7.47,1.1611,2.7662,157.23,1.16565,2.76485,157.185,0.471322,0.157078,1.16131,2.76668,157.275
7.48,1.15675,2.76802,157.32,1.16131,2.76668,157.275,0.471322,0.157078,1.15696,2.7685,157.365
7.49,1.1524,2.76983,157.41,1.15696,2.7685,157.365,0.471322,0.157078,1.15261,2.77032,157.455
7.5,1.14805,2.77164,157.5,1.15261,2.77032,157.455,0.471322,0.157078,1.14826,2.77212,157.545
7.51,1.1437,2.77344,157.59,1.14826,2.77212,157.545,0.471322,0.157078,1.1439,2.77392,157.635
7.52,1.13934,2.77523,157.68,1.1439,2.77392,157.635,0.471322,0.157079,1.13954,2.77572,157.725
7.53,1.13498,2.77702,157.77,1.13954,2.77572,157.725,0.471322,0.157079,1.13518,2.7775,157.815
7.54,1.13061,2.7788,157.86,1.13518,2.7775,157.815,0.471322,0.157079,1.13082,2.77928,157.905
7.55,1.12625,2.78057,157.95,1.13082,2.77928,157.905,0.471322,0.157079,1.12645,2.78106,157.995
7.56,1.12188,2.78234,158.04,1.12645,2.78106,157.995,0.471322,0.157079,1.12208,2.78282,158.085
7.57,1.11751,2.78409,158.13,1.12208,2.78282,158.085,0.471322,0.157079,1.11771,2.78458,158.175
7.58,1.11313,2.78585,158.22,1.11771,2.78458,158.175,0.471322,0.157079,1.11333,2.78633,158.265
7.59,1.10875,2.78759,158.31,1.11333,2.78633,158.265,0.471322,0.157079,1.10895,2.78808,158.355
7.6,1.10437,2.78933,158.4,1.10895,2.78808,158.355,0.471322,0.157079,1.10457,2.78982,158.445
7.61,1.09999,2.79106,158.49,1.10457,2.78982,158.445,0.471322,0.157079,1.10019,2.79155,158.535
7.62,1.09561,2.79279,158.58,1.10019,2.79155,158.535,0.471322,0.157079,1.0958,2.79327,158.625
7.63,1.09122,2.7945,158.67,1.0958,2.79327,158.625,0.471322,0.157079,1.09141,2.79499,158.715
7.64,1.08683,2.79621,158.76,1.09141,2.79499,158.715,0.471322,0.157079,1.08702,2.7967,158.805
7.65,1.08243,2.79792,158.85,1.08702,2.7967,158.805,0.471322,0.157079,1.08263,2.79841,158.895
7.66,1.07804,2.79961,158.94,1.08263,2.79841,158.895,0.471322,0.157079,1.07823,2.8001,158.985
7.67,1.07364,2.8013,159.03,1.07823,2.8001,158.985,0.471322,0.157079,1.07383,2.80179,159.075
7.68,1.06924,2.80299,159.12,1.07383,2.80179,159.075,0.471322,0.157079,1.06943,2.80348,159.165
7.69,1.06483,2.80466,159.21,1.06943,2.80348,159.165,0.471322,0.157079,1.06502,2.80515,159.255
7.7,1.06042,2.80633,159.3,1.06502,2.80515,159.255,0.471322,0.157079,1.06062,2.80682,159.345
7.71,1.05602,2.80799,159.39,1.06062,2.80682,159.345,0.471322,0.157079,1.05621,2.80849,159.435
7.72,1.0516,2.80965,159.48,1.05621,2.80849,159.435,0.471322,0.157079,1.05179,2.81014,159.525
7.73,1.04719,2.8113,159.57,1.05179,2.81014,159.525,0.471322,0.157079,1.04738,2.81179,159.615
7.74,1.04277,2.81294,159.66,1.04738,2.81179,159.615,0.471322,0.157079,1.04296,2.81343,159.705
7.75,1.03835,2.81457,159.75,1.04296,2.81343,159.705,0.471322,0.157079,1.03854,2.81507,159.795
7.76,1.03393,2.8162,159.84,1.03854,2.81507,159.795,0.471322,0.157079,1.03412,2.81669,159.885
7.77,1.0295,2.81782,159.93,1.03412,2.81669,159.885,0.471322,0.157079,1.02969,2.81832,159.975
7.78,1.02508,2.81944,160.02,1.02969,2.81832,159.975,0.471322,0.157079,1.02526,2.81993,160.065
7.79,1.02065,2.82104,160.11,1.02526,2.81993,160.065,0.471322,0.157079,1.02083,2.82154,160.155
7.8,1.01621,2.82264,160.2,1.02083,2.82154,160.155,0.471322,0.157079,1.0164,2.82314,160.245
7.81,1.01178,2.82424,160.29,1.0164,2.82314,160.245,0.471322,0.157079,1.01196,2.82473,160.335
7.82,1.00734,2.82582,160.38,1.01196,2.82473,160.335,0.471322,0.157079,1.00752,2.82632,160.425
7.83,1.0029,2.8274,160.47,1.00752,2.82632,160.425,0.471322,0.157079,1.00308,2.82789,160.515
7.84,0.998459,2.82897,160.56,1.00308,2.82789,160.515,0.471322,0.157079,0.998639,2.82947,160.605
7.85,0.994014,2.83054,160.65,0.998639,2.82947,160.605,0.471322,0.157079,0.994194,2.83103,160.695
7.86,0.989566,2.83209,160.74,0.994194,2.83103,160.695,0.471322,0.157079,0.989746,2.83259,160.785
7.87,0.985116,2.83365,160.83,0.989746,2.83259,160.785,0.471322,0.157079,0.985295,2.83414,160.875
7.88,0.980664,2.83519,160.92,0.985295,2.83414,160.875,0.471322,0.157079,0.980842,2.83569,160.965
7.89,0.976209,2.83673,161.01,0.980842,2.83569,160.965,0.471322,0.157079,0.976386,2.83722,161.055
7.9,0.971752,2.83826,161.1,0.976386,2.83722,161.055,0.471322,0.157079,0.971928,2.83875,161.145
7.91,0.967293,2.83978,161.19,0.971928,2.83875,161.145,0.471322,0.157079,0.967468,2.84028,161.235
7.92,0.962831,2.84129,161.28,0.967468,2.84028,161.235,0.471322,0.157079,0.963005,2.84179,161.325
7.93,0.958367,2.8428,161.37,0.963005,2.84179,161.325,0.471322,0.157079,0.95854,2.8433,161.415
7.94,0.9539,2.84431,161.46,0.95854,2.8433,161.415,0.471322,0.157079,0.954073,2.8448,161.505
7.95,0.949431,2.8458,161.55,0.954073,2.8448,161.505,0.471322,0.157079,0.949603,2.8463,161.595
7.96,0.94496,2.84729,161.64,0.949603,2.8463,161.595,0.471322,0.157079,0.945131,2.84779,161.685
7.97,0.940486,2.84877,161.73,0.945131,2.84779,161.685,0.471322,0.157079,0.940657,2.84927,161.775
7.98,0.93601,2.85024,161.82,0.940657,2.84927,161.775,0.471322,0.157079,0.93618,2.85074,161.865
7.99,0.931532,2.85171,161.91,0.93618,2.85074,161.865,0.471322,0.157079,0.931701,2.85221,161.955
8,0.927051,2.85317,162,0.931701,2.85221,161.955,0.471322,0.157079,0.927219,2.85367,162.045
8.01,0.922568,2.85462,162.09,0.927219,2.85367,162.045,0.471322,0.157079,0.922736,2.85512,162.135
8.02,0.918083,2.85607,162.18,0.922736,2.85512,162.135,0.471322,0.157079,0.91825,2.85657,162.225
8.03,0.913595,2.85751,162.27,0.91825,2.85657,162.225,0.471322,0.157079,0.913761,2.85801,162.315
8.04,0.909106,2.85894,162.36,0.913761,2.85801,162.315,0.471322,0.157079,0.909271,2.85944,162.405
8.05,0.904614,2.86036,162.45,0.909271,2.85944,162.405,0.471322,0.157079,0.904778,2.86086,162.495
8.06,0.90012,2.86178,162.54,0.904778,2.86086,162.495,0.471322,0.157079,0.900283,2.86228,162.585
8.07,0.895623,2.86319,162.63,0.900283,2.86228,162.585,0.471322,0.157079,0.895786,2.86369,162.675
8.08,0.891125,2.86459,162.72,0.895786,2.86369,162.675,0.471322,0.157079,0.891287,2.8651,162.765
8.09,0.886624,2.86599,162.81,0.891287,2.8651,162.765,0.471322,0.157079,0.886785,2.86649,162.855
8.1,0.882121,2.86738,162.9,0.886785,2.86649,162.855,0.471322,0.157079,0.882281,2.86788,162.945
8.11,0.877616,2.86876,162.99,0.882281,2.86788,162.945,0.471322,0.157079,0.877775,2.86926,163.035
8.12,0.873109,2.87014,163.08,0.877775,2.86926,163.035,0.471322,0.157079,0.873267,2.87064,163.125
8.13,0.868599,2.8715,163.17,0.873267,2.87064,163.125,0.471322,0.157079,0.868757,2.87201,163.215
8.14,0.864087,2.87286,163.26,0.868757,2.87201,163.215,0.471322,0.157079,0.864245,2.87337,163.305
8.15,0.859574,2.87422,163.35,0.864245,2.87337,163.305,0.471322,0.157079,0.85973,2.87472,163.395
8.16,0.855058,2.87557,163.44,0.85973,2.87472,163.395,0.471322,0.157079,0.855213,2.87607,163.485
8.17,0.85054,2.8769,163.53,0.855213,2.87607,163.485,0.471322,0.157079,0.850695,2.87741,163.575
8.18,0.84602,2.87824,163.62,0.850695,2.87741,163.575,0.471322,0.157079,0.846174,2.87874,163.665
8.19,0.841498,2.87956,163.71,0.846174,2.87874,163.665,0.471322,0.157079,0.841651,2.88007,163.755
8.2,0.836973,2.88088,163.8,0.841651,2.88007,163.755,0.471322,0.157079,0.837126,2.88139,163.845
8.21,0.832447,2.88219,163.89,0.837126,2.88139,163.845,0.471322,0.157079,0.832599,2.8827,163.935
8.22,0.827919,2.8835,163.98,0.832599,2.8827,163.935,0.471322,0.157079,0.82807,2.884,164.025
8.23,0.823388,2.88479,164.07,0.82807,2.884,164.025,0.471322,0.157079,0.823538,2.8853,164.115
8.24,0.818856,2.88608,164.16,0.823538,2.8853,164.115,0.471322,0.157079,0.819005,2.88659,164.205
8.25,0.814321,2.88737,164.25,0.819005,2.88659,164.205,0.471322,0.157079,0.81447,2.88787,164.295
8.26,0.809785,2.88864,164.34,0.81447,2.88787,164.295,0.471322,0.157079,0.809933,2.88915,164.385
8.27,0.805246,2.88991,164.43,0.809933,2.88915,164.385,0.471322,0.157079,0.805393,2.89042,164.475
8.28,0.800706,2.89117,164.52,0.805393,2.89042,164.475,0.471322,0.157079,0.800852,2.89168,164.565
8.29,0.796164,2.89243,164.61,0.800852,2.89168,164.565,0.471322,0.157079,0.796309,2.89293,164.655
8.3,0.791619,2.89367,164.7,0.796309,2.89293,164.655,0.471322,0.157079,0.791764,2.89418,164.745
8.31,0.787073,2.89491,164.79,0.791764,2.89418,164.745,0.471322,0.157079,0.787217,2.89542,164.835
8.32,0.782525,2.89614,164.88,0.787217,2.89542,164.835,0.471322,0.157079,0.782668,2.89665,164.925
8.33,0.777974,2.89737,164.97,0.782668,2.89665,164.925,0.471322,0.157079,0.778116,2.89788,165.015
8.34,0.773422,2.89859,165.06,0.778116,2.89788,165.015,0.471322,0.157079,0.773564,2.8991,165.105
8.35,0.768868,2.8998,165.15,0.773564,2.8991,165.105,0.471322,0.157079,0.769009,2.90031,165.195
8.36,0.764312,2.901,165.24,0.769009,2.90031,165.195,0.471322,0.157079,0.764452,2.90151,165.285
8.37,0.759754,2.9022,165.33,0.764452,2.90151,165.285,0.471322,0.157079,0.759893,2.90271,165.375
8.38,0.755195,2.90339,165.42,0.759893,2.90271,165.375,0.471322,0.157079,0.755333,2.9039,165.465
8.39,0.750633,2.90457,165.51,0.755333,2.9039,165.465,0.471322,0.157079,0.75077,2.90508,165.555
8.4,0.74607,2.90575,165.6,0.75077,2.90508,165.555,0.471322,0.157079,0.746206,2.90626,165.645
8.41,0.741504,2.90692,165.69,0.746206,2.90626,165.645,0.471322,0.157079,0.74164,2.90743,165.735
8.42,0.736937,2.90808,165.78,0.74164,2.90743,165.735,0.471322,0.157079,0.737072,2.90859,165.825
8.43,0.732368,2.90923,165.87,0.737072,2.90859,165.825,0.471322,0.157079,0.732503,2.90974,165.915
8.44,0.727798,2.91038,165.96,0.732503,2.90974,165.915,0.471322,0.157079,0.727931,2.91089,166.005
8.45,0.723225,2.91152,166.05,0.727931,2.91089,166.005,0.471322,0.157079,0.723358,2.91203,166.095
8.46,0.718651,2.91265,166.14,0.723358,2.91203,166.095,0.471322,0.157079,0.718783,2.91316,166.185
8.47,0.714075,2.91378,166.23,0.718783,2.91316,166.185,0.471322,0.157079,0.714206,2.91429,166.275
8.48,0.709497,2.9149,166.32,0.714206,2.91429,166.275,0.471322,0.157079,0.709627,2.91541,166.365
8.49,0.704917,2.91601,166.41,0.709627,2.91541,166.365,0.471322,0.157079,0.705047,2.91652,166.455
8.5,0.700336,2.91711,166.5,0.705047,2.91652,166.455,0.471322,0.157079,0.700465,2.91762,166.545
8.51,0.695753,2.91821,166.59,0.700465,2.91762,166.545,0.471322,0.157079,0.695881,2.91872,166.635
8.52,0.691168,2.9193,166.68,0.695881,2.91872,166.635,0.471322,0.157079,0.691295,2.91981,166.725
8.53,0.686582,2.92038,166.77,0.691295,2.91981,166.725,0.471322,0.157079,0.686708,2.92089,166.815
8.54,0.681994,2.92145,166.86,0.686708,2.92089,166.815,0.471322,0.157079,0.682119,2.92196,166.905
8.55,0.677404,2.92252,166.95,0.682119,2.92196,166.905,0.471322,0.157079,0.677528,2.92303,166.995
8.56,0.672812,2.92358,167.04,0.677528,2.92303,166.995,0.471322,0.157079,0.672936,2.92409,167.085
8.57,0.668219,2.92463,167.13,0.672936,2.92409,167.085,0.471322,0.157079,0.668342,2.92515,167.175
8.58,0.663624,2.92568,167.22,0.668342,2.92515,167.175,0.471322,0.157079,0.663746,2.92619,167.265
8.59,0.659028,2.92672,167.31,0.663746,2.92619,167.265,0.471322,0.157079,0.659149,2.92723,167.355
8.6,0.65443,2.92775,167.4,0.659149,2.92723,167.355,0.471322,0.157079,0.65455,2.92826,167.445
8.61,0.64983,2.92877,167.49,0.65455,2.92826,167.445,0.471322,0.157079,0.64995,2.92929,167.535
8.62,0.645229,2.92979,167.58,0.64995,2.92929,167.535,0.471322,0.157079,0.645348,2.93031,167.625
8.63,0.640626,2.9308,167.67,0.645348,2.93031,167.625,0.471322,0.157079,0.640744,2.93132,167.715
8.64,0.636021,2.9318,167.76,0.640744,2.93132,167.715,0.471322,0.157079,0.636139,2.93232,167.805
8.65,0.631415,2.9328,167.85,0.636139,2.93232,167.805,0.471322,0.157079,0.631532,2.93331,167.895
8.66,0.626808,2.93379,167.94,0.631532,2.93331,167.895,0.471322,0.157079,0.626923,2.9343,167.985
8.67,0.622199,2.93477,168.03,0.626923,2.9343,167.985,0.471322,0.157079,0.622313,2.93528,168.075
8.68,0.617588,2.93574,168.12,0.622313,2.93528,168.075,0.471322,0.157079,0.617702,2.93626,168.165
8.69,0.612976,2.93671,168.21,0.617702,2.93626,168.165,0.471322,0.157079,0.613089,2.93722,168.255
8.7,0.608362,2.93767,168.3,0.613089,2.93722,168.255,0.471322,0.157079,0.608474,2.93818,168.345
8.71,0.603747,2.93862,168.39,0.608474,2.93818,168.345,0.471322,0.157079,0.603858,2.93914,168.435
8.72,0.59913,2.93957,168.48,0.603858,2.93914,168.435,0.471322,0.157079,0.599241,2.94008,168.525
8.73,0.594512,2.9405,168.57,0.599241,2.94008,168.525,0.471322,0.157079,0.594622,2.94102,168.615
8.74,0.589892,2.94143,168.66,0.594622,2.94102,168.615,0.471322,0.157079,0.590001,2.94195,168.705
8.75,0.585271,2.94236,168.75,0.590001,2.94195,168.705,0.471322,0.157079,0.585379,2.94287,168.795
8.76,0.580648,2.94327,168.84,0.585379,2.94287,168.795,0.471322,0.157079,0.580756,2.94379,168.885
8.77,0.576024,2.94418,168.93,0.580756,2.94379,168.885,0.471322,0.157079,0.576131,2.9447,168.975
8.78,0.571399,2.94508,169.02,0.576131,2.9447,168.975,0.471322,0.157079,0.571505,2.9456,169.065
8.79,0.566772,2.94598,169.11,0.571505,2.9456,169.065,0.471322,0.157079,0.566877,2.94649,169.155
8.8,0.562144,2.94686,169.2,0.566877,2.94649,169.155,0.471322,0.157079,0.562248,2.94738,169.245
8.81,0.557514,2.94774,169.29,0.562248,2.94738,169.245,0.471322,0.157079,0.557618,2.94826,169.335
8.82,0.552883,2.94861,169.38,0.557618,2.94826,169.335,0.471322,0.157079,0.552986,2.94913,169.425
8.83,0.548251,2.94948,169.47,0.552986,2.94913,169.425,0.471322,0.157079,0.548353,2.95,169.515
8.84,0.543617,2.95034,169.56,0.548353,2.95,169.515,0.471322,0.157079,0.543718,2.95085,169.605
8.85,0.538982,2.95119,169.65,0.543718,2.95085,169.605,0.471322,0.157079,0.539083,2.9517,169.695
8.86,0.534346,2.95203,169.74,0.539083,2.9517,169.695,0.471322,0.157079,0.534445,2.95255,169.785
8.87,0.529708,2.95286,169.83,0.534445,2.95255,169.785,0.471322,0.157079,0.529807,2.95338,169.875
8.88,0.525069,2.95369,169.92,0.529807,2.95338,169.875,0.471322,0.157079,0.525167,2.95421,169.965
8.89,0.520429,2.95451,170.01,0.525167,2.95421,169.965,0.471322,0.157079,0.520526,2.95503,170.055
8.9,0.515787,2.95533,170.1,0.520526,2.95503,170.055,0.471322,0.157079,0.515884,2.95585,170.145
8.91,0.511144,2.95613,170.19,0.515884,2.95585,170.145,0.471322,0.157079,0.51124,2.95665,170.235
8.92,0.5065,2.95693,170.28,0.51124,2.95665,170.235,0.471322,0.157079,0.506595,2.95745,170.325
8.93,0.501855,2.95773,170.37,0.506595,2.95745,170.325,0.471322,0.157079,0.501949,2.95824,170.415
8.94,0.497208,2.95851,170.46,0.501949,2.95824,170.415,0.471322,0.157079,0.497301,2.95903,170.505
8.95,0.492561,2.95929,170.55,0.497301,2.95903,170.505,0.471322,0.157079,0.492653,2.95981,170.595
8.96,0.487911,2.96006,170.64,0.492653,2.95981,170.595,0.471322,0.157079,0.488003,2.96058,170.685
8.97,0.483261,2.96082,170.73,0.488003,2.96058,170.685,0.471322,0.157079,0.483352,2.96134,170.775
8.98,0.47861,2.96158,170.82,0.483352,2.96134,170.775,0.471322,0.157079,0.478699,2.9621,170.865
8.99,0.473957,2.96232,170.91,0.478699,2.9621,170.865,0.471322,0.157079,0.474046,2.96284,170.955
9,0.469303,2.96307,171,0.474046,2.96284,170.955,0.471322,0.157079,0.469391,2.96358,171.045
9.01,0.464648,2.9638,171.09,0.469391,2.96358,171.045,0.471322,0.157079,0.464736,2.96432,171.135
9.02,0.459992,2.96452,171.18,0.464736,2.96432,171.135,0.471322,0.157079,0.460079,2.96504,171.225
9.03,0.455335,2.96524,171.27,0.460079,2.96504,171.225,0.471322,0.157079,0.455421,2.96576,171.315
9.04,0.450677,2.96596,171.36,0.455421,2.96576,171.315,0.471322,0.157079,0.450762,2.96648,171.405
9.05,0.446017,2.96666,171.45,0.450762,2.96648,171.405,0.471322,0.157079,0.446101,2.96718,171.495
9.06,0.441357,2.96736,171.54,0.446101,2.96718,171.495,0.471322,0.157079,0.44144,2.96788,171.585
9.07,0.436695,2.96805,171.63,0.44144,2.96788,171.585,0.471322,0.157079,0.436777,2.96857,171.675
9.08,0.432032,2.96873,171.72,0.436777,2.96857,171.675,0.471322,0.157079,0.432114,2.96925,171.765
9.09,0.427369,2.9694,171.81,0.432114,2.96925,171.765,0.471322,0.157079,0.427449,2.96992,171.855
9.1,0.422704,2.97007,171.9,0.427449,2.96992,171.855,0.471322,0.157079,0.422784,2.97059,171.945
9.11,0.418038,2.97073,171.99,0.422784,2.97059,171.945,0.471322,0.157079,0.418117,2.97125,172.035
9.12,0.413371,2.97138,172.08,0.418117,2.97125,172.035,0.471322,0.157079,0.413449,2.97191,172.125
9.13,0.408703,2.97203,172.17,0.413449,2.97191,172.125,0.471322,0.157079,0.40878,2.97255,172.215
9.14,0.404034,2.97267,172.26,0.40878,2.97255,172.215,0.471322,0.157079,0.404111,2.97319,172.305
9.15,0.399364,2.9733,172.35,0.404111,2.97319,172.305,0.471322,0.157079,0.39944,2.97382,172.395
9.16,0.394693,2.97392,172.44,0.39944,2.97382,172.395,0.471322,0.157079,0.394768,2.97444,172.485
9.17,0.390021,2.97454,172.53,0.394768,2.97444,172.485,0.471322,0.157079,0.390095,2.97506,172.575
9.18,0.385348,2.97515,172.62,0.390095,2.97506,172.575,0.471322,0.157079,0.385422,2.97567,172.665
9.19,0.380674,2.97575,172.71,0.385422,2.97567,172.665,0.471322,0.157079,0.380747,2.97627,172.755
9.2,0.376,2.97634,172.8,0.380747,2.97627,172.755,0.471322,0.157079,0.376071,2.97687,172.845
9.21,0.371324,2.97693,172.89,0.376071,2.97687,172.845,0.471322,0.157079,0.371395,2.97745,172.935
9.22,0.366647,2.97751,172.98,0.371395,2.97745,172.935,0.471322,0.157079,0.366717,2.97803,173.025
9.23,0.36197,2.97808,173.07,0.366717,2.97803,173.025,0.471322,0.157079,0.362039,2.97861,173.115
9.24,0.357291,2.97865,173.16,0.362039,2.97861,173.115,0.471322,0.157079,0.35736,2.97917,173.205
9.25,0.352612,2.97921,173.25,0.35736,2.97917,173.205,0.471322,0.157079,0.35268,2.97973,173.295
9.26,0.347932,2.97976,173.34,0.35268,2.97973,173.295,0.471322,0.157079,0.347999,2.98028,173.385
9.27,0.343251,2.9803,173.43,0.347999,2.98028,173.385,0.471322,0.157079,0.343317,2.98082,173.475
9.28,0.338569,2.98083,173.52,0.343317,2.98082,173.475,0.471322,0.157079,0.338634,2.98136,173.565
9.29,0.333886,2.98136,173.61,0.338634,2.98136,173.565,0.471322,0.157079,0.333951,2.98189,173.655
9.3,0.329203,2.98188,173.7,0.333951,2.98189,173.655,0.471322,0.157079,0.329266,2.98241,173.745
9.31,0.324519,2.9824,173.79,0.329266,2.98241,173.745,0.471322,0.157079,0.324581,2.98292,173.835
9.32,0.319833,2.9829,173.88,0.324581,2.98292,173.835,0.471322,0.157079,0.319895,2.98343,173.925
9.33,0.315148,2.9834,173.97,0.319895,2.98343,173.925,0.471322,0.157079,0.315209,2.98392,174.015
9.34,0.310461,2.98389,174.06,0.315209,2.98392,174.015,0.471322,0.157079,0.310521,2.98442,174.105
9.35,0.305773,2.98438,174.15,0.310521,2.98442,174.105,0.471322,0.157079,0.305833,2.9849,174.195
9.36,0.301085,2.98485,174.24,0.305833,2.9849,174.195,0.471322,0.157079,0.301144,2.98538,174.285
9.37,0.296396,2.98532,174.33,0.301144,2.98538,174.285,0.471322,0.157079,0.296454,2.98585,174.375
9.38,0.291706,2.98578,174.42,0.296454,2.98585,174.375,0.471322,0.157079,0.291763,2.98631,174.465
9.39,0.287016,2.98624,174.51,0.291763,2.98631,174.465,0.471322,0.157079,0.287072,2.98676,174.555
9.4,0.282325,2.98669,174.6,0.287072,2.98676,174.555,0.471322,0.157079,0.28238,2.98721,174.645
9.41,0.277633,2.98713,174.69,0.28238,2.98721,174.645,0.471322,0.157079,0.277688,2.98765,174.735
9.42,0.272941,2.98756,174.78,0.277688,2.98765,174.735,0.471322,0.157079,0.272994,2.98808,174.825
9.43,0.268247,2.98798,174.87,0.272994,2.98808,174.825,0.471322,0.157079,0.2683,2.98851,174.915
9.44,0.263554,2.9884,174.96,0.2683,2.98851,174.915,0.471322,0.157079,0.263606,2.98893,175.005
9.45,0.258859,2.98881,175.05,0.263606,2.98893,175.005,0.471322,0.157079,0.25891,2.98934,175.095
9.46,0.254164,2.98921,175.14,0.25891,2.98934,175.095,0.471322,0.157079,0.254214,2.98974,175.185
9.47,0.249468,2.98961,175.23,0.254214,2.98974,175.185,0.471322,0.157079,0.249518,2.99013,175.275
9.48,0.244772,2.99,175.32,0.249518,2.99013,175.275,0.471322,0.157079,0.24482,2.99052,175.365
9.49,0.240075,2.99038,175.41,0.24482,2.99052,175.365,0.471322,0.157079,0.240123,2.9909,175.455
9.5,0.235377,2.99075,175.5,0.240123,2.9909,175.455,0.471322,0.157079,0.235424,2.99128,175.545
9.51,0.230679,2.99112,175.59,0.235424,2.99128,175.545,0.471322,0.157079,0.230725,2.99164,175.635
9.52,0.22598,2.99148,175.68,0.230725,2.99164,175.635,0.471322,0.157079,0.226026,2.992,175.725
9.53,0.221281,2.99183,175.77,0.226026,2.992,175.725,0.471322,0.157079,0.221326,2.99235,175.815
9.54,0.216581,2.99217,175.86,0.221326,2.99235,175.815,0.471322,0.157079,0.216625,2.9927,175.905
9.55,0.211881,2.99251,175.95,0.216625,2.9927,175.905,0.471322,0.157079,0.211924,2.99303,175.995
9.56,0.20718,2.99284,176.04,0.211924,2.99303,175.995,0.471322,0.157079,0.207222,2.99336,176.085
9.57,0.202479,2.99316,176.13,0.207222,2.99336,176.085,0.471322,0.157079,0.20252,2.99368,176.175
9.58,0.197777,2.99347,176.22,0.20252,2.99368,176.175,0.471322,0.157079,0.197817,2.994,176.265
9.59,0.193074,2.99378,176.31,0.197817,2.994,176.265,0.471322,0.157079,0.193114,2.99431,176.355
9.6,0.188372,2.99408,176.4,0.193114,2.99431,176.355,0.471322,0.157079,0.18841,2.99461,176.445
9.61,0.183668,2.99437,176.49,0.18841,2.99461,176.445,0.471322,0.157079,0.183706,2.9949,176.535
9.62,0.178964,2.99466,176.58,0.183706,2.9949,176.535,0.471322,0.157079,0.179002,2.99518,176.625
9.63,0.17426,2.99493,176.67,0.179002,2.99518,176.625,0.471322,0.157079,0.174297,2.99546,176.715
9.64,0.169556,2.9952,176.76,0.174297,2.99546,176.715,0.471322,0.157079,0.169591,2.99573,176.805
9.65,0.164851,2.99547,176.85,0.169591,2.99573,176.805,0.471322,0.157079,0.164885,2.99599,176.895
9.66,0.160145,2.99572,176.94,0.164885,2.99599,176.895,0.471322,0.157079,0.160179,2.99625,176.985
9.67,0.155439,2.99597,177.03,0.160179,2.99625,176.985,0.471322,0.157079,0.155472,2.9965,177.075
9.68,0.150733,2.99621,177.12,0.155472,2.9965,177.075,0.471322,0.157079,0.150765,2.99674,177.165
9.69,0.146026,2.99644,177.21,0.150765,2.99674,177.165,0.471322,0.157079,0.146058,2.99697,177.255
9.7,0.141319,2.99667,177.3,0.146058,2.99697,177.255,0.471322,0.157079,0.14135,2.9972,177.345
9.71,0.136612,2.99689,177.39,0.14135,2.9972,177.345,0.471322,0.15708,0.136642,2.99741,177.435
9.72,0.131904,2.9971,177.48,0.136642,2.99741,177.435,0.471322,0.15708,0.131933,2.99763,177.525
9.73,0.127196,2.9973,177.57,0.131933,2.99763,177.525,0.471322,0.15708,0.127224,2.99783,177.615
9.74,0.122488,2.9975,177.66,0.127224,2.99783,177.615,0.471322,0.15708,0.122515,2.99802,177.705
9.75,0.117779,2.99769,177.75,0.122515,2.99802,177.705,0.471322,0.15708,0.117806,2.99821,177.795
9.76,0.113071,2.99787,177.84,0.117806,2.99821,177.795,0.471322,0.15708,0.113096,2.99839,177.885
9.77,0.108361,2.99804,177.93,0.113096,2.99839,177.885,0.471322,0.15708,0.108386,2.99857,177.975
9.78,0.103652,2.99821,178.02,0.108386,2.99857,177.975,0.471322,0.15708,0.103676,2.99874,178.065
9.79,0.0989422,2.99837,178.11,0.103676,2.99874,178.065,0.471322,0.15708,0.0989653,2.99889,178.155
9.8,0.0942323,2.99852,178.2,0.0989653,2.99889,178.155,0.471322,0.15708,0.0942545,2.99905,178.245
9.81,0.0895221,2.99866,178.29,0.0942545,2.99905,178.245,0.471322,0.15708,0.0895435,2.99919,178.335
9.82,0.0848117,2.9988,178.38,0.0895435,2.99919,178.335,0.471322,0.15708,0.0848323,2.99933,178.425
9.83,0.0801011,2.99893,178.47,0.0848323,2.99933,178.425,0.471322,0.15708,0.0801208,2.99946,178.515
9.84,0.0753903,2.99905,178.56,0.0801208,2.99946,178.515,0.471322,0.15708,0.0754092,2.99958,178.605
9.85,0.0706793,2.99917,178.65,0.0754092,2.99958,178.605,0.471322,0.15708,0.0706974,2.99969,178.695
9.86,0.0659681,2.99927,178.74,0.0706974,2.99969,178.695,0.471322,0.15708,0.0659854,2.9998,178.785
9.87,0.0612568,2.99937,178.83,0.0659854,2.9998,178.785,0.471322,0.15708,0.0612732,2.9999,178.875
9.88,0.0565453,2.99947,178.92,0.0612732,2.9999,178.875,0.471322,0.15708,0.0565609,2.99999,178.965
9.89,0.0518337,2.99955,179.01,0.0565609,2.99999,178.965,0.471322,0.15708,0.0518485,3.00008,179.055
9.9,0.047122,2.99963,179.1,0.0518485,3.00008,179.055,0.471322,0.15708,0.0471359,3.00016,179.145
9.91,0.0424101,2.9997,179.19,0.0471359,3.00016,179.145,0.471322,0.15708,0.0424232,3.00023,179.235
9.92,0.0376981,2.99976,179.28,0.0424232,3.00023,179.235,0.471322,0.15708,0.0377104,3.00029,179.325
9.93,0.0329861,2.99982,179.37,0.0377104,3.00029,179.325,0.471322,0.15708,0.0329975,3.00035,179.415
9.94,0.0282739,2.99987,179.46,0.0329975,3.00035,179.415,0.471322,0.15708,0.0282846,3.00039,179.505
9.95,0.0235617,2.99991,179.55,0.0282846,3.00039,179.505,0.471322,0.15708,0.0235715,3.00043,179.595
9.96,0.0188494,2.99994,179.64,0.0235715,3.00043,179.595,0.471322,0.15708,0.0188584,3.00047,179.685
9.97,0.0141371,2.99997,179.73,0.0188584,3.00047,179.685,0.471322,0.15708,0.0141453,3.00049,179.775
9.98,0.00942476,2.99999,179.82,0.0141453,3.00049,179.775,0.471322,0.15708,0.00943209,3.00051,179.865
9.99,0.00471239,3,179.91,0.00943209,3.00051,179.865,0.471322,0.15708,0.00471889,3.00052,179.955
10,7.94536e-14,3,180,0.00471889,3.00052,179.955,0.471322,0.15708,5.67153e-06,3.00053,180.045
10.01,-0.00471239,3,180.09,5.67153e-06,3.00053,180.045,0.471322,0.15708,-0.00470754,3.00052,180.135
10.02,-0.00942476,2.99999,180.18,-0.00470754,3.00052,180.135,0.471322,0.15708,-0.00942075,3.00051,180.225
10.03,-0.0141371,2.99997,180.27,-0.00942075,3.00051,180.225,0.471322,0.15708,-0.0141339,3.00049,180.315
10.04,-0.0188494,2.99994,180.36,-0.0141339,3.00049,180.315,0.471322,0.15708,-0.0188471,3.00047,180.405
10.05,-0.0235617,2.99991,180.45,-0.0188471,3.00047,180.405,0.471322,0.15708,-0.0235602,3.00043,180.495
10.06,-0.0282739,2.99987,180.54,-0.0235602,3.00043,180.495,0.471322,0.15708,-0.0282732,3.00039,180.585
10.07,-0.0329861,2.99982,180.63,-0.0282732,3.00039,180.585,0.471322,0.15708,-0.0329862,3.00035,180.675
10.08,-0.0376981,2.99976,180.72,-0.0329862,3.00035,180.675,0.471322,0.15708,-0.0376991,3.00029,180.765
10.09,-0.0424101,2.9997,180.81,-0.0376991,3.00029,180.765,0.471322,0.15708,-0.0424119,3.00023,180.855
10.1,-0.047122,2.99963,180.9,-0.0424119,3.00023,180.855,0.471322,0.15708,-0.0471246,3.00016,180.945
10.11,-0.0518337,2.99955,180.99,-0.0471246,3.00016,180.945,0.471322,0.15708,-0.0518371,3.00008,181.035
10.12,-0.0565453,2.99947,181.08,-0.0518371,3.00008,181.035,0.471322,0.15708,-0.0565496,2.99999,181.125
10.13,-0.0612568,2.99937,181.17,-0.0565496,2.99999,181.125,0.471322,0.15708,-0.0612619,2.9999,181.215
10.14,-0.0659681,2.99927,181.26,-0.0612619,2.9999,181.215,0.471322,0.15708,-0.065974,2.9998,181.305
10.15,-0.0706793,2.99917,181.35,-0.065974,2.9998,181.305,0.471322,0.15708,-0.070686,2.99969,181.395
10.16,-0.0753903,2.99905,181.44,-0.070686,2.99969,181.395,0.471322,0.15708,-0.0753979,2.99958,181.485
10.17,-0.0801011,2.99893,181.53,-0.0753979,2.99958,181.485,0.471322,0.15708,-0.0801095,2.99946,181.575
10.18,-0.0848117,2.9988,181.62,-0.0801095,2.99946,181.575,0.471322,0.15708,-0.0848209,2.99933,181.665
10.19,-0.0895221,2.99866,181.71,-0.0848209,2.99933,181.665,0.471322,0.15708,-0.0895322,2.99919,181.755
10.2,-0.0942323,2.99852,181.8,-0.0895322,2.99919,181.755,0.471322,0.15708,-0.0942432,2.99905,181.845
10.21,-0.0989422,2.99837,181.89,-0.0942432,2.99905,181.845,0.471322,0.15708,-0.0989539,2.99889,181.935
10.22,-0.103652,2.99821,181.98,-0.0989539,2.99889,181.935,0.471322,0.15708,-0.103664,2.99874,182.025
10.23,-0.108361,2.99804,182.07,-0.103664,2.99874,182.025,0.471322,0.15708,-0.108375,2.99857,182.115
10.24,-0.113071,2.99787,182.16,-0.108375,2.99857,182.115,0.471322,0.15708,-0.113085,2.9984,182.205
10.25,-0.117779,2.99769,182.25,-0.113085,2.9984,182.205,0.471322,0.15708,-0.117794,2.99821,182.295
10.26,-0.122488,2.9975,182.34,-0.117794,2.99821,182.295,0.471322,0.15708,-0.122504,2.99803,182.385
10.27,-0.127196,2.9973,182.43,-0.122504,2.99803,182.385,0.471322,0.15708,-0.127213,2.99783,182.475
10.28,-0.131904,2.9971,182.52,-0.127213,2.99783,182.475,0.471322,0.15708,-0.131922,2.99763,182.565
10.29,-0.136612,2.99689,182.61,-0.131922,2.99763,182.565,0.471322,0.15708,-0.13663,2.99741,182.655
10.3,-0.141319,2.99667,182.7,-0.13663,2.99741,182.655,0.471322,0.15708,-0.141339,2.9972,182.745
10.31,-0.146026,2.99644,182.79,-0.141339,2.9972,182.745,0.471322,0.15708,-0.146046,2.99697,182.835
10.32,-0.150733,2.99621,182.88,-0.146046,2.99697,182.835,0.471322,0.15708,-0.150754,2.99674,182.925
10.33,-0.155439,2.99597,182.97,-0.150754,2.99674,182.925,0.471322,0.15708,-0.155461,2.9965,183.015
10.34,-0.160145,2.99572,183.06,-0.155461,2.9965,183.015,0.471322,0.15708,-0.160168,2.99625,183.105
10.35,-0.164851,2.99547,183.15,-0.160168,2.99625,183.105,0.471322,0.15708,-0.164874,2.99599,183.195
10.36,-0.169556,2.9952,183.24,-0.164874,2.99599,183.195,0.471322,0.15708,-0.16958,2.99573,183.285
10.37,-0.17426,2.99493,183.33,-0.16958,2.99573,183.285,0.471322,0.15708,-0.174285,2.99546,183.375
10.38,-0.178964,2.99466,183.42,-0.174285,2.99546,183.375,0.471322,0.15708,-0.17899,2.99518,183.465
10.39,-0.183668,2.99437,183.51,-0.17899,2.99518,183.465,0.471322,0.15708,-0.183695,2.9949,183.555
10.4,-0.188372,2.99408,183.6,-0.183695,2.9949,183.555,0.471322,0.15708,-0.188399,2.99461,183.645
10.41,-0.193074,2.99378,183.69,-0.188399,2.99461,183.645,0.471322,0.15708,-0.193103,2.99431,183.735
10.42,-0.197777,2.99347,183.78,-0.193103,2.99431,183.735,0.471322,0.15708,-0.197806,2.994,183.825
10.43,-0.202479,2.99316,183.87,-0.197806,2.994,183.825,0.471322,0.15708,-0.202509,2.99369,183.915
10.44,-0.20718,2.99284,183.96,-0.202509,2.99369,183.915,0.471322,0.15708,-0.207211,2.99336,184.005
10.45,-0.211881,2.99251,184.05,-0.207211,2.99336,184.005,0.471322,0.15708,-0.211913,2.99303,184.095
10.46,-0.216581,2.99217,184.14,-0.211913,2.99303,184.095,0.471322,0.15708,-0.216614,2.9927,184.185
10.47,-0.221281,2.99183,184.23,-0.216614,2.9927,184.185,0.471322,0.15708,-0.221314,2.99235,184.275
10.48,-0.22598,2.99148,184.32,-0.221314,2.99235,184.275,0.471322,0.15708,-0.226014,2.992,184.365
10.49,-0.230679,2.99112,184.41,-0.226014,2.992,184.365,0.471322,0.15708,-0.230714,2.99164,184.455
10.5,-0.235377,2.99075,184.5,-0.230714,2.99164,184.455,0.471322,0.15708,-0.235413,2.99128,184.545
10.51,-0.240075,2.99038,184.59,-0.235413,2.99128,184.545,0.471322,0.15708,-0.240111,2.9909,184.635
10.52,-0.244772,2.99,184.68,-0.240111,2.9909,184.635,0.471322,0.15708,-0.244809,2.99052,184.725
10.53,-0.249468,2.98961,184.77,-0.244809,2.99052,184.725,0.471322,0.15708,-0.249506,2.99014,184.815
10.54,-0.254164,2.98921,184.86,-0.249506,2.99014,184.815,0.471322,0.15708,-0.254203,2.98974,184.905
10.55,-0.258859,2.98881,184.95,-0.254203,2.98974,184.905,0.471322,0.15708,-0.258899,2.98934,184.995
10.56,-0.263554,2.9884,185.04,-0.258899,2.98934,184.995,0.471322,0.15708,-0.263594,2.98893,185.085
10.57,-0.268247,2.98798,185.13,-0.263594,2.98893,185.085,0.471322,0.15708,-0.268289,2.98851,185.175
10.58,-0.272941,2.98756,185.22,-0.268289,2.98851,185.175,0.471322,0.15708,-0.272983,2.98808,185.265
10.59,-0.277633,2.98713,185.31,-0.272983,2.98808,185.265,0.471322,0.15708,-0.277676,2.98765,185.355
10.6,-0.282325,2.98669,185.4,-0.277676,2.98765,185.355,0.471322,0.15708,-0.282369,2.98721,185.445
10.61,-0.287016,2.98624,185.49,-0.282369,2.98721,185.445,0.471322,0.15708,-0.287061,2.98676,185.535
10.62,-0.291706,2.98578,185.58,-0.287061,2.98676,185.535,0.471322,0.15708,-0.291752,2.98631,185.625
10.63,-0.296396,2.98532,185.67,-0.291752,2.98631,185.625,0.471322,0.15708,-0.296443,2.98585,185.715
10.64,-0.301085,2.98485,185.76,-0.296443,2.98585,185.715,0.471322,0.15708,-0.301132,2.98538,185.805
10.65,-0.305773,2.98438,185.85,-0.301132,2.98538,185.805,0.471322,0.15708,-0.305821,2.9849,185.895
10.66,-0.310461,2.98389,185.94,-0.305821,2.9849,185.895,0.471322,0.15708,-0.31051,2.98442,185.985
10.67,-0.315148,2.9834,186.03,-0.31051,2.98442,185.985,0.471322,0.15708,-0.315197,2.98393,186.075
10.68,-0.319833,2.9829,186.12,-0.315197,2.98393,186.075,0.471322,0.15708,-0.319884,2.98343,186.165
10.69,-0.324519,2.9824,186.21,-0.319884,2.98343,186.165,0.471322,0.15708,-0.32457,2.98292,186.255
10.7,-0.329203,2.98188,186.3,-0.32457,2.98292,186.255,0.471322,0.15708,-0.329255,2.98241,186.345
10.71,-0.333886,2.98136,186.39,-0.329255,2.98241,186.345,0.471322,0.15708,-0.333939,2.98189,186.435
10.72,-0.338569,2.98083,186.48,-0.333939,2.98189,186.435,0.471322,0.15708,-0.338623,2.98136,186.525
10.73,-0.343251,2.9803,186.57,-0.338623,2.98136,186.525,0.471322,0.15708,-0.343306,2.98082,186.615
10.74,-0.347932,2.97976,186.66,-0.343306,2.98082,186.615,0.471322,0.15708,-0.347988,2.98028,186.705
10.75,-0.352612,2.97921,186.75,-0.347988,2.98028,186.705,0.471322,0.15708,-0.352668,2.97973,186.795
10.76,-0.357291,2.97865,186.84,-0.352668,2.97973,186.795,0.471322,0.15708,-0.357349,2.97917,186.885
10.77,-0.36197,2.97808,186.93,-0.357349,2.97917,186.885,0.471322,0.15708,-0.362028,2.97861,186.975
10.78,-0.366647,2.97751,187.02,-0.362028,2.97861,186.975,0.471322,0.15708,-0.366706,2.97803,187.065
10.79,-0.371324,2.97693,187.11,-0.366706,2.97803,187.065,0.471322,0.15708,-0.371384,2.97745,187.155
10.8,-0.376,2.97634,187.2,-0.371384,2.97745,187.155,0.471322,0.15708,-0.37606,2.97687,187.245
10.81,-0.380674,2.97575,187.29,-0.37606,2.97687,187.245,0.471322,0.15708,-0.380736,2.97627,187.335
10.82,-0.385348,2.97515,187.38,-0.380736,2.97627,187.335,0.471322,0.15708,-0.38541,2.97567,187.425
10.83,-0.390021,2.97454,187.47,-0.38541,2.97567,187.425,0.471322,0.15708,-0.390084,2.97506,187.515
10.84,-0.394693,2.97392,187.56,-0.390084,2.97506,187.515,0.471322,0.15708,-0.394757,2.97445,187.605
10.85,-0.399364,2.9733,187.65,-0.394757,2.97445,187.605,0.471322,0.15708,-0.399429,2.97382,187.695
10.86,-0.404034,2.97267,187.74,-0.399429,2.97382,187.695,0.471322,0.15708,-0.404099,2.97319,187.785
10.87,-0.408703,2.97203,187.83,-0.404099,2.97319,187.785,0.471322,0.15708,-0.408769,2.97255,187.875
10.88,-0.413371,2.97138,187.92,-0.408769,2.97255,187.875,0.471322,0.15708,-0.413438,2.97191,187.965
10.89,-0.418038,2.97073,188.01,-0.413438,2.97191,187.965,0.471322,0.15708,-0.418106,2.97125,188.055
10.9,-0.422704,2.97007,188.1,-0.418106,2.97125,188.055,0.471322,0.15708,-0.422772,2.97059,188.145
10.91,-0.427369,2.9694,188.19,-0.422772,2.97059,188.145,0.471322,0.15708,-0.427438,2.96993,188.235
10.92,-0.432032,2.96873,188.28,-0.427438,2.96993,188.235,0.471322,0.15708,-0.432103,2.96925,188.325
10.93,-0.436695,2.96805,188.37,-0.432103,2.96925,188.325,0.471322,0.15708,-0.436766,2.96857,188.415
10.94,-0.441357,2.96736,188.46,-0.436766,2.96857,188.415,0.471322,0.15708,-0.441429,2.96788,188.505
10.95,-0.446017,2.96666,188.55,-0.441429,2.96788,188.505,0.471322,0.15708,-0.44609,2.96718,188.595
10.96,-0.450677,2.96596,188.64,-0.44609,2.96718,188.595,0.471322,0.15708,-0.45075,2.96648,188.685
10.97,-0.455335,2.96524,188.73,-0.45075,2.96648,188.685,0.471322,0.15708,-0.455409,2.96577,188.775
10.98,-0.459992,2.96452,188.82,-0.455409,2.96577,188.775,0.471322,0.15708,-0.460068,2.96505,188.865
10.99,-0.464648,2.9638,188.91,-0.460068,2.96505,188.865,0.471322,0.15708,-0.464724,2.96432,188.955
11,-0.469303,2.96307,189,-0.464724,2.96432,188.955,0.471322,0.15708,-0.46938,2.96359,189.045
11.01,-0.473957,2.96232,189.09,-0.46938,2.96359,189.045,0.471322,0.15708,-0.474035,2.96285,189.135
11.02,-0.47861,2.96158,189.18,-0.474035,2.96285,189.135,0.471322,0.15708,-0.478688,2.9621,189.225
11.03,-0.483261,2.96082,189.27,-0.478688,2.9621,189.225,0.471322,0.15708,-0.483341,2.96134,189.315
11.04,-0.487911,2.96006,189.36,-0.483341,2.96134,189.315,0.471322,0.15708,-0.487992,2.96058,189.405
11.05,-0.492561,2.95929,189.45,-0.487992,2.96058,189.405,0.471322,0.15708,-0.492641,2.95981,189.495
11.06,-0.497208,2.95851,189.54,-0.492641,2.95981,189.495,0.471322,0.15708,-0.49729,2.95903,189.585
11.07,-0.501855,2.95773,189.63,-0.49729,2.95903,189.585,0.471322,0.15708,-0.501938,2.95825,189.675
11.08,-0.5065,2.95693,189.72,-0.501938,2.95825,189.675,0.471322,0.15708,-0.506584,2.95745,189.765
11.09,-0.511144,2.95613,189.81,-0.506584,2.95745,189.765,0.471322,0.15708,-0.511229,2.95665,189.855
11.1,-0.515787,2.95533,189.9,-0.511229,2.95665,189.855,0.471322,0.15708,-0.515872,2.95585,189.945
11.11,-0.520429,2.95451,189.99,-0.515872,2.95585,189.945,0.471322,0.15708,-0.520515,2.95503,190.035
11.12,-0.525069,2.95369,190.08,-0.520515,2.95503,190.035,0.471322,0.15708,-0.525156,2.95421,190.125
11.13,-0.529708,2.95286,190.17,-0.525156,2.95421,190.125,0.471322,0.15708,-0.529796,2.95338,190.215
11.14,-0.534346,2.95203,190.26,-0.529796,2.95338,190.215,0.471322,0.15708,-0.534434,2.95255,190.305
11.15,-0.538982,2.95119,190.35,-0.534434,2.95255,190.305,0.471322,0.15708,-0.539071,2.95171,190.395
11.16,-0.543617,2.95034,190.44,-0.539071,2.95171,190.395,0.471322,0.15708,-0.543707,2.95085,190.485
11.17,-0.548251,2.94948,190.53,-0.543707,2.95085,190.485,0.471322,0.15708,-0.548342,2.95,190.575
11.18,-0.552883,2.94861,190.62,-0.548342,2.95,190.575,0.471322,0.15708,-0.552975,2.94913,190.665
11.19,-0.557514,2.94774,190.71,-0.552975,2.94913,190.665,0.471322,0.15708,-0.557607,2.94826,190.755
11.2,-0.562144,2.94686,190.8,-0.557607,2.94826,190.755,0.471322,0.15708,-0.562237,2.94738,190.845
11.21,-0.566772,2.94598,190.89,-0.562237,2.94738,190.845,0.471322,0.15708,-0.566866,2.94649,190.935
11.22,-0.571399,2.94508,190.98,-0.566866,2.94649,190.935,0.471322,0.15708,-0.571494,2.9456,191.025
11.23,-0.576024,2.94418,191.07,-0.571494,2.9456,191.025,0.471322,0.15708,-0.57612,2.9447,191.115
11.24,-0.580648,2.94327,191.16,-0.57612,2.9447,191.115,0.471322,0.15708,-0.580745,2.94379,191.205
11.25,-0.585271,2.94236,191.25,-0.580745,2.94379,191.205,0.471322,0.15708,-0.585368,2.94287,191.295
11.26,-0.589892,2.94143,191.34,-0.585368,2.94287,191.295,0.471322,0.15708,-0.58999,2.94195,191.385
11.27,-0.594512,2.9405,191.43,-0.58999,2.94195,191.385,0.471322,0.15708,-0.594611,2.94102,191.475
11.28,-0.59913,2.93957,191.52,-0.594611,2.94102,191.475,0.471322,0.15708,-0.59923,2.94008,191.565
11.29,-0.603747,2.93862,191.61,-0.59923,2.94008,191.565,0.471322,0.15708,-0.603847,2.93914,191.655
11.3,-0.608362,2.93767,191.7,-0.603847,2.93914,191.655,0.471322,0.15708,-0.608463,2.93819,191.745
11.31,-0.612976,2.93671,191.79,-0.608463,2.93819,191.745,0.471322,0.15708,-0.613078,2.93723,191.835
11.32,-0.617588,2.93574,191.88,-0.613078,2.93723,191.835,0.471322,0.15708,-0.617691,2.93626,191.925
11.33,-0.622199,2.93477,191.97,-0.617691,2.93626,191.925,0.471322,0.15708,-0.622302,2.93529,192.015
11.34,-0.626808,2.93379,192.06,-0.622302,2.93529,192.015,0.471322,0.15708,-0.626912,2.9343,192.105
11.35,-0.631415,2.9328,192.15,-0.626912,2.9343,192.105,0.471322,0.15708,-0.631521,2.93332,192.195
11.36,-0.636021,2.9318,192.24,-0.631521,2.93332,192.195,0.471322,0.15708,-0.636128,2.93232,192.285
11.37,-0.640626,2.9308,192.33,-0.636128,2.93232,192.285,0.471322,0.15708,-0.640733,2.93132,192.375
11.38,-0.645229,2.92979,192.42,-0.640733,2.93132,192.375,0.471322,0.15708,-0.645337,2.93031,192.465
11.39,-0.64983,2.92877,192.51,-0.645337,2.93031,192.465,0.471322,0.15708,-0.649939,2.92929,192.555
11.4,-0.65443,2.92775,192.6,-0.649939,2.92929,192.555,0.471322,0.15708,-0.654539,2.92827,192.645
11.41,-0.659028,2.92672,192.69,-0.654539,2.92827,192.645,0.471322,0.15708,-0.659138,2.92723,192.735
11.42,-0.663624,2.92568,192.78,-0.659138,2.92723,192.735,0.471322,0.15708,-0.663735,2.9262,192.825
11.43,-0.668219,2.92463,192.87,-0.663735,2.9262,192.825,0.471322,0.15708,-0.668331,2.92515,192.915
11.44,-0.672812,2.92358,192.96,-0.668331,2.92515,192.915,0.471322,0.15708,-0.672925,2.9241,193.005
11.45,-0.677404,2.92252,193.05,-0.672925,2.9241,193.005,0.471322,0.15708,-0.677517,2.92303,193.095
11.46,-0.681994,2.92145,193.14,-0.677517,2.92303,193.095,0.471322,0.15708,-0.682108,2.92197,193.185
11.47,-0.686582,2.92038,193.23,-0.682108,2.92197,193.185,0.471322,0.15708,-0.686697,2.92089,193.275
11.48,-0.691168,2.9193,193.32,-0.686697,2.92089,193.275,0.471322,0.15708,-0.691284,2.91981,193.365
11.49,-0.695753,2.91821,193.41,-0.691284,2.91981,193.365,0.471322,0.15708,-0.69587,2.91872,193.455
11.5,-0.700336,2.91711,193.5,-0.69587,2.91872,193.455,0.471322,0.15708,-0.700454,2.91762,193.545
11.51,-0.704917,2.91601,193.59,-0.700454,2.91762,193.545,0.471322,0.15708,-0.705036,2.91652,193.635
11.52,-0.709497,2.9149,193.68,-0.705036,2.91652,193.635,0.471322,0.15708,-0.709616,2.91541,193.725
11.53,-0.714075,2.91378,193.77,-0.709616,2.91541,193.725,0.471322,0.15708,-0.714195,2.91429,193.815
11.54,-0.718651,2.91265,193.86,-0.714195,2.91429,193.815,0.471322,0.15708,-0.718772,2.91316,193.905
11.55,-0.723225,2.91152,193.95,-0.718772,2.91316,193.905,0.471322,0.15708,-0.723347,2.91203,193.995
11.56,-0.727798,2.91038,194.04,-0.723347,2.91203,193.995,0.471322,0.15708,-0.72792,2.91089,194.085
11.57,-0.732368,2.90923,194.13,-0.72792,2.91089,194.085,0.471322,0.15708,-0.732492,2.90975,194.175
11.58,-0.736937,2.90808,194.22,-0.732492,2.90975,194.175,0.471322,0.15708,-0.737061,2.90859,194.265
11.59,-0.741504,2.90692,194.31,-0.737061,2.90859,194.265,0.471322,0.15708,-0.741629,2.90743,194.355
11.6,-0.74607,2.90575,194.4,-0.741629,2.90743,194.355,0.471322,0.15708,-0.746195,2.90626,194.445
11.61,-0.750633,2.90457,194.49,-0.746195,2.90626,194.445,0.471322,0.15708,-0.750759,2.90509,194.535
11.62,-0.755195,2.90339,194.58,-0.750759,2.90509,194.535,0.471322,0.15708,-0.755322,2.9039,194.625
11.63,-0.759754,2.9022,194.67,-0.755322,2.9039,194.625,0.471322,0.15708,-0.759882,2.90271,194.715
11.64,-0.764312,2.901,194.76,-0.759882,2.90271,194.715,0.471322,0.15708,-0.764441,2.90152,194.805
11.65,-0.768868,2.8998,194.85,-0.764441,2.90152,194.805,0.471322,0.15708,-0.768998,2.90031,194.895
11.66,-0.773422,2.89859,194.94,-0.768998,2.90031,194.895,0.471322,0.15708,-0.773553,2.8991,194.985
11.67,-0.777974,2.89737,195.03,-0.773553,2.8991,194.985,0.471322,0.15708,-0.778105,2.89788,195.075
11.68,-0.782525,2.89614,195.12,-0.778105,2.89788,195.075,0.471322,0.15708,-0.782656,2.89666,195.165
11.69,-0.787073,2.89491,195.21,-0.782656,2.89666,195.165,0.471322,0.15708,-0.787206,2.89542,195.255
11.7,-0.791619,2.89367,195.3,-0.787206,2.89542,195.255,0.471322,0.15708,-0.791753,2.89418,195.345
11.71,-0.796164,2.89243,195.39,-0.791753,2.89418,195.345,0.471322,0.15708,-0.796298,2.89293,195.435
11.72,-0.800706,2.89117,195.48,-0.796298,2.89293,195.435,0.471322,0.15708,-0.800841,2.89168,195.525
11.73,-0.805246,2.88991,195.57,-0.800841,2.89168,195.525,0.471322,0.15708,-0.805382,2.89042,195.615
11.74,-0.809785,2.88864,195.66,-0.805382,2.89042,195.615,0.471322,0.15708,-0.809922,2.88915,195.705
11.75,-0.814321,2.88737,195.75,-0.809922,2.88915,195.705,0.471322,0.15708,-0.814459,2.88787,195.795
11.76,-0.818856,2.88608,195.84,-0.814459,2.88787,195.795,0.471322,0.15708,-0.818994,2.88659,195.885
11.77,-0.823388,2.88479,195.93,-0.818994,2.88659,195.885,0.471322,0.15708,-0.823527,2.8853,195.975
11.78,-0.827919,2.8835,196.02,-0.823527,2.8853,195.975,0.471322,0.15708,-0.828059,2.884,196.065
11.79,-0.832447,2.88219,196.11,-0.828059,2.884,196.065,0.471322,0.15708,-0.832588,2.8827,196.155
11.8,-0.836973,2.88088,196.2,-0.832588,2.8827,196.155,0.471322,0.15708,-0.837115,2.88139,196.245
11.81,-0.841498,2.87956,196.29,-0.837115,2.88139,196.245,0.471322,0.15708,-0.84164,2.88007,196.335
11.82,-0.84602,2.87824,196.38,-0.84164,2.88007,196.335,0.471322,0.15708,-0.846163,2.87874,196.425
11.83,-0.85054,2.8769,196.47,-0.846163,2.87874,196.425,0.471322,0.15708,-0.850684,2.87741,196.515
11.84,-0.855058,2.87557,196.56,-0.850684,2.87741,196.515,0.471322,0.15708,-0.855203,2.87607,196.605
11.85,-0.859574,2.87422,196.65,-0.855203,2.87607,196.605,0.471322,0.15708,-0.859719,2.87473,196.695
11.86,-0.864087,2.87286,196.74,-0.859719,2.87473,196.695,0.471322,0.15708,-0.864234,2.87337,196.785
11.87,-0.868599,2.8715,196.83,-0.864234,2.87337,196.785,0.471322,0.15708,-0.868746,2.87201,196.875
11.88,-0.873109,2.87014,196.92,-0.868746,2.87201,196.875,0.471322,0.15708,-0.873256,2.87064,196.965
11.89,-0.877616,2.86876,197.01,-0.873256,2.87064,196.965,0.471322,0.15708,-0.877765,2.86927,197.055
11.9,-0.882121,2.86738,197.1,-0.877765,2.86927,197.055,0.471322,0.15708,-0.88227,2.86788,197.145
11.91,-0.886624,2.86599,197.19,-0.88227,2.86788,197.145,0.471322,0.15708,-0.886774,2.86649,197.235
11.92,-0.891125,2.86459,197.28,-0.886774,2.86649,197.235,0.471322,0.15708,-0.891276,2.8651,197.325
11.93,-0.895623,2.86319,197.37,-0.891276,2.8651,197.325,0.471322,0.15708,-0.895775,2.86369,197.415
11.94,-0.90012,2.86178,197.46,-0.895775,2.86369,197.415,0.471322,0.15708,-0.900272,2.86228,197.505
11.95,-0.904614,2.86036,197.55,-0.900272,2.86228,197.505,0.471322,0.15708,-0.904767,2.86087,197.595
11.96,-0.909106,2.85894,197.64,-0.904767,2.86087,197.595,0.471322,0.15708,-0.90926,2.85944,197.685
11.97,-0.913595,2.85751,197.73,-0.90926,2.85944,197.685,0.471322,0.15708,-0.913751,2.85801,197.775
11.98,-0.918083,2.85607,197.82,-0.913751,2.85801,197.775,0.471322,0.15708,-0.918239,2.85657,197.865
11.99,-0.922568,2.85462,197.91,-0.918239,2.85657,197.865,0.471322,0.15708,-0.922725,2.85513,197.955
12,-0.927051,2.85317,198,-0.922725,2.85513,197.955,0.471322,0.15708,-0.927208,2.85367,198.045
12.01,-0.931532,2.85171,198.09,-0.927208,2.85367,198.045,0.471322,0.15708,-0.93169,2.85221,198.135
12.02,-0.93601,2.85024,198.18,-0.93169,2.85221,198.135,0.471322,0.15708,-0.936169,2.85075,198.225
12.03,-0.940486,2.84877,198.27,-0.936169,2.85075,198.225,0.471322,0.15708,-0.940646,2.84927,198.315
12.04,-0.94496,2.84729,198.36,-0.940646,2.84927,198.315,0.471322,0.15708,-0.94512,2.84779,198.405
12.05,-0.949431,2.8458,198.45,-0.94512,2.84779,198.405,0.471322,0.15708,-0.949592,2.8463,198.495
12.06,-0.9539,2.84431,198.54,-0.949592,2.8463,198.495,0.471322,0.15708,-0.954062,2.84481,198.585
12.07,-0.958367,2.8428,198.63,-0.954062,2.84481,198.585,0.471322,0.15708,-0.95853,2.8433,198.675
12.08,-0.962831,2.84129,198.72,-0.95853,2.8433,198.675,0.471322,0.15708,-0.962995,2.8418,198.765
12.09,-0.967293,2.83978,198.81,-0.962995,2.8418,198.765,0.471322,0.15708,-0.967457,2.84028,198.855
12.1,-0.971752,2.83826,198.9,-0.967457,2.84028,198.855,0.471322,0.15708,-0.971918,2.83876,198.945
12.11,-0.976209,2.83673,198.99,-0.971918,2.83876,198.945,0.471322,0.15708,-0.976375,2.83723,199.035
12.12,-0.980664,2.83519,199.08,-0.976375,2.83723,199.035,0.471322,0.15708,-0.980831,2.83569,199.125
12.13,-0.985116,2.83365,199.17,-0.980831,2.83569,199.125,0.471322,0.15708,-0.985284,2.83414,199.215
12.14,-0.989566,2.83209,199.26,-0.985284,2.83414,199.215,0.471322,0.15708,-0.989735,2.83259,199.305
12.15,-0.994014,2.83054,199.35,-0.989735,2.83259,199.305,0.471322,0.15708,-0.994183,2.83104,199.395
12.16,-0.998459,2.82897,199.44,-0.994183,2.83104,199.395,0.471322,0.15708,-0.998629,2.82947,199.485
12.17,-1.0029,2.8274,199.53,-0.998629,2.82947,199.485,0.471322,0.15708,-1.00307,2.8279,199.575
12.18,-1.00734,2.82582,199.62,-1.00307,2.8279,199.575,0.471322,0.15708,-1.00751,2.82632,199.665
12.19,-1.01178,2.82424,199.71,-1.00751,2.82632,199.665,0.471322,0.15708,-1.01195,2.82473,199.755
12.2,-1.01621,2.82264,199.8,-1.01195,2.82473,199.755,0.471322,0.15708,-1.01639,2.82314,199.845
12.21,-1.02065,2.82104,199.89,-1.01639,2.82314,199.845,0.471322,0.15708,-1.02082,2.82154,199.935
12.22,-1.02508,2.81944,199.98,-1.02082,2.82154,199.935,0.471322,0.15708,-1.02525,2.81993,200.025
12.23,-1.0295,2.81782,200.07,-1.02525,2.81993,200.025,0.471322,0.15708,-1.02968,2.81832,200.115
12.24,-1.03393,2.8162,200.16,-1.02968,2.81832,200.115,0.471322,0.15708,-1.03411,2.8167,200.205
12.25,-1.03835,2.81457,200.25,-1.03411,2.8167,200.205,0.471322,0.15708,-1.03853,2.81507,200.295
12.26,-1.04277,2.81294,200.34,-1.03853,2.81507,200.295,0.471322,0.15708,-1.04295,2.81344,200.385
12.27,-1.04719,2.8113,200.43,-1.04295,2.81344,200.385,0.471322,0.15708,-1.04737,2.81179,200.475
12.28,-1.0516,2.80965,200.52,-1.04737,2.81179,200.475,0.471322,0.15708,-1.05178,2.81015,200.565
12.29,-1.05602,2.80799,200.61,-1.05178,2.81015,200.565,0.471322,0.15708,-1.0562,2.80849,200.655
12.3,-1.06042,2.80633,200.7,-1.0562,2.80849,200.655,0.471322,0.15708,-1.06061,2.80683,200.745
12.31,-1.06483,2.80466,200.79,-1.06061,2.80683,200.745,0.471322,0.15708,-1.06501,2.80516,200.835
12.32,-1.06924,2.80299,200.88,-1.06501,2.80516,200.835,0.471322,0.15708,-1.06942,2.80348,200.925
12.33,-1.07364,2.8013,200.97,-1.06942,2.80348,200.925,0.471322,0.15708,-1.07382,2.8018,201.015
12.34,-1.07804,2.79961,201.06,-1.07382,2.8018,201.015,0.471322,0.15708,-1.07822,2.80011,201.105
12.35,-1.08243,2.79792,201.15,-1.07822,2.80011,201.105,0.471322,0.15708,-1.08262,2.79841,201.195
12.36,-1.08683,2.79621,201.24,-1.08262,2.79841,201.195,0.471322,0.15708,-1.08701,2.79671,201.285
12.37,-1.09122,2.7945,201.33,-1.08701,2.79671,201.285,0.471322,0.15708,-1.0914,2.795,201.375
12.38,-1.09561,2.79279,201.42,-1.0914,2.795,201.375,0.471322,0.15708,-1.09579,2.79328,201.465
12.39,-1.09999,2.79106,201.51,-1.09579,2.79328,201.465,0.471322,0.15708,-1.10018,2.79155,201.555
12.4,-1.10437,2.78933,201.6,-1.10018,2.79155,201.555,0.471322,0.15708,-1.10456,2.78982,201.645
12.41,-1.10875,2.78759,201.69,-1.10456,2.78982,201.645,0.471322,0.15708,-1.10894,2.78808,201.735
12.42,-1.11313,2.78585,201.78,-1.10894,2.78808,201.735,0.471322,0.15708,-1.11332,2.78634,201.825
12.43,-1.11751,2.78409,201.87,-1.11332,2.78634,201.825,0.471322,0.15708,-1.1177,2.78459,201.915
12.44,-1.12188,2.78234,201.96,-1.1177,2.78459,201.915,0.471322,0.15708,-1.12207,2.78283,202.005
12.45,-1.12625,2.78057,202.05,-1.12207,2.78283,202.005,0.471322,0.15708,-1.12644,2.78106,202.095
12.46,-1.13061,2.7788,202.14,-1.12644,2.78106,202.095,0.471322,0.15708,-1.13081,2.77929,202.185
12.47,-1.13498,2.77702,202.23,-1.13081,2.77929,202.185,0.471322,0.15708,-1.13517,2.77751,202.275
12.48,-1.13934,2.77523,202.32,-1.13517,2.77751,202.275,0.471322,0.15708,-1.13953,2.77572,202.365
12.49,-1.1437,2.77344,202.41,-1.13953,2.77572,202.365,0.471322,0.15708,-1.14389,2.77393,202.455
12.5,-1.14805,2.77164,202.5,-1.14389,2.77393,202.455,0.471322,0.15708,-1.14825,2.77213,202.545
12.51,-1.1524,2.76983,202.59,-1.14825,2.77213,202.545,0.471322,0.15708,-1.1526,2.77032,202.635
12.52,-1.15675,2.76802,202.68,-1.1526,2.77032,202.635,0.471322,0.15708,-1.15695,2.76851,202.725
12.53,-1.1611,2.7662,202.77,-1.15695,2.76851,202.725,0.471322,0.15708,-1.1613,2.76669,202.815
12.54,-1.16544,2.76437,202.86,-1.1613,2.76669,202.815,0.471322,0.15708,-1.16564,2.76486,202.905
12.55,-1.16978,2.76254,202.95,-1.16564,2.76486,202.905,0.471322,0.15708,-1.16998,2.76302,202.995
12.56,-1.17412,2.7607,203.04,-1.16998,2.76302,202.995,0.471322,0.15708,-1.17432,2.76118,203.085
12.57,-1.17846,2.75885,203.13,-1.17432,2.76118,203.085,0.471322,0.15708,-1.17866,2.75933,203.175
12.58,-1.18279,2.75699,203.22,-1.17866,2.75933,203.175,0.471322,0.15708,-1.18299,2.75748,203.265
12.59,-1.18712,2.75513,203.31,-1.18299,2.75748,203.265,0.471322,0.15708,-1.18732,2.75562,203.355
12.6,-1.19144,2.75326,203.4,-1.18732,2.75562,203.355,0.471322,0.15708,-1.19165,2.75375,203.445
12.61,-1.19577,2.75139,203.49,-1.19165,2.75375,203.445,0.471322,0.15708,-1.19597,2.75187,203.535
12.62,-1.20009,2.74951,203.58,-1.19597,2.75187,203.535,0.471322,0.15708,-1.20029,2.74999,203.625
12.63,-1.2044,2.74762,203.67,-1.20029,2.74999,203.625,0.471322,0.15708,-1.20461,2.7481,203.715
12.64,-1.20872,2.74572,203.76,-1.20461,2.7481,203.715,0.471322,0.15708,-1.20893,2.74621,203.805
12.65,-1.21303,2.74382,203.85,-1.20893,2.74621,203.805,0.471322,0.15708,-1.21324,2.74431,203.895
12.66,-1.21734,2.74191,203.94,-1.21324,2.74431,203.895,0.471322,0.15708,-1.21755,2.7424,203.985
12.67,-1.22164,2.74,204.03,-1.21755,2.7424,203.985,0.471322,0.15708,-1.22185,2.74048,204.075
12.68,-1.22595,2.73807,204.12,-1.22185,2.74048,204.075,0.471322,0.15708,-1.22616,2.73856,204.165
12.69,-1.23025,2.73615,204.21,-1.22616,2.73856,204.165,0.471322,0.15708,-1.23046,2.73663,204.255
12.7,-1.23454,2.73421,204.3,-1.23046,2.73663,204.255,0.471322,0.15708,-1.23475,2.73469,204.345
12.71,-1.23884,2.73227,204.39,-1.23475,2.73469,204.345,0.471322,0.15708,-1.23905,2.73275,204.435
12.72,-1.24313,2.73032,204.48,-1.23905,2.73275,204.435,0.471322,0.15708,-1.24334,2.7308,204.525
12.73,-1.24741,2.72836,204.57,-1.24334,2.7308,204.525,0.471322,0.15708,-1.24763,2.72884,204.615
12.74,-1.2517,2.7264,204.66,-1.24763,2.72884,204.615,0.471322,0.15708,-1.25191,2.72688,204.705
12.75,-1.25598,2.72443,204.75,-1.25191,2.72688,204.705,0.471322,0.15708,-1.25619,2.72491,204.795
12.76,-1.26026,2.72245,204.84,-1.25619,2.72491,204.795,0.471322,0.15708,-1.26047,2.72293,204.885
12.77,-1.26453,2.72047,204.93,-1.26047,2.72293,204.885,0.471322,0.15708,-1.26475,2.72095,204.975
12.78,-1.2688,2.71848,205.02,-1.26475,2.72095,204.975,0.471322,0.15708,-1.26902,2.71896,205.065
12.79,-1.27307,2.71648,205.11,-1.26902,2.71896,205.065,0.471322,0.15708,-1.27329,2.71696,205.155
12.8,-1.27734,2.71448,205.2,-1.27329,2.71696,205.155,0.471322,0.15708,-1.27756,2.71496,205.245
12.81,-1.2816,2.71247,205.29,-1.27756,2.71496,205.245,0.471322,0.15708,-1.28182,2.71295,205.335
12.82,-1.28586,2.71045,205.38,-1.28182,2.71295,205.335,0.471322,0.15708,-1.28608,2.71093,205.425
12.83,-1.29012,2.70843,205.47,-1.28608,2.71093,205.425,0.471322,0.15708,-1.29034,2.70891,205.515
12.84,-1.29437,2.7064,205.56,-1.29034,2.70891,205.515,0.471322,0.15708,-1.29459,2.70688,205.605
12.85,-1.29862,2.70437,205.65,-1.29459,2.70688,205.605,0.471322,0.15708,-1.29884,2.70484,205.695
12.86,-1.30286,2.70232,205.74,-1.29884,2.70484,205.695,0.471322,0.15708,-1.30309,2.7028,205.785
12.87,-1.30711,2.70027,205.83,-1.30309,2.7028,205.785,0.471322,0.15708,-1.30733,2.70075,205.875
12.88,-1.31135,2.69822,205.92,-1.30733,2.70075,205.875,0.471322,0.15708,-1.31157,2.69869,205.965
12.89,-1.31558,2.69615,206.01,-1.31157,2.69869,205.965,0.471322,0.15708,-1.31581,2.69663,206.055
12.9,-1.31982,2.69408,206.1,-1.31581,2.69663,206.055,0.471322,0.15708,-1.32004,2.69456,206.145
12.91,-1.32405,2.69201,206.19,-1.32004,2.69456,206.145,0.471322,0.15708,-1.32428,2.69248,206.235
12.92,-1.32827,2.68992,206.28,-1.32428,2.69248,206.235,0.471322,0.15708,-1.3285,2.6904,206.325
12.93,-1.3325,2.68783,206.37,-1.3285,2.6904,206.325,0.471322,0.15708,-1.33273,2.68831,206.415
12.94,-1.33672,2.68574,206.46,-1.33273,2.68831,206.415,0.471322,0.15708,-1.33695,2.68621,206.505
12.95,-1.34094,2.68363,206.55,-1.33695,2.68621,206.505,0.471322,0.15708,-1.34117,2.68411,206.595
12.96,-1.34515,2.68152,206.64,-1.34117,2.68411,206.595,0.471322,0.15708,-1.34538,2.682,206.685
12.97,-1.34936,2.67941,206.73,-1.34538,2.682,206.685,0.471322,0.15708,-1.34959,2.67988,206.775
12.98,-1.35357,2.67729,206.82,-1.34959,2.67988,206.775,0.471322,0.15708,-1.3538,2.67776,206.865
12.99,-1.35777,2.67516,206.91,-1.3538,2.67776,206.865,0.471322,0.15708,-1.358,2.67563,206.955
13,-1.36197,2.67302,207,-1.358,2.67563,206.955,0.471322,0.15708,-1.36221,2.67349,207.045
13.01,-1.36617,2.67088,207.09,-1.36221,2.67349,207.045,0.471322,0.15708,-1.3664,2.67135,207.135
13.02,-1.37036,2.66873,207.18,-1.3664,2.67135,207.135,0.471322,0.15708,-1.3706,2.6692,207.225
13.03,-1.37455,2.66657,207.27,-1.3706,2.6692,207.225,0.471322,0.15708,-1.37479,2.66704,207.315
13.04,-1.37874,2.66441,207.36,-1.37479,2.66704,207.315,0.471322,0.15708,-1.37898,2.66488,207.405
13.05,-1.38292,2.66224,207.45,-1.37898,2.66488,207.405,0.471322,0.15708,-1.38316,2.66271,207.495
13.06,-1.3871,2.66006,207.54,-1.38316,2.66271,207.495,0.471322,0.15708,-1.38734,2.66053,207.585
13.07,-1.39128,2.65788,207.63,-1.38734,2.66053,207.585,0.471322,0.15708,-1.39152,2.65835,207.675
13.08,-1.39545,2.65569,207.72,-1.39152,2.65835,207.675,0.471322,0.15708,-1.39569,2.65616,207.765
13.09,-1.39962,2.6535,207.81,-1.39569,2.65616,207.765,0.471322,0.15708,-1.39986,2.65397,207.855
13.1,-1.40379,2.6513,207.9,-1.39986,2.65397,207.855,0.471322,0.15708,-1.40403,2.65177,207.945
13.11,-1.40795,2.64909,207.99,-1.40403,2.65177,207.945,0.471322,0.15708,-1.40819,2.64956,208.035
13.12,-1.41211,2.64687,208.08,-1.40819,2.64956,208.035,0.471322,0.15708,-1.41235,2.64734,208.125
13.13,-1.41627,2.64465,208.17,-1.41235,2.64734,208.125,0.471322,0.15708,-1.41651,2.64512,208.215
13.14,-1.42042,2.64242,208.26,-1.41651,2.64512,208.215,0.471322,0.15708,-1.42066,2.64289,208.305
13.15,-1.42457,2.64019,208.35,-1.42066,2.64289,208.305,0.471322,0.15708,-1.42481,2.64066,208.395
13.16,-1.42871,2.63795,208.44,-1.42481,2.64066,208.395,0.471322,0.15708,-1.42896,2.63841,208.485
13.17,-1.43286,2.6357,208.53,-1.42896,2.63841,208.485,0.471322,0.15708,-1.4331,2.63617,208.575
13.18,-1.43699,2.63345,208.62,-1.4331,2.63617,208.575,0.471322,0.15708,-1.43724,2.63391,208.665
13.19,-1.44113,2.63119,208.71,-1.43724,2.63391,208.665,0.471322,0.15708,-1.44138,2.63165,208.755
13.2,-1.44526,2.62892,208.8,-1.44138,2.63165,208.755,0.471322,0.15708,-1.44551,2.62938,208.845
13.21,-1.44939,2.62665,208.89,-1.44551,2.62938,208.845,0.471322,0.15708,-1.44964,2.62711,208.935
13.22,-1.45351,2.62437,208.98,-1.44964,2.62711,208.935,0.471322,0.15708,-1.45376,2.62483,209.025
13.23,-1.45763,2.62208,209.07,-1.45376,2.62483,209.025,0.471322,0.15708,-1.45788,2.62254,209.115
13.24,-1.46175,2.61979,209.16,-1.45788,2.62254,209.115,0.471322,0.15708,-1.462,2.62025,209.205
13.25,-1.46586,2.61749,209.25,-1.462,2.62025,209.205,0.471322,0.15708,-1.46612,2.61795,209.295
13.26,-1.46997,2.61518,209.34,-1.46612,2.61795,209.295,0.471322,0.15708,-1.47023,2.61564,209.385
13.27,-1.47408,2.61287,209.43,-1.47023,2.61564,209.385,0.471322,0.15708,-1.47433,2.61333,209.475
13.28,-1.47818,2.61055,209.52,-1.47433,2.61333,209.475,0.471322,0.15708,-1.47844,2.61101,209.565
13.29,-1.48228,2.60823,209.61,-1.47844,2.61101,209.565,0.471322,0.15708,-1.48254,2.60869,209.655
13.3,-1.48638,2.60589,209.7,-1.48254,2.60869,209.655,0.471322,0.15708,-1.48663,2.60636,209.745
13.31,-1.49047,2.60356,209.79,-1.48663,2.60636,209.745,0.471322,0.15708,-1.49072,2.60402,209.835
13.32,-1.49456,2.60121,209.88,-1.49072,2.60402,209.835,0.471322,0.15708,-1.49481,2.60167,209.925
13.33,-1.49864,2.59886,209.97,-1.49481,2.60167,209.925,0.471322,0.15708,-1.4989,2.59932,210.015
13.34,-1.50272,2.5965,210.06,-1.4989,2.59932,210.015,0.471322,0.15708,-1.50298,2.59696,210.105
13.35,-1.5068,2.59414,210.15,-1.50298,2.59696,210.105,0.471322,0.15708,-1.50706,2.5946,210.195
13.36,-1.51087,2.59177,210.24,-1.50706,2.5946,210.195,0.471322,0.15708,-1.51113,2.59223,210.285
13.37,-1.51494,2.58939,210.33,-1.51113,2.59223,210.285,0.471322,0.15708,-1.5152,2.58985,210.375
13.38,-1.519,2.58701,210.42,-1.5152,2.58985,210.375,0.471322,0.15708,-1.51927,2.58747,210.465
13.39,-1.52307,2.58462,210.51,-1.51927,2.58747,210.465,0.471322,0.15708,-1.52333,2.58508,210.555
13.4,-1.52712,2.58223,210.6,-1.52333,2.58508,210.555,0.471322,0.15708,-1.52739,2.58268,210.645
13.41,-1.53118,2.57982,210.69,-1.52739,2.58268,210.645,0.471322,0.15708,-1.53144,2.58028,210.735
13.42,-1.53523,2.57742,210.78,-1.53144,2.58028,210.735,0.471322,0.15708,-1.53549,2.57787,210.825
13.43,-1.53928,2.575,210.87,-1.53549,2.57787,210.825,0.471322,0.15708,-1.53954,2.57546,210.915
13.44,-1.54332,2.57258,210.96,-1.53954,2.57546,210.915,0.471322,0.15708,-1.54358,2.57303,211.005
13.45,-1.54736,2.57015,211.05,-1.54358,2.57303,211.005,0.471322,0.15708,-1.54762,2.57061,211.095
13.46,-1.55139,2.56772,211.14,-1.54762,2.57061,211.095,0.471322,0.15708,-1.55166,2.56817,211.185
13.47,-1.55542,2.56528,211.23,-1.55166,2.56817,211.185,0.471322,0.15708,-1.55569,2.56573,211.275
13.48,-1.55945,2.56283,211.32,-1.55569,2.56573,211.275,0.471322,0.15708,-1.55972,2.56329,211.365
13.49,-1.56348,2.56038,211.41,-1.55972,2.56329,211.365,0.471322,0.15708,-1.56375,2.56083,211.455
13.5,-1.5675,2.55792,211.5,-1.56375,2.56083,211.455,0.471322,0.15708,-1.56777,2.55837,211.545
13.51,-1.57151,2.55546,211.59,-1.56777,2.55837,211.545,0.471322,0.15708,-1.57178,2.55591,211.635
13.52,-1.57552,2.55298,211.68,-1.57178,2.55591,211.635,0.471322,0.15708,-1.5758,2.55343,211.725
13.53,-1.57953,2.55051,211.77,-1.5758,2.55343,211.725,0.471322,0.15708,-1.5798,2.55096,211.815
13.54,-1.58354,2.54802,211.86,-1.5798,2.55096,211.815,0.471322,0.15708,-1.58381,2.54847,211.905
13.55,-1.58754,2.54553,211.95,-1.58381,2.54847,211.905,0.471322,0.15708,-1.58781,2.54598,211.995
13.56,-1.59153,2.54303,212.04,-1.58781,2.54598,211.995,0.471322,0.15708,-1.59181,2.54348,212.085
13.57,-1.59553,2.54053,212.13,-1.59181,2.54348,212.085,0.471322,0.15708,-1.5958,2.54098,212.175
13.58,-1.59951,2.53802,212.22,-1.5958,2.54098,212.175,0.471322,0.15708,-1.59979,2.53847,212.265
13.59,-1.6035,2.53551,212.31,-1.59979,2.53847,212.265,0.471322,0.15708,-1.60378,2.53595,212.355
13.6,-1.60748,2.53298,212.4,-1.60378,2.53595,212.355,0.471322,0.15708,-1.60776,2.53343,212.445
13.61,-1.61146,2.53046,212.49,-1.60776,2.53343,212.445,0.471322,0.15708,-1.61174,2.5309,212.535
13.62,-1.61543,2.52792,212.58,-1.61174,2.5309,212.535,0.471322,0.15708,-1.61571,2.52837,212.625
13.63,-1.6194,2.52538,212.67,-1.61571,2.52837,212.625,0.471322,0.15708,-1.61968,2.52583,212.715
13.64,-1.62336,2.52283,212.76,-1.61968,2.52583,212.715,0.471322,0.15708,-1.62364,2.52328,212.805
13.65,-1.62732,2.52028,212.85,-1.62364,2.52328,212.805,0.471322,0.15708,-1.62761,2.52073,212.895
13.66,-1.63128,2.51772,212.94,-1.62761,2.52073,212.895,0.471322,0.15708,-1.63156,2.51817,212.985
13.67,-1.63523,2.51516,213.03,-1.63156,2.51817,212.985,0.471322,0.15708,-1.63552,2.5156,213.075
13.68,-1.63918,2.51258,213.12,-1.63552,2.5156,213.075,0.471322,0.15708,-1.63947,2.51303,213.165
13.69,-1.64313,2.51001,213.21,-1.63947,2.51303,213.165,0.471322,0.15708,-1.64341,2.51045,213.255
13.7,-1.64707,2.50742,213.3,-1.64341,2.51045,213.255,0.471322,0.15708,-1.64735,2.50787,213.345
13.71,-1.65101,2.50483,213.39,-1.64735,2.50787,213.345,0.471322,0.15708,-1.65129,2.50527,213.435
13.72,-1.65494,2.50224,213.48,-1.65129,2.50527,213.435,0.471322,0.15708,-1.65522,2.50268,213.525
13.73,-1.65887,2.49963,213.57,-1.65522,2.50268,213.525,0.471322,0.15708,-1.65915,2.50007,213.615
13.74,-1.66279,2.49702,213.66,-1.65915,2.50007,213.615,0.471322,0.15708,-1.66308,2.49747,213.705
13.75,-1.66671,2.49441,213.75,-1.66308,2.49747,213.705,0.471322,0.15708,-1.667,2.49485,213.795
13.76,-1.67063,2.49179,213.84,-1.667,2.49485,213.795,0.471322,0.15708,-1.67092,2.49223,213.885
13.77,-1.67454,2.48916,213.93,-1.67092,2.49223,213.885,0.471322,0.15708,-1.67483,2.4896,213.975
13.78,-1.67845,2.48653,214.02,-1.67483,2.4896,213.975,0.471322,0.15708,-1.67874,2.48697,214.065
13.79,-1.68235,2.48389,214.11,-1.67874,2.48697,214.065,0.471322,0.15708,-1.68264,2.48433,214.155
13.8,-1.68625,2.48124,214.2,-1.68264,2.48433,214.155,0.471322,0.15708,-1.68654,2.48168,214.245
13.81,-1.69015,2.47859,214.29,-1.68654,2.48168,214.245,0.471322,0.15708,-1.69044,2.47903,214.335
13.82,-1.69404,2.47593,214.38,-1.69044,2.47903,214.335,0.471322,0.15708,-1.69433,2.47637,214.425
13.83,-1.69792,2.47327,214.47,-1.69433,2.47637,214.425,0.471322,0.15708,-1.69822,2.47371,214.515
13.84,-1.70181,2.4706,214.56,-1.69822,2.47371,214.515,0.471322,0.15708,-1.7021,2.47103,214.605
13.85,-1.70569,2.46792,214.65,-1.7021,2.47103,214.605,0.471322,0.15708,-1.70598,2.46836,214.695
13.86,-1.70956,2.46524,214.74,-1.70598,2.46836,214.695,0.471322,0.15708,-1.70986,2.46568,214.785
13.87,-1.71343,2.46255,214.83,-1.70986,2.46568,214.785,0.471322,0.15708,-1.71373,2.46299,214.875
13.88,-1.7173,2.45986,214.92,-1.71373,2.46299,214.875,0.471322,0.15708,-1.71759,2.46029,214.965
13.89,-1.72116,2.45716,215.01,-1.71759,2.46029,214.965,0.471322,0.15708,-1.72146,2.45759,215.055
13.9,-1.72502,2.45445,215.1,-1.72146,2.45759,215.055,0.471322,0.15708,-1.72531,2.45488,215.145
13.91,-1.72887,2.45174,215.19,-1.72531,2.45488,215.145,0.471322,0.15708,-1.72917,2.45217,215.235
13.92,-1.73272,2.44902,215.28,-1.72917,2.45217,215.235,0.471322,0.15708,-1.73302,2.44945,215.325
13.93,-1.73656,2.44629,215.37,-1.73302,2.44945,215.325,0.471322,0.15708,-1.73686,2.44673,215.415
13.94,-1.7404,2.44356,215.46,-1.73686,2.44673,215.415,0.471322,0.15708,-1.7407,2.44399,215.505
13.95,-1.74424,2.44083,215.55,-1.7407,2.44399,215.505,0.471322,0.15708,-1.74454,2.44126,215.595
13.96,-1.74807,2.43808,215.64,-1.74454,2.44126,215.595,0.471322,0.15708,-1.74837,2.43851,215.685
13.97,-1.7519,2.43533,215.73,-1.74837,2.43851,215.685,0.471322,0.15708,-1.7522,2.43576,215.775
13.98,-1.75572,2.43258,215.82,-1.7522,2.43576,215.775,0.471322,0.15708,-1.75603,2.43301,215.865
13.99,-1.75954,2.42982,215.91,-1.75603,2.43301,215.865,0.471322,0.15708,-1.75985,2.43025,215.955
14,-1.76336,2.42705,216,-1.75985,2.43025,215.955,0.471322,0.15708,-1.76366,2.42748,216.045
14.01,-1.76717,2.42428,216.09,-1.76366,2.42748,216.045,0.471322,0.15708,-1.76747,2.42471,216.135
14.02,-1.77097,2.4215,216.18,-1.76747,2.42471,216.135,0.471322,0.15708,-1.77128,2.42193,216.225
14.03,-1.77477,2.41871,216.27,-1.77128,2.42193,216.225,0.471322,0.15708,-1.77508,2.41914,216.315
14.04,-1.77857,2.41592,216.36,-1.77508,2.41914,216.315,0.471322,0.15708,-1.77888,2.41635,216.405
14.05,-1.78236,2.41313,216.45,-1.77888,2.41635,216.405,0.471322,0.15708,-1.78267,2.41355,216.495
14.06,-1.78615,2.41032,216.54,-1.78267,2.41355,216.495,0.471322,0.15708,-1.78646,2.41075,216.585
14.07,-1.78994,2.40752,216.63,-1.78646,2.41075,216.585,0.471322,0.15708,-1.79025,2.40794,216.675
14.08,-1.79371,2.4047,216.72,-1.79025,2.40794,216.675,0.471322,0.15708,-1.79403,2.40513,216.765
14.09,-1.79749,2.40188,216.81,-1.79403,2.40513,216.765,0.471322,0.15708,-1.7978,2.40231,216.855
14.1,-1.80126,2.39905,216.9,-1.7978,2.40231,216.855,0.471322,0.15708,-1.80157,2.39948,216.945
14.11,-1.80503,2.39622,216.99,-1.80157,2.39948,216.945,0.471322,0.15708,-1.80534,2.39665,217.035
14.12,-1.80879,2.39338,217.08,-1.80534,2.39665,217.035,0.471322,0.15708,-1.8091,2.39381,217.125
14.13,-1.81255,2.39054,217.17,-1.8091,2.39381,217.125,0.471322,0.15708,-1.81286,2.39096,217.215
14.14,-1.8163,2.38769,217.26,-1.81286,2.39096,217.215,0.471322,0.15708,-1.81661,2.38811,217.305
14.15,-1.82005,2.38483,217.35,-1.81661,2.38811,217.305,0.471322,0.15708,-1.82036,2.38526,217.395
14.16,-1.82379,2.38197,217.44,-1.82036,2.38526,217.395,0.471322,0.15708,-1.82411,2.38239,217.485
14.17,-1.82753,2.3791,217.53,-1.82411,2.38239,217.485,0.471322,0.15708,-1.82785,2.37952,217.575
14.18,-1.83127,2.37623,217.62,-1.82785,2.37952,217.575,0.471322,0.15708,-1.83158,2.37665,217.665
14.19,-1.835,2.37335,217.71,-1.83158,2.37665,217.665,0.471322,0.15708,-1.83531,2.37377,217.755
14.2,-1.83872,2.37047,217.8,-1.83531,2.37377,217.755,0.471322,0.15708,-1.83904,2.37088,217.845
14.21,-1.84244,2.36757,217.89,-1.83904,2.37088,217.845,0.471322,0.15708,-1.84276,2.36799,217.935
14.22,-1.84616,2.36468,217.98,-1.84276,2.36799,217.935,0.471322,0.15708,-1.84648,2.3651,218.025
14.23,-1.84987,2.36177,218.07,-1.84648,2.3651,218.025,0.471322,0.15708,-1.85019,2.36219,218.115
14.24,-1.85358,2.35887,218.16,-1.85019,2.36219,218.115,0.471322,0.15708,-1.8539,2.35928,218.205
14.25,-1.85728,2.35595,218.25,-1.8539,2.35928,218.205,0.471322,0.15708,-1.8576,2.35637,218.295
14.26,-1.86098,2.35303,218.34,-1.8576,2.35637,218.295,0.471322,0.15708,-1.8613,2.35345,218.385
14.27,-1.86467,2.3501,218.43,-1.8613,2.35345,218.385,0.471322,0.15708,-1.865,2.35052,218.475
14.28,-1.86836,2.34717,218.52,-1.865,2.35052,218.475,0.471322,0.15708,-1.86869,2.34759,218.565
14.29,-1.87205,2.34423,218.61,-1.86869,2.34759,218.565,0.471322,0.15708,-1.87237,2.34465,218.655
14.3,-1.87573,2.34129,218.7,-1.87237,2.34465,218.655,0.471322,0.15708,-1.87605,2.34171,218.745
14.31,-1.8794,2.33834,218.79,-1.87605,2.34171,218.745,0.471322,0.15708,-1.87973,2.33876,218.835
14.32,-1.88307,2.33539,218.88,-1.87973,2.33876,218.835,0.471322,0.15708,-1.8834,2.3358,218.925
14.33,-1.88674,2.33243,218.97,-1.8834,2.3358,218.925,0.471322,0.15708,-1.88707,2.33284,219.015
14.34,-1.8904,2.32946,219.06,-1.88707,2.33284,219.015,0.471322,0.15708,-1.89073,2.32987,219.105
14.35,-1.89406,2.32649,219.15,-1.89073,2.32987,219.105,0.471322,0.15708,-1.89439,2.3269,219.195
14.36,-1.89771,2.32351,219.24,-1.89439,2.3269,219.195,0.471322,0.15708,-1.89804,2.32392,219.285
14.37,-1.90136,2.32053,219.33,-1.89804,2.32392,219.285,0.471322,0.15708,-1.90169,2.32094,219.375
14.38,-1.905,2.31754,219.42,-1.90169,2.32094,219.375,0.471322,0.15708,-1.90533,2.31795,219.465
14.39,-1.90864,2.31454,219.51,-1.90533,2.31795,219.465,0.471322,0.15708,-1.90897,2.31495,219.555
14.4,-1.91227,2.31154,219.6,-1.90897,2.31495,219.555,0.471322,0.15708,-1.9126,2.31195,219.645
14.41,-1.9159,2.30853,219.69,-1.9126,2.31195,219.645,0.471322,0.15708,-1.91623,2.30894,219.735
14.42,-1.91952,2.30552,219.78,-1.91623,2.30894,219.735,0.471322,0.15708,-1.91986,2.30593,219.825
14.43,-1.92314,2.3025,219.87,-1.91986,2.30593,219.825,0.471322,0.15708,-1.92348,2.30291,219.915
14.44,-1.92676,2.29948,219.96,-1.92348,2.30291,219.915,0.471322,0.15708,-1.92709,2.29989,220.005
14.45,-1.93037,2.29645,220.05,-1.92709,2.29989,220.005,0.471322,0.15708,-1.9307,2.29686,220.095
14.46,-1.93397,2.29341,220.14,-1.9307,2.29686,220.095,0.471322,0.15708,-1.93431,2.29382,220.185
14.47,-1.93757,2.29037,220.23,-1.93431,2.29382,220.185,0.471322,0.15708,-1.93791,2.29078,220.275
14.48,-1.94117,2.28733,220.32,-1.93791,2.29078,220.275,0.471322,0.15708,-1.9415,2.28773,220.365
14.49,-1.94476,2.28428,220.41,-1.9415,2.28773,220.365,0.471322,0.15708,-1.9451,2.28468,220.455
14.5,-1.94834,2.28122,220.5,-1.9451,2.28468,220.455,0.471322,0.15708,-1.94868,2.28162,220.545
14.51,-1.95193,2.27815,220.59,-1.94868,2.28162,220.545,0.471322,0.15708,-1.95226,2.27856,220.635
14.52,-1.9555,2.27509,220.68,-1.95226,2.27856,220.635,0.471322,0.15708,-1.95584,2.27549,220.725
14.53,-1.95907,2.27201,220.77,-1.95584,2.27549,220.725,0.471322,0.15708,-1.95941,2.27241,220.815
14.54,-1.96264,2.26893,220.86,-1.95941,2.27241,220.815,0.471322,0.15708,-1.96298,2.26933,220.905
14.55,-1.9662,2.26585,220.95,-1.96298,2.26933,220.905,0.471322,0.15708,-1.96654,2.26625,220.995
14.56,-1.96976,2.26275,221.04,-1.96654,2.26625,220.995,0.471322,0.15708,-1.9701,2.26316,221.085
14.57,-1.97331,2.25966,221.13,-1.9701,2.26316,221.085,0.471322,0.15708,-1.97365,2.26006,221.175
14.58,-1.97686,2.25655,221.22,-1.97365,2.26006,221.175,0.471322,0.15708,-1.9772,2.25695,221.265
14.59,-1.9804,2.25345,221.31,-1.9772,2.25695,221.265,0.471322,0.15708,-1.98074,2.25385,221.355
14.6,-1.98394,2.25033,221.4,-1.98074,2.25385,221.355,0.471322,0.15708,-1.98428,2.25073,221.445
14.61,-1.98747,2.24721,221.49,-1.98428,2.25073,221.445,0.471322,0.15708,-1.98781,2.24761,221.535
14.62,-1.991,2.24409,221.58,-1.98781,2.24761,221.535,0.471322,0.15708,-1.99134,2.24449,221.625
14.63,-1.99452,2.24096,221.67,-1.99134,2.24449,221.625,0.471322,0.15708,-1.99486,2.24136,221.715
14.64,-1.99804,2.23782,221.76,-1.99486,2.24136,221.715,0.471322,0.15708,-1.99838,2.23822,221.805
14.65,-2.00155,2.23468,221.85,-1.99838,2.23822,221.805,0.471322,0.15708,-2.0019,2.23508,221.895
14.66,-2.00506,2.23154,221.94,-2.0019,2.23508,221.895,0.471322,0.15708,-2.0054,2.23193,221.985
14.67,-2.00856,2.22838,222.03,-2.0054,2.23193,221.985,0.471322,0.15708,-2.00891,2.22878,222.075
14.68,-2.01206,2.22523,222.12,-2.00891,2.22878,222.075,0.471322,0.15708,-2.01241,2.22562,222.165
14.69,-2.01555,2.22206,222.21,-2.01241,2.22562,222.165,0.471322,0.15708,-2.0159,2.22246,222.255
14.7,-2.01904,2.21889,222.3,-2.0159,2.22246,222.255,0.471322,0.15708,-2.01939,2.21929,222.345
14.71,-2.02252,2.21572,222.39,-2.01939,2.21929,222.345,0.471322,0.15708,-2.02287,2.21611,222.435
14.72,-2.026,2.21254,222.48,-2.02287,2.21611,222.435,0.471322,0.15708,-2.02635,2.21293,222.525
14.73,-2.02947,2.20935,222.57,-2.02635,2.21293,222.525,0.471322,0.15708,-2.02982,2.20975,222.615
14.74,-2.03294,2.20616,222.66,-2.02982,2.20975,222.615,0.471322,0.15708,-2.03329,2.20655,222.705
14.75,-2.0364,2.20297,222.75,-2.03329,2.20655,222.705,0.471322,0.15708,-2.03676,2.20336,222.795
14.76,-2.03986,2.19977,222.84,-2.03676,2.20336,222.795,0.471322,0.15708,-2.04021,2.20016,222.885
14.77,-2.04331,2.19656,222.93,-2.04021,2.20016,222.885,0.471322,0.15708,-2.04367,2.19695,222.975
14.78,-2.04676,2.19335,223.02,-2.04367,2.19695,222.975,0.471322,0.15708,-2.04712,2.19374,223.065
14.79,-2.0502,2.19013,223.11,-2.04712,2.19374,223.065,0.471322,0.15708,-2.05056,2.19052,223.155
14.8,-2.05364,2.18691,223.2,-2.05056,2.19052,223.155,0.471322,0.15708,-2.054,2.18729,223.245
14.81,-2.05707,2.18368,223.29,-2.054,2.18729,223.245,0.471322,0.15708,-2.05743,2.18406,223.335
14.82,-2.0605,2.18044,223.38,-2.05743,2.18406,223.335,0.471322,0.15708,-2.06086,2.18083,223.425
14.83,-2.06392,2.1772,223.47,-2.06086,2.18083,223.425,0.471322,0.15708,-2.06428,2.17759,223.515
14.84,-2.06734,2.17396,223.56,-2.06428,2.17759,223.515,0.471322,0.15708,-2.0677,2.17435,223.605
14.85,-2.07075,2.17071,223.65,-2.0677,2.17435,223.605,0.471322,0.15708,-2.07111,2.17109,223.695
14.86,-2.07416,2.16745,223.74,-2.07111,2.17109,223.695,0.471322,0.15708,-2.07452,2.16784,223.785
14.87,-2.07756,2.16419,223.83,-2.07452,2.16784,223.785,0.471322,0.15708,-2.07792,2.16458,223.875
14.88,-2.08096,2.16093,223.92,-2.07792,2.16458,223.875,0.471322,0.15708,-2.08132,2.16131,223.965
14.89,-2.08435,2.15766,224.01,-2.08132,2.16131,223.965,0.471322,0.15708,-2.08471,2.15804,224.055
14.9,-2.08774,2.15438,224.1,-2.08471,2.15804,224.055,0.471322,0.15708,-2.0881,2.15476,224.145
14.91,-2.09112,2.1511,224.19,-2.0881,2.15476,224.145,0.471322,0.15708,-2.09148,2.15148,224.235
14.92,-2.0945,2.14781,224.28,-2.09148,2.15148,224.235,0.471322,0.15708,-2.09486,2.14819,224.325
14.93,-2.09787,2.14452,224.37,-2.09486,2.14819,224.325,0.471322,0.15708,-2.09823,2.1449,224.415
14.94,-2.10123,2.14122,224.46,-2.09823,2.1449,224.415,0.471322,0.15708,-2.1016,2.1416,224.505
14.95,-2.10459,2.13792,224.55,-2.1016,2.1416,224.505,0.471322,0.15708,-2.10496,2.1383,224.595
14.96,-2.10795,2.13461,224.64,-2.10496,2.1383,224.595,0.471322,0.15708,-2.10832,2.13499,224.685
14.97,-2.1113,2.13129,224.73,-2.10832,2.13499,224.685,0.471322,0.15708,-2.11167,2.13167,224.775
14.98,-2.11465,2.12797,224.82,-2.11167,2.13167,224.775,0.471322,0.15708,-2.11501,2.12835,224.865
14.99,-2.11799,2.12465,224.91,-2.11501,2.12835,224.865,0.471322,0.15708,-2.11835,2.12503,224.955
15,-2.12132,2.12132,225,-2.11835,2.12503,224.955,0.471322,0.15708,-2.12169,2.1217,225.045
15.01,-2.12465,2.11799,225.09,-2.12169,2.1217,225.045,0.471322,0.15708,-2.12502,2.11836,225.135
15.02,-2.12797,2.11465,225.18,-2.12502,2.11836,225.135,0.471322,0.15708,-2.12834,2.11502,225.225
15.03,-2.13129,2.1113,225.27,-2.12834,2.11502,225.225,0.471322,0.15708,-2.13166,2.11168,225.315
15.04,-2.13461,2.10795,225.36,-2.13166,2.11168,225.315,0.471322,0.15708,-2.13498,2.10832,225.405
15.05,-2.13792,2.10459,225.45,-2.13498,2.10832,225.405,0.471322,0.15708,-2.13829,2.10497,225.495
15.06,-2.14122,2.10123,225.54,-2.13829,2.10497,225.495,0.471322,0.15708,-2.14159,2.10161,225.585
15.07,-2.14452,2.09787,225.63,-2.14159,2.10161,225.585,0.471322,0.15708,-2.14489,2.09824,225.675
15.08,-2.14781,2.0945,225.72,-2.14489,2.09824,225.675,0.471322,0.15708,-2.14818,2.09487,225.765
15.09,-2.1511,2.09112,225.81,-2.14818,2.09487,225.765,0.471322,0.15708,-2.15147,2.09149,225.855
15.1,-2.15438,2.08774,225.9,-2.15147,2.09149,225.855,0.471322,0.15708,-2.15475,2.08811,225.945
15.11,-2.15766,2.08435,225.99,-2.15475,2.08811,225.945,0.471322,0.15708,-2.15803,2.08472,226.035
15.12,-2.16093,2.08096,226.08,-2.15803,2.08472,226.035,0.471322,0.15708,-2.1613,2.08133,226.125
15.13,-2.16419,2.07756,226.17,-2.1613,2.08133,226.125,0.471322,0.15708,-2.16457,2.07793,226.215
15.14,-2.16745,2.07416,226.26,-2.16457,2.07793,226.215,0.471322,0.15708,-2.16783,2.07453,226.305
15.15,-2.17071,2.07075,226.35,-2.16783,2.07453,226.305,0.471322,0.15708,-2.17109,2.07112,226.395
15.16,-2.17396,2.06734,226.44,-2.17109,2.07112,226.395,0.471322,0.15708,-2.17434,2.06771,226.485
15.17,-2.1772,2.06392,226.53,-2.17434,2.06771,226.485,0.471322,0.15708,-2.17758,2.06429,226.575
15.18,-2.18044,2.0605,226.62,-2.17758,2.06429,226.575,0.471322,0.15708,-2.18082,2.06087,226.665
15.19,-2.18368,2.05707,226.71,-2.18082,2.06087,226.665,0.471322,0.15708,-2.18406,2.05744,226.755
15.2,-2.18691,2.05364,226.8,-2.18406,2.05744,226.755,0.471322,0.15708,-2.18729,2.05401,226.845
15.21,-2.19013,2.0502,226.89,-2.18729,2.05401,226.845,0.471322,0.15708,-2.19051,2.05057,226.935
15.22,-2.19335,2.04676,226.98,-2.19051,2.05057,226.935,0.471322,0.15708,-2.19373,2.04712,227.025
15.23,-2.19656,2.04331,227.07,-2.19373,2.04712,227.025,0.471322,0.15708,-2.19694,2.04368,227.115
15.24,-2.19977,2.03986,227.16,-2.19694,2.04368,227.115,0.471322,0.15708,-2.20015,2.04022,227.205
15.25,-2.20297,2.0364,227.25,-2.20015,2.04022,227.205,0.471322,0.15708,-2.20335,2.03676,227.295
15.26,-2.20616,2.03294,227.34,-2.20335,2.03676,227.295,0.471322,0.15708,-2.20655,2.0333,227.385
15.27,-2.20935,2.02947,227.43,-2.20655,2.0333,227.385,0.471322,0.15708,-2.20974,2.02983,227.475
15.28,-2.21254,2.026,227.52,-2.20974,2.02983,227.475,0.471322,0.15708,-2.21292,2.02636,227.565
15.29,-2.21572,2.02252,227.61,-2.21292,2.02636,227.565,0.471322,0.15708,-2.2161,2.02288,227.655
15.3,-2.21889,2.01904,227.7,-2.2161,2.02288,227.655,0.471322,0.15708,-2.21928,2.0194,227.745
15.31,-2.22206,2.01555,227.79,-2.21928,2.0194,227.745,0.471322,0.15708,-2.22245,2.01591,227.835
15.32,-2.22523,2.01206,227.88,-2.22245,2.01591,227.835,0.471322,0.15708,-2.22561,2.01241,227.925
15.33,-2.22838,2.00856,227.97,-2.22561,2.01241,227.925,0.471322,0.15708,-2.22877,2.00892,228.015
15.34,-2.23154,2.00506,228.06,-2.22877,2.00892,228.015,0.471322,0.15708,-2.23192,2.00541,228.105
15.35,-2.23468,2.00155,228.15,-2.23192,2.00541,228.105,0.471322,0.15708,-2.23507,2.0019,228.195
15.36,-2.23782,1.99804,228.24,-2.23507,2.0019,228.195,0.471322,0.15708,-2.23821,1.99839,228.285
15.37,-2.24096,1.99452,228.33,-2.23821,1.99839,228.285,0.471322,0.15708,-2.24135,1.99487,228.375
15.38,-2.24409,1.991,228.42,-2.24135,1.99487,228.375,0.471322,0.15708,-2.24448,1.99135,228.465
15.39,-2.24721,1.98747,228.51,-2.24448,1.99135,228.465,0.471322,0.15708,-2.24761,1.98782,228.555
15.4,-2.25033,1.98394,228.6,-2.24761,1.98782,228.555,0.471322,0.15708,-2.25072,1.98429,228.645
15.41,-2.25345,1.9804,228.69,-2.25072,1.98429,228.645,0.471322,0.15708,-2.25384,1.98075,228.735
15.42,-2.25655,1.97686,228.78,-2.25384,1.98075,228.735,0.471322,0.15708,-2.25695,1.97721,228.825
15.43,-2.25966,1.97331,228.87,-2.25695,1.97721,228.825,0.471322,0.15708,-2.26005,1.97366,228.915
15.44,-2.26275,1.96976,228.96,-2.26005,1.97366,228.915,0.471322,0.15708,-2.26315,1.97011,229.005
15.45,-2.26585,1.9662,229.05,-2.26315,1.97011,229.005,0.471322,0.15708,-2.26624,1.96655,229.095
15.46,-2.26893,1.96264,229.14,-2.26624,1.96655,229.095,0.471322,0.15708,-2.26933,1.96299,229.185
15.47,-2.27201,1.95907,229.23,-2.26933,1.96299,229.185,0.471322,0.15708,-2.27241,1.95942,229.275
15.48,-2.27509,1.9555,229.32,-2.27241,1.95942,229.275,0.471322,0.15708,-2.27548,1.95585,229.365
15.49,-2.27815,1.95193,229.41,-2.27548,1.95585,229.365,0.471322,0.15708,-2.27855,1.95227,229.455
15.5,-2.28122,1.94834,229.5,-2.27855,1.95227,229.455,0.471322,0.15708,-2.28161,1.94869,229.545
15.51,-2.28428,1.94476,229.59,-2.28161,1.94869,229.545,0.471322,0.15708,-2.28467,1.9451,229.635
15.52,-2.28733,1.94117,229.68,-2.28467,1.9451,229.635,0.471322,0.15708,-2.28773,1.94151,229.725
15.53,-2.29037,1.93757,229.77,-2.28773,1.94151,229.725,0.471322,0.15708,-2.29077,1.93792,229.815
15.54,-2.29341,1.93397,229.86,-2.29077,1.93792,229.815,0.471322,0.15708,-2.29381,1.93432,229.905
15.55,-2.29645,1.93037,229.95,-2.29381,1.93432,229.905,0.471322,0.15708,-2.29685,1.93071,229.995
15.56,-2.29948,1.92676,230.04,-2.29685,1.93071,229.995,0.471322,0.15708,-2.29988,1.9271,230.085
15.57,-2.3025,1.92314,230.13,-2.29988,1.9271,230.085,0.471322,0.15708,-2.3029,1.92349,230.175
15.58,-2.30552,1.91952,230.22,-2.3029,1.92349,230.175,0.471322,0.15708,-2.30592,1.91987,230.265
15.59,-2.30853,1.9159,230.31,-2.30592,1.91987,230.265,0.471322,0.15708,-2.30893,1.91624,230.355
15.6,-2.31154,1.91227,230.4,-2.30893,1.91624,230.355,0.471322,0.15708,-2.31194,1.91261,230.445
15.61,-2.31454,1.90864,230.49,-2.31194,1.91261,230.445,0.471322,0.15708,-2.31494,1.90898,230.535
15.62,-2.31754,1.905,230.58,-2.31494,1.90898,230.535,0.471322,0.15708,-2.31794,1.90534,230.625
15.63,-2.32053,1.90136,230.67,-2.31794,1.90534,230.625,0.471322,0.15708,-2.32093,1.9017,230.715
15.64,-2.32351,1.89771,230.76,-2.32093,1.9017,230.715,0.471322,0.15708,-2.32391,1.89805,230.805
15.65,-2.32649,1.89406,230.85,-2.32391,1.89805,230.805,0.471322,0.15708,-2.32689,1.8944,230.895
15.66,-2.32946,1.8904,230.94,-2.32689,1.8944,230.895,0.471322,0.15708,-2.32987,1.89074,230.985
15.67,-2.33243,1.88674,231.03,-2.32987,1.89074,230.985,0.471322,0.15708,-2.33283,1.88708,231.075
15.68,-2.33539,1.88307,231.12,-2.33283,1.88708,231.075,0.471322,0.15708,-2.33579,1.88341,231.165
15.69,-2.33834,1.8794,231.21,-2.33579,1.88341,231.165,0.471322,0.15708,-2.33875,1.87974,231.255
15.7,-2.34129,1.87573,231.3,-2.33875,1.87974,231.255,0.471322,0.15708,-2.3417,1.87606,231.345
15.71,-2.34423,1.87205,231.39,-2.3417,1.87606,231.345,0.471322,0.15708,-2.34464,1.87238,231.435
15.72,-2.34717,1.86836,231.48,-2.34464,1.87238,231.435,0.471322,0.15708,-2.34758,1.8687,231.525
15.73,-2.3501,1.86467,231.57,-2.34758,1.8687,231.525,0.471322,0.15708,-2.35051,1.86501,231.615
15.74,-2.35303,1.86098,231.66,-2.35051,1.86501,231.615,0.471322,0.15708,-2.35344,1.86131,231.705
15.75,-2.35595,1.85728,231.75,-2.35344,1.86131,231.705,0.471322,0.15708,-2.35636,1.85761,231.795
15.76,-2.35887,1.85358,231.84,-2.35636,1.85761,231.795,0.471322,0.15708,-2.35928,1.85391,231.885
15.77,-2.36177,1.84987,231.93,-2.35928,1.85391,231.885,0.471322,0.15708,-2.36219,1.8502,231.975
15.78,-2.36468,1.84616,232.02,-2.36219,1.8502,231.975,0.471322,0.15708,-2.36509,1.84649,232.065
15.79,-2.36757,1.84244,232.11,-2.36509,1.84649,232.065,0.471322,0.15708,-2.36799,1.84277,232.155
15.8,-2.37047,1.83872,232.2,-2.36799,1.84277,232.155,0.471322,0.15708,-2.37088,1.83905,232.245
15.81,-2.37335,1.835,232.29,-2.37088,1.83905,232.245,0.471322,0.15708,-2.37376,1.83532,232.335
15.82,-2.37623,1.83127,232.38,-2.37376,1.83532,232.335,0.471322,0.15708,-2.37664,1.83159,232.425
15.83,-2.3791,1.82753,232.47,-2.37664,1.83159,232.425,0.471322,0.15708,-2.37952,1.82786,232.515
15.84,-2.38197,1.82379,232.56,-2.37952,1.82786,232.515,0.471322,0.15708,-2.38239,1.82412,232.605
15.85,-2.38483,1.82005,232.65,-2.38239,1.82412,232.605,0.471322,0.15708,-2.38525,1.82037,232.695
15.86,-2.38769,1.8163,232.74,-2.38525,1.82037,232.695,0.471322,0.15708,-2.3881,1.81662,232.785
15.87,-2.39054,1.81255,232.83,-2.3881,1.81662,232.785,0.471322,0.15708,-2.39096,1.81287,232.875
15.88,-2.39338,1.80879,232.92,-2.39096,1.81287,232.875,0.471322,0.15708,-2.3938,1.80911,232.965
15.89,-2.39622,1.80503,233.01,-2.3938,1.80911,232.965,0.471322,0.15708,-2.39664,1.80535,233.055
15.9,-2.39905,1.80126,233.1,-2.39664,1.80535,233.055,0.471322,0.15708,-2.39947,1.80158,233.145
15.91,-2.40188,1.79749,233.19,-2.39947,1.80158,233.145,0.471322,0.15708,-2.4023,1.79781,233.235
15.92,-2.4047,1.79371,233.28,-2.4023,1.79781,233.235,0.471322,0.15708,-2.40512,1.79403,233.325
15.93,-2.40752,1.78994,233.37,-2.40512,1.79403,233.325,0.471322,0.15708,-2.40794,1.79025,233.415
15.94,-2.41032,1.78615,233.46,-2.40794,1.79025,233.415,0.471322,0.15708,-2.41074,1.78647,233.505
15.95,-2.41313,1.78236,233.55,-2.41074,1.78647,233.505,0.471322,0.15708,-2.41355,1.78268,233.595
15.96,-2.41592,1.77857,233.64,-2.41355,1.78268,233.595,0.471322,0.15708,-2.41634,1.77889,233.685
15.97,-2.41871,1.77477,233.73,-2.41634,1.77889,233.685,0.471322,0.15708,-2.41914,1.77509,233.775
15.98,-2.4215,1.77097,233.82,-2.41914,1.77509,233.775,0.471322,0.15708,-2.42192,1.77129,233.865
15.99,-2.42428,1.76717,233.91,-2.42192,1.77129,233.865,0.471322,0.15708,-2.4247,1.76748,233.955
16,-2.42705,1.76336,234,-2.4247,1.76748,233.955,0.471322,0.15708,-2.42747,1.76367,234.045
16.01,-2.42982,1.75954,234.09,-2.42747,1.76367,234.045,0.471322,0.15708,-2.43024,1.75985,234.135
16.02,-2.43258,1.75572,234.18,-2.43024,1.75985,234.135,0.471322,0.15708,-2.433,1.75604,234.225
16.03,-2.43533,1.7519,234.27,-2.433,1.75604,234.225,0.471322,0.15708,-2.43576,1.75221,234.315
16.04,-2.43808,1.74807,234.36,-2.43576,1.75221,234.315,0.471322,0.15708,-2.43851,1.74838,234.405
16.05,-2.44083,1.74424,234.45,-2.43851,1.74838,234.405,0.471322,0.15708,-2.44125,1.74455,234.495
16.06,-2.44356,1.7404,234.54,-2.44125,1.74455,234.495,0.471322,0.15708,-2.44399,1.74071,234.585
16.07,-2.44629,1.73656,234.63,-2.44399,1.74071,234.585,0.471322,0.15708,-2.44672,1.73687,234.675
16.08,-2.44902,1.73272,234.72,-2.44672,1.73687,234.675,0.471322,0.15708,-2.44944,1.73303,234.765
16.09,-2.45174,1.72887,234.81,-2.44944,1.73303,234.765,0.471322,0.15708,-2.45216,1.72918,234.855
16.1,-2.45445,1.72502,234.9,-2.45216,1.72918,234.855,0.471322,0.15708,-2.45488,1.72532,234.945
16.11,-2.45716,1.72116,234.99,-2.45488,1.72532,234.945,0.471322,0.15708,-2.45758,1.72147,235.035
16.12,-2.45986,1.7173,235.08,-2.45758,1.72147,235.035,0.471322,0.15708,-2.46029,1.7176,235.125
16.13,-2.46255,1.71343,235.17,-2.46029,1.7176,235.125,0.471322,0.15708,-2.46298,1.71374,235.215
16.14,-2.46524,1.70956,235.26,-2.46298,1.71374,235.215,0.471322,0.15708,-2.46567,1.70986,235.305
16.15,-2.46792,1.70569,235.35,-2.46567,1.70986,235.305,0.471322,0.15708,-2.46835,1.70599,235.395
16.16,-2.4706,1.70181,235.44,-2.46835,1.70599,235.395,0.471322,0.15708,-2.47103,1.70211,235.485
16.17,-2.47327,1.69792,235.53,-2.47103,1.70211,235.485,0.471322,0.15708,-2.4737,1.69823,235.575
16.18,-2.47593,1.69404,235.62,-2.4737,1.69823,235.575,0.471322,0.15708,-2.47636,1.69434,235.665
16.19,-2.47859,1.69015,235.71,-2.47636,1.69434,235.665,0.471322,0.15708,-2.47902,1.69045,235.755
16.2,-2.48124,1.68625,235.8,-2.47902,1.69045,235.755,0.471322,0.15708,-2.48167,1.68655,235.845
16.21,-2.48389,1.68235,235.89,-2.48167,1.68655,235.845,0.471322,0.15708,-2.48432,1.68265,235.935
16.22,-2.48653,1.67845,235.98,-2.48432,1.68265,235.935,0.471322,0.15708,-2.48696,1.67875,236.025
16.23,-2.48916,1.67454,236.07,-2.48696,1.67875,236.025,0.471322,0.15708,-2.48959,1.67484,236.115
16.24,-2.49179,1.67063,236.16,-2.48959,1.67484,236.115,0.471322,0.15708,-2.49222,1.67092,236.205
16.25,-2.49441,1.66671,236.25,-2.49222,1.67092,236.205,0.471322,0.15708,-2.49484,1.66701,236.295
16.26,-2.49702,1.66279,236.34,-2.49484,1.66701,236.295,0.471322,0.15708,-2.49746,1.66309,236.385
16.27,-2.49963,1.65887,236.43,-2.49746,1.66309,236.385,0.471322,0.15708,-2.50007,1.65916,236.475
16.28,-2.50224,1.65494,236.52,-2.50007,1.65916,236.475,0.471322,0.15708,-2.50267,1.65523,236.565
16.29,-2.50483,1.65101,236.61,-2.50267,1.65523,236.565,0.471322,0.15708,-2.50527,1.6513,236.655
16.3,-2.50742,1.64707,236.7,-2.50527,1.6513,236.655,0.471322,0.15708,-2.50786,1.64736,236.745
16.31,-2.51001,1.64313,236.79,-2.50786,1.64736,236.745,0.471322,0.15708,-2.51044,1.64342,236.835
16.32,-2.51258,1.63918,236.88,-2.51044,1.64342,236.835,0.471322,0.15708,-2.51302,1.63948,236.925
16.33,-2.51516,1.63523,236.97,-2.51302,1.63948,236.925,0.471322,0.15708,-2.51559,1.63553,237.015
16.34,-2.51772,1.63128,237.06,-2.51559,1.63553,237.015,0.471322,0.15708,-2.51816,1.63157,237.105
16.35,-2.52028,1.62732,237.15,-2.51816,1.63157,237.105,0.471322,0.15708,-2.52072,1.62762,237.195
16.36,-2.52283,1.62336,237.24,-2.52072,1.62762,237.195,0.471322,0.15708,-2.52327,1.62365,237.285
16.37,-2.52538,1.6194,237.33,-2.52327,1.62365,237.285,0.471322,0.15708,-2.52582,1.61969,237.375
16.38,-2.52792,1.61543,237.42,-2.52582,1.61969,237.375,0.471322,0.15708,-2.52836,1.61572,237.465
16.39,-2.53046,1.61146,237.51,-2.52836,1.61572,237.465,0.471322,0.15708,-2.5309,1.61175,237.555
16.4,-2.53298,1.60748,237.6,-2.5309,1.61175,237.555,0.471322,0.15708,-2.53343,1.60777,237.645
16.41,-2.53551,1.6035,237.69,-2.53343,1.60777,237.645,0.471322,0.15708,-2.53595,1.60379,237.735
16.42,-2.53802,1.59951,237.78,-2.53595,1.60379,237.735,0.471322,0.15708,-2.53846,1.5998,237.825
16.43,-2.54053,1.59553,237.87,-2.53846,1.5998,237.825,0.471322,0.15708,-2.54097,1.59581,237.915
16.44,-2.54303,1.59153,237.96,-2.54097,1.59581,237.915,0.471322,0.15708,-2.54348,1.59182,238.005
16.45,-2.54553,1.58754,238.05,-2.54348,1.59182,238.005,0.471322,0.15708,-2.54597,1.58782,238.095
16.46,-2.54802,1.58354,238.14,-2.54597,1.58782,238.095,0.471322,0.15708,-2.54847,1.58382,238.185
16.47,-2.55051,1.57953,238.23,-2.54847,1.58382,238.185,0.471322,0.15708,-2.55095,1.57981,238.275
16.48,-2.55298,1.57552,238.32,-2.55095,1.57981,238.275,0.471322,0.15708,-2.55343,1.57581,238.365
16.49,-2.55546,1.57151,238.41,-2.55343,1.57581,238.365,0.471322,0.15708,-2.5559,1.57179,238.455
16.5,-2.55792,1.5675,238.5,-2.5559,1.57179,238.455,0.471322,0.15708,-2.55837,1.56778,238.545
16.51,-2.56038,1.56348,238.59,-2.55837,1.56778,238.545,0.471322,0.15708,-2.56083,1.56376,238.635
16.52,-2.56283,1.55945,238.68,-2.56083,1.56376,238.635,0.471322,0.15708,-2.56328,1.55973,238.725
16.53,-2.56528,1.55542,238.77,-2.56328,1.55973,238.725,0.471322,0.15708,-2.56573,1.5557,238.815
16.54,-2.56772,1.55139,238.86,-2.56573,1.5557,238.815,0.471322,0.15708,-2.56817,1.55167,238.905
16.55,-2.57015,1.54736,238.95,-2.56817,1.55167,238.905,0.471322,0.15708,-2.5706,1.54763,238.995
16.56,-2.57258,1.54332,239.04,-2.5706,1.54763,238.995,0.471322,0.15708,-2.57303,1.54359,239.085
16.57,-2.575,1.53928,239.13,-2.57303,1.54359,239.085,0.471322,0.15708,-2.57545,1.53955,239.175
16.58,-2.57742,1.53523,239.22,-2.57545,1.53955,239.175,0.471322,0.15708,-2.57787,1.5355,239.265
16.59,-2.57982,1.53118,239.31,-2.57787,1.5355,239.265,0.471322,0.15708,-2.58027,1.53145,239.355
16.6,-2.58223,1.52712,239.4,-2.58027,1.53145,239.355,0.471322,0.15708,-2.58268,1.5274,239.445
16.61,-2.58462,1.52307,239.49,-2.58268,1.5274,239.445,0.471322,0.15708,-2.58507,1.52334,239.535
16.62,-2.58701,1.519,239.58,-2.58507,1.52334,239.535,0.471322,0.15708,-2.58746,1.51928,239.625
16.63,-2.58939,1.51494,239.67,-2.58746,1.51928,239.625,0.471322,0.15708,-2.58985,1.51521,239.715
16.64,-2.59177,1.51087,239.76,-2.58985,1.51521,239.715,0.471322,0.15708,-2.59222,1.51114,239.805
16.65,-2.59414,1.5068,239.85,-2.59222,1.51114,239.805,0.471322,0.15708,-2.59459,1.50707,239.895
16.66,-2.5965,1.50272,239.94,-2.59459,1.50707,239.895,0.471322,0.15708,-2.59696,1.50299,239.985
16.67,-2.59886,1.49864,240.03,-2.59696,1.50299,239.985,0.471322,0.15708,-2.59931,1.49891,240.075
16.68,-2.60121,1.49456,240.12,-2.59931,1.49891,240.075,0.471322,0.15708,-2.60167,1.49482,240.165
16.69,-2.60356,1.49047,240.21,-2.60167,1.49482,240.165,0.471322,0.15708,-2.60401,1.49073,240.255
16.7,-2.60589,1.48638,240.3,-2.60401,1.49073,240.255,0.471322,0.15708,-2.60635,1.48664,240.345
16.71,-2.60823,1.48228,240.39,-2.60635,1.48664,240.345,0.471322,0.15708,-2.60868,1.48255,240.435
16.72,-2.61055,1.47818,240.48,-2.60868,1.48255,240.435,0.471322,0.15708,-2.61101,1.47845,240.525
16.73,-2.61287,1.47408,240.57,-2.61101,1.47845,240.525,0.471322,0.15708,-2.61333,1.47434,240.615
16.74,-2.61518,1.46997,240.66,-2.61333,1.47434,240.615,0.471322,0.15708,-2.61564,1.47024,240.705
16.75,-2.61749,1.46586,240.75,-2.61564,1.47024,240.705,0.471322,0.15708,-2.61795,1.46613,240.795
16.76,-2.61979,1.46175,240.84,-2.61795,1.46613,240.795,0.471322,0.15708,-2.62024,1.46201,240.885
16.77,-2.62208,1.45763,240.93,-2.62024,1.46201,240.885,0.471322,0.15708,-2.62254,1.45789,240.975
16.78,-2.62437,1.45351,241.02,-2.62254,1.45789,240.975,0.471322,0.15708,-2.62482,1.45377,241.065
16.79,-2.62665,1.44939,241.11,-2.62482,1.45377,241.065,0.471322,0.15708,-2.62711,1.44965,241.155
16.8,-2.62892,1.44526,241.2,-2.62711,1.44965,241.155,0.471322,0.15708,-2.62938,1.44552,241.245
16.81,-2.63119,1.44113,241.29,-2.62938,1.44552,241.245,0.471322,0.15708,-2.63165,1.44139,241.335
16.82,-2.63345,1.43699,241.38,-2.63165,1.44139,241.335,0.471322,0.15708,-2.63391,1.43725,241.425
16.83,-2.6357,1.43286,241.47,-2.63391,1.43725,241.425,0.471322,0.15708,-2.63616,1.43311,241.515
16.84,-2.63795,1.42871,241.56,-2.63616,1.43311,241.515,0.471322,0.15708,-2.63841,1.42897,241.605
16.85,-2.64019,1.42457,241.65,-2.63841,1.42897,241.605,0.471322,0.15708,-2.64065,1.42482,241.695
16.86,-2.64242,1.42042,241.74,-2.64065,1.42482,241.695,0.471322,0.15708,-2.64289,1.42067,241.785
16.87,-2.64465,1.41627,241.83,-2.64289,1.42067,241.785,0.471322,0.15708,-2.64511,1.41652,241.875
16.88,-2.64687,1.41211,241.92,-2.64511,1.41652,241.875,0.471322,0.15708,-2.64734,1.41236,241.965
16.89,-2.64909,1.40795,242.01,-2.64734,1.41236,241.965,0.471322,0.15708,-2.64955,1.4082,242.055
16.9,-2.6513,1.40379,242.1,-2.64955,1.4082,242.055,0.471322,0.15708,-2.65176,1.40404,242.145
16.91,-2.6535,1.39962,242.19,-2.65176,1.40404,242.145,0.471322,0.15708,-2.65396,1.39987,242.235
16.92,-2.65569,1.39545,242.28,-2.65396,1.39987,242.235,0.471322,0.15708,-2.65616,1.3957,242.325
16.93,-2.65788,1.39128,242.37,-2.65616,1.3957,242.325,0.471322,0.15708,-2.65835,1.39153,242.415
16.94,-2.66006,1.3871,242.46,-2.65835,1.39153,242.415,0.471322,0.15708,-2.66053,1.38735,242.505
16.95,-2.66224,1.38292,242.55,-2.66053,1.38735,242.505,0.471322,0.15708,-2.66271,1.38317,242.595
16.96,-2.66441,1.37874,242.64,-2.66271,1.38317,242.595,0.471322,0.15708,-2.66487,1.37899,242.685
16.97,-2.66657,1.37455,242.73,-2.66487,1.37899,242.685,0.471322,0.15708,-2.66704,1.3748,242.775
16.98,-2.66873,1.37036,242.82,-2.66704,1.3748,242.775,0.471322,0.15708,-2.66919,1.37061,242.865
16.99,-2.67088,1.36617,242.91,-2.66919,1.37061,242.865,0.471322,0.15708,-2.67134,1.36641,242.955
17,-2.67302,1.36197,243,-2.67134,1.36641,242.955,0.471322,0.15708,-2.67349,1.36222,243.045
17.01,-2.67516,1.35777,243.09,-2.67349,1.36222,243.045,0.471322,0.15708,-2.67562,1.35801,243.135
17.02,-2.67729,1.35357,243.18,-2.67562,1.35801,243.135,0.471322,0.15708,-2.67775,1.35381,243.225
17.03,-2.67941,1.34936,243.27,-2.67775,1.35381,243.225,0.471322,0.15708,-2.67988,1.3496,243.315
17.04,-2.68152,1.34515,243.36,-2.67988,1.3496,243.315,0.471322,0.15708,-2.68199,1.34539,243.405
17.05,-2.68363,1.34094,243.45,-2.68199,1.34539,243.405,0.471322,0.15708,-2.6841,1.34118,243.495
17.06,-2.68574,1.33672,243.54,-2.6841,1.34118,243.495,0.471322,0.15708,-2.68621,1.33696,243.585
17.07,-2.68783,1.3325,243.63,-2.68621,1.33696,243.585,0.471322,0.15708,-2.6883,1.33274,243.675
17.08,-2.68992,1.32827,243.72,-2.6883,1.33274,243.675,0.471322,0.15708,-2.69039,1.32851,243.765
17.09,-2.69201,1.32405,243.81,-2.69039,1.32851,243.765,0.471322,0.15708,-2.69248,1.32429,243.855
17.1,-2.69408,1.31982,243.9,-2.69248,1.32429,243.855,0.471322,0.15708,-2.69455,1.32005,243.945
17.11,-2.69615,1.31558,243.99,-2.69455,1.32005,243.945,0.471322,0.15708,-2.69662,1.31582,244.035
17.12,-2.69822,1.31135,244.08,-2.69662,1.31582,244.035,0.471322,0.15708,-2.69869,1.31158,244.125
17.13,-2.70027,1.30711,244.17,-2.69869,1.31158,244.125,0.471322,0.15708,-2.70074,1.30734,244.215
17.14,-2.70232,1.30286,244.26,-2.70074,1.30734,244.215,0.471322,0.15708,-2.70279,1.3031,244.305
17.15,-2.70437,1.29862,244.35,-2.70279,1.3031,244.305,0.471322,0.15708,-2.70484,1.29885,244.395
17.16,-2.7064,1.29437,244.44,-2.70484,1.29885,244.395,0.471322,0.15708,-2.70687,1.2946,244.485
17.17,-2.70843,1.29012,244.53,-2.70687,1.2946,244.485,0.471322,0.15708,-2.70891,1.29035,244.575
17.18,-2.71045,1.28586,244.62,-2.70891,1.29035,244.575,0.471322,0.15708,-2.71093,1.28609,244.665
17.19,-2.71247,1.2816,244.71,-2.71093,1.28609,244.665,0.471322,0.15708,-2.71295,1.28183,244.755
17.2,-2.71448,1.27734,244.8,-2.71295,1.28183,244.755,0.471322,0.15708,-2.71496,1.27757,244.845
17.21,-2.71648,1.27307,244.89,-2.71496,1.27757,244.845,0.471322,0.15708,-2.71696,1.2733,244.935
17.22,-2.71848,1.2688,244.98,-2.71696,1.2733,244.935,0.471322,0.15708,-2.71896,1.26903,245.025
17.23,-2.72047,1.26453,245.07,-2.71896,1.26903,245.025,0.471322,0.15708,-2.72095,1.26476,245.115
17.24,-2.72245,1.26026,245.16,-2.72095,1.26476,245.115,0.471322,0.15708,-2.72293,1.26048,245.205
17.25,-2.72443,1.25598,245.25,-2.72293,1.26048,245.205,0.471322,0.15708,-2.72491,1.2562,245.295
17.26,-2.7264,1.2517,245.34,-2.72491,1.2562,245.295,0.471322,0.15708,-2.72688,1.25192,245.385
17.27,-2.72836,1.24741,245.43,-2.72688,1.25192,245.385,0.471322,0.15708,-2.72884,1.24764,245.475
17.28,-2.73032,1.24313,245.52,-2.72884,1.24764,245.475,0.471322,0.15708,-2.7308,1.24335,245.565
17.29,-2.73227,1.23884,245.61,-2.7308,1.24335,245.565,0.471322,0.15708,-2.73274,1.23906,245.655
17.3,-2.73421,1.23454,245.7,-2.73274,1.23906,245.655,0.471322,0.15708,-2.73469,1.23477,245.745
17.31,-2.73615,1.23025,245.79,-2.73469,1.23477,245.745,0.471322,0.15708,-2.73662,1.23047,245.835
17.32,-2.73807,1.22595,245.88,-2.73662,1.23047,245.835,0.471322,0.15708,-2.73855,1.22617,245.925
17.33,-2.74,1.22164,245.97,-2.73855,1.22617,245.925,0.471322,0.15708,-2.74048,1.22186,246.015
17.34,-2.74191,1.21734,246.06,-2.74048,1.22186,246.015,0.471322,0.15708,-2.74239,1.21756,246.105
17.35,-2.74382,1.21303,246.15,-2.74239,1.21756,246.105,0.471322,0.15708,-2.7443,1.21325,246.195
17.36,-2.74572,1.20872,246.24,-2.7443,1.21325,246.195,0.471322,0.15708,-2.7462,1.20894,246.285
17.37,-2.74762,1.2044,246.33,-2.7462,1.20894,246.285,0.471322,0.15708,-2.7481,1.20462,246.375
17.38,-2.74951,1.20009,246.42,-2.7481,1.20462,246.375,0.471322,0.15708,-2.74999,1.2003,246.465
17.39,-2.75139,1.19577,246.51,-2.74999,1.2003,246.465,0.471322,0.15708,-2.75187,1.19598,246.555
17.4,-2.75326,1.19144,246.6,-2.75187,1.19598,246.555,0.471322,0.15708,-2.75375,1.19166,246.645
17.41,-2.75513,1.18712,246.69,-2.75375,1.19166,246.645,0.471322,0.15708,-2.75561,1.18733,246.735
17.42,-2.75699,1.18279,246.78,-2.75561,1.18733,246.735,0.471322,0.15708,-2.75748,1.183,246.825
17.43,-2.75885,1.17846,246.87,-2.75748,1.183,246.825,0.471322,0.15708,-2.75933,1.17867,246.915
17.44,-2.7607,1.17412,246.96,-2.75933,1.17867,246.915,0.471322,0.15708,-2.76118,1.17433,247.005
17.45,-2.76254,1.16978,247.05,-2.76118,1.17433,247.005,0.471322,0.15708,-2.76302,1.16999,247.095
17.46,-2.76437,1.16544,247.14,-2.76302,1.16999,247.095,0.471322,0.15708,-2.76485,1.16565,247.185
17.47,-2.7662,1.1611,247.23,-2.76485,1.16565,247.185,0.471322,0.15708,-2.76668,1.16131,247.275
17.48,-2.76802,1.15675,247.32,-2.76668,1.16131,247.275,0.471322,0.15708,-2.7685,1.15696,247.365
17.49,-2.76983,1.1524,247.41,-2.7685,1.15696,247.365,0.471322,0.15708,-2.77032,1.15261,247.455
17.5,-2.77164,1.14805,247.5,-2.77032,1.15261,247.455,0.471322,0.15708,-2.77212,1.14826,247.545
17.51,-2.77344,1.1437,247.59,-2.77212,1.14826,247.545,0.471322,0.15708,-2.77392,1.1439,247.635
17.52,-2.77523,1.13934,247.68,-2.77392,1.1439,247.635,0.471322,0.15708,-2.77572,1.13954,247.725
17.53,-2.77702,1.13498,247.77,-2.77572,1.13954,247.725,0.471322,0.15708,-2.7775,1.13518,247.815
17.54,-2.7788,1.13061,247.86,-2.7775,1.13518,247.815,0.471322,0.15708,-2.77928,1.13082,247.905
17.55,-2.78057,1.12625,247.95,-2.77928,1.13082,247.905,0.471322,0.15708,-2.78106,1.12645,247.995
17.56,-2.78234,1.12188,248.04,-2.78106,1.12645,247.995,0.471322,0.15708,-2.78282,1.12208,248.085
17.57,-2.78409,1.11751,248.13,-2.78282,1.12208,248.085,0.471322,0.15708,-2.78458,1.11771,248.175
17.58,-2.78585,1.11313,248.22,-2.78458,1.11771,248.175,0.471322,0.15708,-2.78633,1.11333,248.265
17.59,-2.78759,1.10875,248.31,-2.78633,1.11333,248.265,0.471322,0.15708,-2.78808,1.10895,248.355
17.6,-2.78933,1.10437,248.4,-2.78808,1.10895,248.355,0.471322,0.15708,-2.78982,1.10457,248.445
17.61,-2.79106,1.09999,248.49,-2.78982,1.10457,248.445,0.471322,0.15708,-2.79155,1.10019,248.535
17.62,-2.79279,1.09561,248.58,-2.79155,1.10019,248.535,0.471322,0.15708,-2.79327,1.0958,248.625
17.63,-2.7945,1.09122,248.67,-2.79327,1.0958,248.625,0.471322,0.15708,-2.79499,1.09141,248.715
17.64,-2.79621,1.08683,248.76,-2.79499,1.09141,248.715,0.471322,0.15708,-2.7967,1.08702,248.805
17.65,-2.79792,1.08243,248.85,-2.7967,1.08702,248.805,0.471322,0.15708,-2.79841,1.08263,248.895
17.66,-2.79961,1.07804,248.94,-2.79841,1.08263,248.895,0.471322,0.15708,-2.8001,1.07823,248.985
17.67,-2.8013,1.07364,249.03,-2.8001,1.07823,248.985,0.471322,0.15708,-2.80179,1.07383,249.075
17.68,-2.80299,1.06924,249.12,-2.80179,1.07383,249.075,0.471322,0.15708,-2.80348,1.06943,249.165
17.69,-2.80466,1.06483,249.21,-2.80348,1.06943,249.165,0.471322,0.15708,-2.80515,1.06502,249.255
17.7,-2.80633,1.06042,249.3,-2.80515,1.06502,249.255,0.471322,0.15708,-2.80682,1.06062,249.345
17.71,-2.80799,1.05602,249.39,-2.80682,1.06062,249.345,0.471322,0.15708,-2.80849,1.05621,249.435
17.72,-2.80965,1.0516,249.48,-2.80849,1.05621,249.435,0.471322,0.15708,-2.81014,1.05179,249.525
17.73,-2.8113,1.04719,249.57,-2.81014,1.05179,249.525,0.471322,0.15708,-2.81179,1.04738,249.615
17.74,-2.81294,1.04277,249.66,-2.81179,1.04738,249.615,0.471322,0.15708,-2.81343,1.04296,249.705
17.75,-2.81457,1.03835,249.75,-2.81343,1.04296,249.705,0.471322,0.15708,-2.81507,1.03854,249.795
17.76,-2.8162,1.03393,249.84,-2.81507,1.03854,249.795,0.471322,0.15708,-2.81669,1.03412,249.885
17.77,-2.81782,1.0295,249.93,-2.81669,1.03412,249.885,0.471322,0.15708,-2.81832,1.02969,249.975
17.78,-2.81944,1.02508,250.02,-2.81832,1.02969,249.975,0.471322,0.15708,-2.81993,1.02526,250.065
17.79,-2.82104,1.02065,250.11,-2.81993,1.02526,250.065,0.471322,0.15708,-2.82154,1.02083,250.155
17.8,-2.82264,1.01621,250.2,-2.82154,1.02083,250.155,0.471322,0.15708,-2.82314,1.0164,250.245
17.81,-2.82424,1.01178,250.29,-2.82314,1.0164,250.245,0.471322,0.15708,-2.82473,1.01196,250.335
17.82,-2.82582,1.00734,250.38,-2.82473,1.01196,250.335,0.471322,0.15708,-2.82632,1.00752,250.425
17.83,-2.8274,1.0029,250.47,-2.82632,1.00752,250.425,0.471322,0.15708,-2.82789,1.00308,250.515
17.84,-2.82897,0.998459,250.56,-2.82789,1.00308,250.515,0.471322,0.15708,-2.82947,0.998639,250.605
17.85,-2.83054,0.994014,250.65,-2.82947,0.998639,250.605,0.471322,0.15708,-2.83103,0.994194,250.695
17.86,-2.83209,0.989566,250.74,-2.83103,0.994194,250.695,0.471322,0.15708,-2.83259,0.989745,250.785
17.87,-2.83365,0.985116,250.83,-2.83259,0.989745,250.785,0.471322,0.15708,-2.83414,0.985295,250.875
17.88,-2.83519,0.980664,250.92,-2.83414,0.985295,250.875,0.471322,0.15708,-2.83569,0.980842,250.965
17.89,-2.83673,0.976209,251.01,-2.83569,0.980842,250.965,0.471322,0.15708,-2.83722,0.976386,251.055
17.9,-2.83826,0.971752,251.1,-2.83722,0.976386,251.055,0.471322,0.15708,-2.83875,0.971928,251.145
17.91,-2.83978,0.967293,251.19,-2.83875,0.971928,251.145,0.471322,0.15708,-2.84028,0.967468,251.235
17.92,-2.84129,0.962831,251.28,-2.84028,0.967468,251.235,0.471322,0.15708,-2.84179,0.963005,251.325
17.93,-2.8428,0.958367,251.37,-2.84179,0.963005,251.325,0.471322,0.15708,-2.8433,0.95854,251.415
17.94,-2.84431,0.9539,251.46,-2.8433,0.95854,251.415,0.471322,0.15708,-2.8448,0.954073,251.505
17.95,-2.8458,0.949431,251.55,-2.8448,0.954073,251.505,0.471322,0.15708,-2.8463,0.949603,251.595
17.96,-2.84729,0.94496,251.64,-2.8463,0.949603,251.595,0.471322,0.15708,-2.84779,0.945131,251.685
17.97,-2.84877,0.940486,251.73,-2.84779,0.945131,251.685,0.471322,0.15708,-2.84927,0.940656,251.775
17.98,-2.85024,0.93601,251.82,-2.84927,0.940656,251.775,0.471322,0.15708,-2.85074,0.93618,251.865
17.99,-2.85171,0.931532,251.91,-2.85074,0.93618,251.865,0.471322,0.15708,-2.85221,0.931701,251.955
18,-2.85317,0.927051,252,-2.85221,0.931701,251.955,0.471322,0.15708,-2.85367,0.927219,252.045
18.01,-2.85462,0.922568,252.09,-2.85367,0.927219,252.045,0.471322,0.15708,-2.85512,0.922736,252.135
18.02,-2.85607,0.918083,252.18,-2.85512,0.922736,252.135,0.471322,0.15708,-2.85657,0.91825,252.225
18.03,-2.85751,0.913595,252.27,-2.85657,0.91825,252.225,0.471322,0.15708,-2.85801,0.913761,252.315
18.04,-2.85894,0.909106,252.36,-2.85801,0.913761,252.315,0.471322,0.15708,-2.85944,0.909271,252.405
18.05,-2.86036,0.904614,252.45,-2.85944,0.909271,252.405,0.471322,0.15708,-2.86086,0.904778,252.495
18.06,-2.86178,0.90012,252.54,-2.86086,0.904778,252.495,0.471322,0.15708,-2.86228,0.900283,252.585
18.07,-2.86319,0.895623,252.63,-2.86228,0.900283,252.585,0.471322,0.15708,-2.86369,0.895786,252.675
18.08,-2.86459,0.891125,252.72,-2.86369,0.895786,252.675,0.471322,0.15708,-2.8651,0.891287,252.765
18.09,-2.86599,0.886624,252.81,-2.8651,0.891287,252.765,0.471322,0.15708,-2.86649,0.886785,252.855
18.1,-2.86738,0.882121,252.9,-2.86649,0.886785,252.855,0.471322,0.15708,-2.86788,0.882281,252.945
18.11,-2.86876,0.877616,252.99,-2.86788,0.882281,252.945,0.471322,0.15708,-2.86926,0.877775,253.035
18.12,-2.87014,0.873109,253.08,-2.86926,0.877775,253.035,0.471322,0.15708,-2.87064,0.873267,253.125
18.13,-2.8715,0.868599,253.17,-2.87064,0.873267,253.125,0.471322,0.15708,-2.87201,0.868757,253.215
18.14,-2.87286,0.864087,253.26,-2.87201,0.868757,253.215,0.471322,0.15708,-2.87337,0.864245,253.305
18.15,-2.87422,0.859574,253.35,-2.87337,0.864245,253.305,0.471322,0.15708,-2.87472,0.85973,253.395
18.16,-2.87557,0.855058,253.44,-2.87472,0.85973,253.395,0.471322,0.15708,-2.87607,0.855213,253.485
18.17,-2.8769,0.85054,253.53,-2.87607,0.855213,253.485,0.471322,0.15708,-2.87741,0.850695,253.575
18.18,-2.87824,0.84602,253.62,-2.87741,0.850695,253.575,0.471322,0.15708,-2.87874,0.846174,253.665
18.19,-2.87956,0.841498,253.71,-2.87874,0.846174,253.665,0.471322,0.15708,-2.88007,0.841651,253.755
18.2,-2.88088,0.836973,253.8,-2.88007,0.841651,253.755,0.471322,0.15708,-2.88139,0.837126,253.845
18.21,-2.88219,0.832447,253.89,-2.88139,0.837126,253.845,0.471322,0.15708,-2.8827,0.832599,253.935
18.22,-2.8835,0.827919,253.98,-2.8827,0.832599,253.935,0.471322,0.15708,-2.884,0.82807,254.025
18.23,-2.88479,0.823388,254.07,-2.884,0.82807,254.025,0.471322,0.15708,-2.8853,0.823538,254.115
18.24,-2.88608,0.818856,254.16,-2.8853,0.823538,254.115,0.471322,0.15708,-2.88659,0.819005,254.205
18.25,-2.88737,0.814321,254.25,-2.88659,0.819005,254.205,0.471322,0.15708,-2.88787,0.81447,254.295
18.26,-2.88864,0.809785,254.34,-2.88787,0.81447,254.295,0.471322,0.15708,-2.88915,0.809933,254.385
18.27,-2.88991,0.805246,254.43,-2.88915,0.809933,254.385,0.471322,0.15708,-2.89042,0.805393,254.475
18.28,-2.89117,0.800706,254.52,-2.89042,0.805393,254.475,0.471322,0.15708,-2.89168,0.800852,254.565
18.29,-2.89243,0.796164,254.61,-2.89168,0.800852,254.565,0.471322,0.15708,-2.89293,0.796309,254.655
18.3,-2.89367,0.791619,254.7,-2.89293,0.796309,254.655,0.471322,0.15708,-2.89418,0.791764,254.745
18.31,-2.89491,0.787073,254.79,-2.89418,0.791764,254.745,0.471322,0.15708,-2.89542,0.787217,254.835
18.32,-2.89614,0.782525,254.88,-2.89542,0.787217,254.835,0.471322,0.15708,-2.89665,0.782667,254.925
18.33,-2.89737,0.777974,254.97,-2.89665,0.782667,254.925,0.471322,0.15708,-2.89788,0.778116,255.015
18.34,-2.89859,0.773422,255.06,-2.89788,0.778116,255.015,0.471322,0.15708,-2.8991,0.773563,255.105
18.35,-2.8998,0.768868,255.15,-2.8991,0.773563,255.105,0.471322,0.15708,-2.90031,0.769009,255.195
18.36,-2.901,0.764312,255.24,-2.90031,0.769009,255.195,0.471322,0.15708,-2.90151,0.764452,255.285
18.37,-2.9022,0.759754,255.33,-2.90151,0.764452,255.285,0.471322,0.15708,-2.90271,0.759893,255.375
18.38,-2.90339,0.755195,255.42,-2.90271,0.759893,255.375,0.471322,0.15708,-2.9039,0.755333,255.465
18.39,-2.90457,0.750633,255.51,-2.9039,0.755333,255.465,0.471322,0.15708,-2.90508,0.75077,255.555
18.4,-2.90575,0.74607,255.6,-2.90508,0.75077,255.555,0.471322,0.15708,-2.90626,0.746206,255.645
18.41,-2.90692,0.741504,255.69,-2.90626,0.746206,255.645,0.471322,0.15708,-2.90743,0.74164,255.735
18.42,-2.90808,0.736937,255.78,-2.90743,0.74164,255.735,0.471322,0.15708,-2.90859,0.737072,255.825
18.43,-2.90923,0.732368,255.87,-2.90859,0.737072,255.825,0.471322,0.15708,-2.90974,0.732503,255.915
18.44,-2.91038,0.727798,255.96,-2.90974,0.732503,255.915,0.471322,0.15708,-2.91089,0.727931,256.005
18.45,-2.91152,0.723225,256.05,-2.91089,0.727931,256.005,0.471322,0.15708,-2.91203,0.723358,256.095
18.46,-2.91265,0.718651,256.14,-2.91203,0.723358,256.095,0.471322,0.15708,-2.91316,0.718783,256.185
18.47,-2.91378,0.714075,256.23,-2.91316,0.718783,256.185,0.471322,0.15708,-2.91429,0.714206,256.275
18.48,-2.9149,0.709497,256.32,-2.91429,0.714206,256.275,0.471322,0.15708,-2.91541,0.709627,256.365
18.49,-2.91601,0.704917,256.41,-2.91541,0.709627,256.365,0.471322,0.15708,-2.91652,0.705047,256.455
18.5,-2.91711,0.700336,256.5,-2.91652,0.705047,256.455,0.471322,0.15708,-2.91762,0.700465,256.545
18.51,-2.91821,0.695753,256.59,-2.91762,0.700465,256.545,0.471322,0.15708,-2.91872,0.695881,256.635
18.52,-2.9193,0.691168,256.68,-2.91872,0.695881,256.635,0.471322,0.15708,-2.91981,0.691295,256.725
18.53,-2.92038,0.686582,256.77,-2.91981,0.691295,256.725,0.471322,0.15708,-2.92089,0.686708,256.815
18.54,-2.92145,0.681994,256.86,-2.92089,0.686708,256.815,0.471322,0.15708,-2.92196,0.682119,256.905
18.55,-2.92252,0.677404,256.95,-2.92196,0.682119,256.905,0.471322,0.15708,-2.92303,0.677528,256.995
18.56,-2.92358,0.672812,257.04,-2.92303,0.677528,256.995,0.471322,0.15708,-2.92409,0.672936,257.085
18.57,-2.92463,0.668219,257.13,-2.92409,0.672936,257.085,0.471322,0.15708,-2.92515,0.668342,257.175
18.58,-2.92568,0.663624,257.22,-2.92515,0.668342,257.175,0.471322,0.15708,-2.92619,0.663746,257.265
18.59,-2.92672,0.659028,257.31,-2.92619,0.663746,257.265,0.471322,0.15708,-2.92723,0.659149,257.355
18.6,-2.92775,0.65443,257.4,-2.92723,0.659149,257.355,0.471322,0.15708,-2.92826,0.65455,257.445
18.61,-2.92877,0.64983,257.49,-2.92826,0.65455,257.445,0.471322,0.15708,-2.92929,0.64995,257.535
18.62,-2.92979,0.645229,257.58,-2.92929,0.64995,257.535,0.471322,0.15708,-2.93031,0.645348,257.625
18.63,-2.9308,0.640626,257.67,-2.93031,0.645348,257.625,0.471322,0.15708,-2.93132,0.640744,257.715
18.64,-2.9318,0.636021,257.76,-2.93132,0.640744,257.715,0.471322,0.15708,-2.93232,0.636139,257.805
18.65,-2.9328,0.631415,257.85,-2.93232,0.636139,257.805,0.471322,0.15708,-2.93331,0.631532,257.895
18.66,-2.93379,0.626808,257.94,-2.93331,0.631532,257.895,0.471322,0.15708,-2.9343,0.626923,257.985
18.67,-2.93477,0.622199,258.03,-2.9343,0.626923,257.985,0.471322,0.15708,-2.93528,0.622313,258.075
18.68,-2.93574,0.617588,258.12,-2.93528,0.622313,258.075,0.471322,0.15708,-2.93626,0.617702,258.165
18.69,-2.93671,0.612976,258.21,-2.93626,0.617702,258.165,0.471322,0.15708,-2.93722,0.613089,258.255
18.7,-2.93767,0.608362,258.3,-2.93722,0.613089,258.255,0.471322,0.15708,-2.93818,0.608474,258.345
18.71,-2.93862,0.603747,258.39,-2.93818,0.608474,258.345,0.471322,0.15708,-2.93914,0.603858,258.435
18.72,-2.93957,0.59913,258.48,-2.93914,0.603858,258.435,0.471322,0.15708,-2.94008,0.599241,258.525
18.73,-2.9405,0.594512,258.57,-2.94008,0.599241,258.525,0.471322,0.15708,-2.94102,0.594622,258.615
18.74,-2.94143,0.589892,258.66,-2.94102,0.594622,258.615,0.471322,0.15708,-2.94195,0.590001,258.705
18.75,-2.94236,0.585271,258.75,-2.94195,0.590001,258.705,0.471322,0.15708,-2.94287,0.585379,258.795
18.76,-2.94327,0.580648,258.84,-2.94287,0.585379,258.795,0.471322,0.15708,-2.94379,0.580756,258.885
18.77,-2.94418,0.576024,258.93,-2.94379,0.580756,258.885,0.471322,0.15708,-2.9447,0.576131,258.975
18.78,-2.94508,0.571399,259.02,-2.9447,0.576131,258.975,0.471322,0.15708,-2.9456,0.571505,259.065
18.79,-2.94598,0.566772,259.11,-2.9456,0.571505,259.065,0.471322,0.15708,-2.94649,0.566877,259.155
18.8,-2.94686,0.562144,259.2,-2.94649,0.566877,259.155,0.471322,0.15708,-2.94738,0.562248,259.245
18.81,-2.94774,0.557514,259.29,-2.94738,0.562248,259.245,0.471322,0.15708,-2.94826,0.557618,259.335
18.82,-2.94861,0.552883,259.38,-2.94826,0.557618,259.335,0.471322,0.15708,-2.94913,0.552986,259.425
18.83,-2.94948,0.548251,259.47,-2.94913,0.552986,259.425,0.471322,0.15708,-2.95,0.548353,259.515
18.84,-2.95034,0.543617,259.56,-2.95,0.548353,259.515,0.471322,0.15708,-2.95085,0.543718,259.605
18.85,-2.95119,0.538982,259.65,-2.95085,0.543718,259.605,0.471322,0.15708,-2.9517,0.539082,259.695
18.86,-2.95203,0.534346,259.74,-2.9517,0.539082,259.695,0.471322,0.15708,-2.95255,0.534445,259.785
18.87,-2.95286,0.529708,259.83,-2.95255,0.534445,259.785,0.471322,0.15708,-2.95338,0.529807,259.875
18.88,-2.95369,0.525069,259.92,-2.95338,0.529807,259.875,0.471322,0.15708,-2.95421,0.525167,259.965
18.89,-2.95451,0.520429,260.01,-2.95421,0.525167,259.965,0.471322,0.15708,-2.95503,0.520526,260.055
18.9,-2.95533,0.515787,260.1,-2.95503,0.520526,260.055,0.471322,0.15708,-2.95585,0.515883,260.145
18.91,-2.95613,0.511144,260.19,-2.95585,0.515883,260.145,0.471322,0.15708,-2.95665,0.51124,260.235
18.92,-2.95693,0.5065,260.28,-2.95665,0.51124,260.235,0.471322,0.15708,-2.95745,0.506595,260.325
18.93,-2.95773,0.501855,260.37,-2.95745,0.506595,260.325,0.471322,0.15708,-2.95824,0.501949,260.415
18.94,-2.95851,0.497208,260.46,-2.95824,0.501949,260.415,0.471322,0.15708,-2.95903,0.497301,260.505
18.95,-2.95929,0.492561,260.55,-2.95903,0.497301,260.505,0.471322,0.15708,-2.95981,0.492653,260.595
18.96,-2.96006,0.487911,260.64,-2.95981,0.492653,260.595,0.471322,0.15708,-2.96058,0.488003,260.685
18.97,-2.96082,0.483261,260.73,-2.96058,0.488003,260.685,0.471322,0.15708,-2.96134,0.483352,260.775
18.98,-2.96158,0.47861,260.82,-2.96134,0.483352,260.775,0.471322,0.15708,-2.9621,0.478699,260.865
18.99,-2.96232,0.473957,260.91,-2.9621,0.478699,260.865,0.471322,0.15708,-2.96284,0.474046,260.955
19,-2.96307,0.469303,261,-2.96284,0.474046,260.955,0.471322,0.15708,-2.96358,0.469391,261.045
19.01,-2.9638,0.464648,261.09,-2.96358,0.469391,261.045,0.471322,0.15708,-2.96432,0.464736,261.135
19.02,-2.96452,0.459992,261.18,-2.96432,0.464736,261.135,0.471322,0.15708,-2.96504,0.460079,261.225
19.03,-2.96524,0.455335,261.27,-2.96504,0.460079,261.225,0.471322,0.15708,-2.96576,0.455421,261.315
19.04,-2.96596,0.450677,261.36,-2.96576,0.455421,261.315,0.471322,0.15708,-2.96648,0.450762,261.405
19.05,-2.96666,0.446017,261.45,-2.96648,0.450762,261.405,0.471322,0.15708,-2.96718,0.446101,261.495
19.06,-2.96736,0.441357,261.54,-2.96718,0.446101,261.495,0.471322,0.15708,-2.96788,0.44144,261.585
19.07,-2.96805,0.436695,261.63,-2.96788,0.44144,261.585,0.471322,0.15708,-2.96857,0.436777,261.675
19.08,-2.96873,0.432032,261.72,-2.96857,0.436777,261.675,0.471322,0.15708,-2.96925,0.432114,261.765
19.09,-2.9694,0.427369,261.81,-2.96925,0.432114,261.765,0.471322,0.15708,-2.96992,0.427449,261.855
19.1,-2.97007,0.422704,261.9,-2.96992,0.427449,261.855,0.471322,0.15708,-2.97059,0.422784,261.945
19.11,-2.97073,0.418038,261.99,-2.97059,0.422784,261.945,0.471322,0.15708,-2.97125,0.418117,262.035
19.12,-2.97138,0.413371,262.08,-2.97125,0.418117,262.035,0.471322,0.15708,-2.97191,0.413449,262.125
19.13,-2.97203,0.408703,262.17,-2.97191,0.413449,262.125,0.471322,0.15708,-2.97255,0.40878,262.215
19.14,-2.97267,0.404034,262.26,-2.97255,0.40878,262.215,0.471322,0.15708,-2.97319,0.404111,262.305
19.15,-2.9733,0.399364,262.35,-2.97319,0.404111,262.305,0.471322,0.15708,-2.97382,0.39944,262.395
19.16,-2.97392,0.394693,262.44,-2.97382,0.39944,262.395,0.471322,0.15708,-2.97444,0.394768,262.485
19.17,-2.97454,0.390021,262.53,-2.97444,0.394768,262.485,0.471322,0.15708,-2.97506,0.390095,262.575
19.18,-2.97515,0.385348,262.62,-2.97506,0.390095,262.575,0.471322,0.15708,-2.97567,0.385422,262.665
19.19,-2.97575,0.380674,262.71,-2.97567,0.385422,262.665,0.471322,0.15708,-2.97627,0.380747,262.755
19.2,-2.97634,0.376,262.8,-2.97627,0.380747,262.755,0.471322,0.15708,-2.97687,0.376071,262.845
19.21,-2.97693,0.371324,262.89,-2.97687,0.376071,262.845,0.471322,0.15708,-2.97745,0.371395,262.935
19.22,-2.97751,0.366647,262.98,-2.97745,0.371395,262.935,0.471322,0.15708,-2.97803,0.366717,263.025
19.23,-2.97808,0.36197,263.07,-2.97803,0.366717,263.025,0.471322,0.15708,-2.97861,0.362039,263.115
19.24,-2.97865,0.357291,263.16,-2.97861,0.362039,263.115,0.471322,0.15708,-2.97917,0.35736,263.205
19.25,-2.97921,0.352612,263.25,-2.97917,0.35736,263.205,0.471322,0.15708,-2.97973,0.35268,263.295
19.26,-2.97976,0.347932,263.34,-2.97973,0.35268,263.295,0.471322,0.15708,-2.98028,0.347999,263.385
19.27,-2.9803,0.343251,263.43,-2.98028,0.347999,263.385,0.471322,0.15708,-2.98082,0.343317,263.475
19.28,-2.98083,0.338569,263.52,-2.98082,0.343317,263.475,0.471322,0.15708,-2.98136,0.338634,263.565
19.29,-2.98136,0.333886,263.61,-2.98136,0.338634,263.565,0.471322,0.15708,-2.98189,0.333951,263.655
19.3,-2.98188,0.329203,263.7,-2.98189,0.333951,263.655,0.471322,0.15708,-2.98241,0.329266,263.745
19.31,-2.9824,0.324519,263.79,-2.98241,0.329266,263.745,0.471322,0.15708,-2.98292,0.324581,263.835
19.32,-2.9829,0.319833,263.88,-2.98292,0.324581,263.835,0.471322,0.15708,-2.98343,0.319895,263.925
19.33,-2.9834,0.315148,263.97,-2.98343,0.319895,263.925,0.471322,0.15708,-2.98392,0.315209,264.015
19.34,-2.98389,0.310461,264.06,-2.98392,0.315209,264.015,0.471322,0.15708,-2.98442,0.310521,264.105
19.35,-2.98438,0.305773,264.15,-2.98442,0.310521,264.105,0.471322,0.15708,-2.9849,0.305833,264.195
19.36,-2.98485,0.301085,264.24,-2.9849,0.305833,264.195,0.471322,0.15708,-2.98538,0.301144,264.285
19.37,-2.98532,0.296396,264.33,-2.98538,0.301144,264.285,0.471322,0.15708,-2.98585,0.296454,264.375
19.38,-2.98578,0.291706,264.42,-2.98585,0.296454,264.375,0.471322,0.15708,-2.98631,0.291763,264.465
19.39,-2.98624,0.287016,264.51,-2.98631,0.291763,264.465,0.471322,0.15708,-2.98676,0.287072,264.555
19.4,-2.98669,0.282325,264.6,-2.98676,0.287072,264.555,0.471322,0.15708,-2.98721,0.28238,264.645
19.41,-2.98713,0.277633,264.69,-2.98721,0.28238,264.645,0.471322,0.15708,-2.98765,0.277688,264.735
19.42,-2.98756,0.272941,264.78,-2.98765,0.277688,264.735,0.471322,0.15708,-2.98808,0.272994,264.825
19.43,-2.98798,0.268247,264.87,-2.98808,0.272994,264.825,0.471322,0.15708,-2.98851,0.2683,264.915
19.44,-2.9884,0.263554,264.96,-2.98851,0.2683,264.915,0.471322,0.15708,-2.98893,0.263606,265.005
19.45,-2.98881,0.258859,265.05,-2.98893,0.263606,265.005,0.471322,0.15708,-2.98934,0.25891,265.095
19.46,-2.98921,0.254164,265.14,-2.98934,0.25891,265.095,0.471322,0.15708,-2.98974,0.254214,265.185
19.47,-2.98961,0.249468,265.23,-2.98974,0.254214,265.185,0.471322,0.15708,-2.99013,0.249518,265.275
19.48,-2.99,0.244772,265.32,-2.99013,0.249518,265.275,0.471322,0.15708,-2.99052,0.24482,265.365
19.49,-2.99038,0.240075,265.41,-2.99052,0.24482,265.365,0.471322,0.15708,-2.9909,0.240123,265.455
19.5,-2.99075,0.235377,265.5,-2.9909,0.240123,265.455,0.471322,0.15708,-2.99128,0.235424,265.545
19.51,-2.99112,0.230679,265.59,-2.99128,0.235424,265.545,0.471322,0.15708,-2.99164,0.230725,265.635
19.52,-2.99148,0.22598,265.68,-2.99164,0.230725,265.635,0.471322,0.15708,-2.992,0.226026,265.725
19.53,-2.99183,0.221281,265.77,-2.992,0.226026,265.725,0.471322,0.15708,-2.99235,0.221326,265.815
19.54,-2.99217,0.216581,265.86,-2.99235,0.221326,265.815,0.471322,0.15708,-2.9927,0.216625,265.905
19.55,-2.99251,0.211881,265.95,-2.9927,0.216625,265.905,0.471322,0.15708,-2.99303,0.211924,265.995
19.56,-2.99284,0.20718,266.04,-2.99303,0.211924,265.995,0.471322,0.15708,-2.99336,0.207222,266.085
19.57,-2.99316,0.202479,266.13,-2.99336,0.207222,266.085,0.471322,0.15708,-2.99368,0.20252,266.175
19.58,-2.99347,0.197777,266.22,-2.99368,0.20252,266.175,0.471322,0.15708,-2.994,0.197817,266.265
19.59,-2.99378,0.193074,266.31,-2.994,0.197817,266.265,0.471322,0.15708,-2.99431,0.193114,266.355
19.6,-2.99408,0.188372,266.4,-2.99431,0.193114,266.355,0.471322,0.15708,-2.99461,0.18841,266.445
19.61,-2.99437,0.183668,266.49,-2.99461,0.18841,266.445,0.471322,0.15708,-2.9949,0.183706,266.535
19.62,-2.99466,0.178964,266.58,-2.9949,0.183706,266.535,0.471322,0.15708,-2.99518,0.179002,266.625
19.63,-2.99493,0.17426,266.67,-2.99518,0.179002,266.625,0.471322,0.15708,-2.99546,0.174297,266.715
19.64,-2.9952,0.169556,266.76,-2.99546,0.174297,266.715,0.471322,0.15708,-2.99573,0.169591,266.805
19.65,-2.99547,0.164851,266.85,-2.99573,0.169591,266.805,0.471322,0.15708,-2.99599,0.164885,266.895
19.66,-2.99572,0.160145,266.94,-2.99599,0.164885,266.895,0.471322,0.15708,-2.99625,0.160179,266.985
19.67,-2.99597,0.155439,267.03,-2.99625,0.160179,266.985,0.471322,0.15708,-2.9965,0.155472,267.075
19.68,-2.99621,0.150733,267.12,-2.9965,0.155472,267.075,0.471322,0.15708,-2.99674,0.150765,267.165
19.69,-2.99644,0.146026,267.21,-2.99674,0.150765,267.165,0.471322,0.15708,-2.99697,0.146058,267.255
19.7,-2.99667,0.141319,267.3,-2.99697,0.146058,267.255,0.471322,0.15708,-2.9972,0.14135,267.345
19.71,-2.99689,0.136612,267.39,-2.9972,0.14135,267.345,0.471322,0.15708,-2.99741,0.136642,267.435
19.72,-2.9971,0.131904,267.48,-2.99741,0.136642,267.435,0.471322,0.15708,-2.99762,0.131933,267.525
19.73,-2.9973,0.127196,267.57,-2.99762,0.131933,267.525,0.471322,0.15708,-2.99783,0.127224,267.615
19.74,-2.9975,0.122488,267.66,-2.99783,0.127224,267.615,0.471322,0.15708,-2.99802,0.122515,267.705
19.75,-2.99769,0.117779,267.75,-2.99802,0.122515,267.705,0.471322,0.15708,-2.99821,0.117806,267.795
19.76,-2.99787,0.113071,267.84,-2.99821,0.117806,267.795,0.471322,0.15708,-2.99839,0.113096,267.885
19.77,-2.99804,0.108361,267.93,-2.99839,0.113096,267.885,0.471322,0.15708,-2.99857,0.108386,267.975
19.78,-2.99821,0.103652,268.02,-2.99857,0.108386,267.975,0.471322,0.15708,-2.99874,0.103676,268.065
19.79,-2.99837,0.0989422,268.11,-2.99874,0.103676,268.065,0.471322,0.15708,-2.99889,0.0989653,268.155
19.8,-2.99852,0.0942323,268.2,-2.99889,0.0989653,268.155,0.471322,0.15708,-2.99905,0.0942545,268.245
19.81,-2.99866,0.0895221,268.29,-2.99905,0.0942545,268.245,0.471322,0.15708,-2.99919,0.0895435,268.335
19.82,-2.9988,0.0848117,268.38,-2.99919,0.0895435,268.335,0.471322,0.15708,-2.99933,0.0848323,268.425
19.83,-2.99893,0.0801011,268.47,-2.99933,0.0848323,268.425,0.471322,0.15708,-2.99946,0.0801208,268.515
19.84,-2.99905,0.0753903,268.56,-2.99946,0.0801208,268.515,0.471322,0.15708,-2.99958,0.0754092,268.605
19.85,-2.99917,0.0706793,268.65,-2.99958,0.0754092,268.605,0.471322,0.15708,-2.99969,0.0706974,268.695
19.86,-2.99927,0.0659681,268.74,-2.99969,0.0706974,268.695,0.471322,0.15708,-2.9998,0.0659854,268.785
19.87,-2.99937,0.0612568,268.83,-2.9998,0.0659854,268.785,0.471322,0.15708,-2.9999,0.0612732,268.875
19.88,-2.99947,0.0565453,268.92,-2.9999,0.0612732,268.875,0.471322,0.15708,-2.99999,0.0565609,268.965
19.89,-2.99955,0.0518337,269.01,-2.99999,0.0565609,268.965,0.471322,0.15708,-3.00008,0.0518485,269.055
19.9,-2.99963,0.047122,269.1,-3.00008,0.0518485,269.055,0.471322,0.15708,-3.00016,0.0471359,269.145
19.91,-2.9997,0.0424101,269.19,-3.00016,0.0471359,269.145,0.471322,0.15708,-3.00023,0.0424232,269.235
19.92,-2.99976,0.0376981,269.28,-3.00023,0.0424232,269.235,0.471322,0.15708,-3.00029,0.0377104,269.325
19.93,-2.99982,0.0329861,269.37,-3.00029,0.0377104,269.325,0.471322,0.15708,-3.00035,0.0329975,269.415
19.94,-2.99987,0.0282739,269.46,-3.00035,0.0329975,269.415,0.471322,0.15708,-3.00039,0.0282846,269.505
19.95,-2.99991,0.0235617,269.55,-3.00039,0.0282846,269.505,0.471322,0.15708,-3.00043,0.0235715,269.595
19.96,-2.99994,0.0188494,269.64,-3.00043,0.0235715,269.595,0.471322,0.15708,-3.00047,0.0188584,269.685
19.97,-2.99997,0.0141371,269.73,-3.00047,0.0188584,269.685,0.471322,0.15708,-3.00049,0.0141453,269.775
19.98,-2.99999,0.00942476,269.82,-3.00049,0.0141453,269.775,0.471322,0.15708,-3.00051,0.00943209,269.865
19.99,-3,0.00471239,269.91,-3.00051,0.00943209,269.865,0.471322,0.15708,-3.00052,0.00471889,269.955
20,-3,-1.54176e-13,270,-3.00052,0.00471889,269.955,0.471322,0.15708,-3.00053,5.67087e-06,270.045
20.01,-3,-0.00471239,270.09,-3.00053,5.67087e-06,270.045,0.471322,0.15708,-3.00052,-0.00470754,270.135
20.02,-2.99999,-0.00942476,270.18,-3.00052,-0.00470754,270.135,0.471322,0.15708,-3.00051,-0.00942075,270.225
20.03,-2.99997,-0.0141371,270.27,-3.00051,-0.00942075,270.225,0.471322,0.15708,-3.00049,-0.0141339,270.315
20.04,-2.99994,-0.0188494,270.36,-3.00049,-0.0141339,270.315,0.471322,0.15708,-3.00047,-0.0188471,270.405
20.05,-2.99991,-0.0235617,270.45,-3.00047,-0.0188471,270.405,0.471322,0.15708,-3.00043,-0.0235602,270.495
20.06,-2.99987,-0.0282739,270.54,-3.00043,-0.0235602,270.495,0.471322,0.15708,-3.00039,-0.0282732,270.585
20.07,-2.99982,-0.0329861,270.63,-3.00039,-0.0282732,270.585,0.471322,0.15708,-3.00035,-0.0329862,270.675
20.08,-2.99976,-0.0376981,270.72,-3.00035,-0.0329862,270.675,0.471322,0.15708,-3.00029,-0.0376991,270.765
20.09,-2.9997,-0.0424101,270.81,-3.00029,-0.0376991,270.765,0.471322,0.15708,-3.00023,-0.0424119,270.855
20.1,-2.99963,-0.047122,270.9,-3.00023,-0.0424119,270.855,0.471322,0.15708,-3.00016,-0.0471246,270.945
20.11,-2.99955,-0.0518337,270.99,-3.00016,-0.0471246,270.945,0.471322,0.15708,-3.00008,-0.0518371,271.035
20.12,-2.99947,-0.0565453,271.08,-3.00008,-0.0518371,271.035,0.471322,0.15708,-2.99999,-0.0565496,271.125
20.13,-2.99937,-0.0612568,271.17,-2.99999,-0.0565496,271.125,0.471322,0.15708,-2.9999,-0.0612619,271.215
20.14,-2.99927,-0.0659681,271.26,-2.9999,-0.0612619,271.215,0.471322,0.15708,-2.9998,-0.065974,271.305
20.15,-2.99917,-0.0706793,271.35,-2.9998,-0.065974,271.305,0.471322,0.15708,-2.99969,-0.070686,271.395
20.16,-2.99905,-0.0753903,271.44,-2.99969,-0.070686,271.395,0.471322,0.15708,-2.99958,-0.0753979,271.485
20.17,-2.99893,-0.0801011,271.53,-2.99958,-0.0753979,271.485,0.471322,0.15708,-2.99946,-0.0801095,271.575
20.18,-2.9988,-0.0848117,271.62,-2.99946,-0.0801095,271.575,0.471322,0.15708,-2.99933,-0.0848209,271.665
20.19,-2.99866,-0.0895221,271.71,-2.99933,-0.0848209,271.665,0.471322,0.15708,-2.99919,-0.0895322,271.755
20.2,-2.99852,-0.0942323,271.8,-2.99919,-0.0895322,271.755,0.471322,0.15708,-2.99905,-0.0942432,271.845
20.21,-2.99837,-0.0989422,271.89,-2.99905,-0.0942432,271.845,0.471322,0.15708,-2.99889,-0.0989539,271.935
20.22,-2.99821,-0.103652,271.98,-2.99889,-0.0989539,271.935,0.471322,0.15708,-2.99874,-0.103664,272.025
20.23,-2.99804,-0.108361,272.07,-2.99874,-0.103664,272.025,0.471322,0.15708,-2.99857,-0.108375,272.115
20.24,-2.99787,-0.113071,272.16,-2.99857,-0.108375,272.115,0.471322,0.15708,-2.9984,-0.113085,272.205
20.25,-2.99769,-0.117779,272.25,-2.9984,-0.113085,272.205,0.471322,0.15708,-2.99821,-0.117794,272.295
20.26,-2.9975,-0.122488,272.34,-2.99821,-0.117794,272.295,0.471322,0.15708,-2.99803,-0.122504,272.385
20.27,-2.9973,-0.127196,272.43,-2.99803,-0.122504,272.385,0.471322,0.15708,-2.99783,-0.127213,272.475
20.28,-2.9971,-0.131904,272.52,-2.99783,-0.127213,272.475,0.471322,0.15708,-2.99763,-0.131922,272.565
20.29,-2.99689,-0.136612,272.61,-2.99763,-0.131922,272.565,0.471322,0.15708,-2.99741,-0.13663,272.655
20.3,-2.99667,-0.141319,272.7,-2.99741,-0.13663,272.655,0.471322,0.15708,-2.9972,-0.141339,272.745
20.31,-2.99644,-0.146026,272.79,-2.9972,-0.141339,272.745,0.471322,0.15708,-2.99697,-0.146046,272.835
20.32,-2.99621,-0.150733,272.88,-2.99697,-0.146046,272.835,0.471322,0.15708,-2.99674,-0.150754,272.925
20.33,-2.99597,-0.155439,272.97,-2.99674,-0.150754,272.925,0.471322,0.15708,-2.9965,-0.155461,273.015
20.34,-2.99572,-0.160145,273.06,-2.9965,-0.155461,273.015,0.471322,0.15708,-2.99625,-0.160168,273.105
20.35,-2.99547,-0.164851,273.15,-2.99625,-0.160168,273.105,0.471322,0.15708,-2.99599,-0.164874,273.195
20.36,-2.9952,-0.169556,273.24,-2.99599,-0.164874,273.195,0.471322,0.15708,-2.99573,-0.16958,273.285
20.37,-2.99493,-0.17426,273.33,-2.99573,-0.16958,273.285,0.471322,0.15708,-2.99546,-0.174285,273.375
20.38,-2.99466,-0.178964,273.42,-2.99546,-0.174285,273.375,0.471322,0.15708,-2.99518,-0.17899,273.465
20.39,-2.99437,-0.183668,273.51,-2.99518,-0.17899,273.465,0.471322,0.15708,-2.9949,-0.183695,273.555
20.4,-2.99408,-0.188372,273.6,-2.9949,-0.183695,273.555,0.471322,0.15708,-2.99461,-0.188399,273.645
20.41,-2.99378,-0.193074,273.69,-2.99461,-0.188399,273.645,0.471322,0.15708,-2.99431,-0.193103,273.735
20.42,-2.99347,-0.197777,273.78,-2.99431,-0.193103,273.735,0.471322,0.15708,-2.994,-0.197806,273.825
20.43,-2.99316,-0.202479,273.87,-2.994,-0.197806,273.825,0.471322,0.15708,-2.99369,-0.202509,273.915
20.44,-2.99284,-0.20718,273.96,-2.99369,-0.202509,273.915,0.471322,0.15708,-2.99336,-0.207211,274.005
20.45,-2.99251,-0.211881,274.05,-2.99336,-0.207211,274.005,0.471322,0.15708,-2.99303,-0.211913,274.095
20.46,-2.99217,-0.216581,274.14,-2.99303,-0.211913,274.095,0.471322,0.15708,-2.9927,-0.216614,274.185
20.47,-2.99183,-0.221281,274.23,-2.9927,-0.216614,274.185,0.471322,0.15708,-2.99235,-0.221314,274.275
20.48,-2.99148,-0.22598,274.32,-2.99235,-0.221314,274.275,0.471322,0.15708,-2.992,-0.226014,274.365
20.49,-2.99112,-0.230679,274.41,-2.992,-0.226014,274.365,0.471322,0.15708,-2.99164,-0.230714,274.455
20.5,-2.99075,-0.235377,274.5,-2.99164,-0.230714,274.455,0.471322,0.15708,-2.99128,-0.235413,274.545
20.51,-2.99038,-0.240075,274.59,-2.99128,-0.235413,274.545,0.471322,0.15708,-2.9909,-0.240111,274.635
20.52,-2.99,-0.244772,274.68,-2.9909,-0.240111,274.635,0.471322,0.15708,-2.99052,-0.244809,274.725
20.53,-2.98961,-0.249468,274.77,-2.99052,-0.244809,274.725,0.471322,0.15708,-2.99014,-0.249506,274.815
20.54,-2.98921,-0.254164,274.86,-2.99014,-0.249506,274.815,0.471322,0.15708,-2.98974,-0.254203,274.905
20.55,-2.98881,-0.258859,274.95,-2.98974,-0.254203,274.905,0.471322,0.15708,-2.98934,-0.258899,274.995
20.56,-2.9884,-0.263554,275.04,-2.98934,-0.258899,274.995,0.471322,0.15708,-2.98893,-0.263594,275.085
20.57,-2.98798,-0.268247,275.13,-2.98893,-0.263594,275.085,0.471322,0.15708,-2.98851,-0.268289,275.175
20.58,-2.98756,-0.272941,275.22,-2.98851,-0.268289,275.175,0.471322,0.15708,-2.98808,-0.272983,275.265
20.59,-2.98713,-0.277633,275.31,-2.98808,-0.272983,275.265,0.471322,0.15708,-2.98765,-0.277676,275.355
20.6,-2.98669,-0.282325,275.4,-2.98765,-0.277676,275.355,0.471322,0.15708,-2.98721,-0.282369,275.445
20.61,-2.98624,-0.287016,275.49,-2.98721,-0.282369,275.445,0.471322,0.15708,-2.98676,-0.287061,275.535
20.62,-2.98578,-0.291706,275.58,-2.98676,-0.287061,275.535,0.471322,0.15708,-2.98631,-0.291752,275.625
20.63,-2.98532,-0.296396,275.67,-2.98631,-0.291752,275.625,0.471322,0.15708,-2.98585,-0.296443,275.715
20.64,-2.98485,-0.301085,275.76,-2.98585,-0.296443,275.715,0.471322,0.15708,-2.98538,-0.301132,275.805
20.65,-2.98438,-0.305773,275.85,-2.98538,-0.301132,275.805,0.471322,0.15708,-2.9849,-0.305821,275.895
20.66,-2.98389,-0.310461,275.94,-2.9849,-0.305821,275.895,0.471322,0.15708,-2.98442,-0.31051,275.985
20.67,-2.9834,-0.315148,276.03,-2.98442,-0.31051,275.985,0.471322,0.15708,-2.98393,-0.315197,276.075
20.68,-2.9829,-0.319833,276.12,-2.98393,-0.315197,276.075,0.471322,0.15708,-2.98343,-0.319884,276.165
20.69,-2.9824,-0.324519,276.21,-2.98343,-0.319884,276.165,0.471322,0.15708,-2.98292,-0.32457,276.255
20.7,-2.98188,-0.329203,276.3,-2.98292,-0.32457,276.255,0.471322,0.15708,-2.98241,-0.329255,276.345
20.71,-2.98136,-0.333886,276.39,-2.98241,-0.329255,276.345,0.471322,0.15708,-2.98189,-0.333939,276.435
20.72,-2.98083,-0.338569,276.48,-2.98189,-0.333939,276.435,0.471322,0.15708,-2.98136,-0.338623,276.525
20.73,-2.9803,-0.343251,276.57,-2.98136,-0.338623,276.525,0.471322,0.15708,-2.98082,-0.343306,276.615
20.74,-2.97976,-0.347932,276.66,-2.98082,-0.343306,276.615,0.471322,0.15708,-2.98028,-0.347988,276.705
20.75,-2.97921,-0.352612,276.75,-2.98028,-0.347988,276.705,0.471322,0.15708,-2.97973,-0.352668,276.795
20.76,-2.97865,-0.357291,276.84,-2.97973,-0.352668,276.795,0.471322,0.15708,-2.97917,-0.357349,276.885
20.77,-2.97808,-0.36197,276.93,-2.97917,-0.357349,276.885,0.471322,0.15708,-2.97861,-0.362028,276.975
20.78,-2.97751,-0.366647,277.02,-2.97861,-0.362028,276.975,0.471322,0.15708,-2.97803,-0.366706,277.065
20.79,-2.97693,-0.371324,277.11,-2.97803,-0.366706,277.065,0.471322,0.15708,-2.97745,-0.371384,277.155
20.8,-2.97634,-0.376,277.2,-2.97745,-0.371384,277.155,0.471322,0.15708,-2.97687,-0.37606,277.245
20.81,-2.97575,-0.380674,277.29,-2.97687,-0.37606,277.245,0.471322,0.15708,-2.97627,-0.380736,277.335
20.82,-2.97515,-0.385348,277.38,-2.97627,-0.380736,277.335,0.471322,0.15708,-2.97567,-0.38541,277.425
20.83,-2.97454,-0.390021,277.47,-2.97567,-0.38541,277.425,0.471322,0.15708,-2.97506,-0.390084,277.515
20.84,-2.97392,-0.394693,277.56,-2.97506,-0.390084,277.515,0.471322,0.15708,-2.97445,-0.394757,277.605
20.85,-2.9733,-0.399364,277.65,-2.97445,-0.394757,277.605,0.471322,0.15708,-2.97382,-0.399429,277.695
20.86,-2.97267,-0.404034,277.74,-2.97382,-0.399429,277.695,0.471322,0.15708,-2.97319,-0.404099,277.785
20.87,-2.97203,-0.408703,277.83,-2.97319,-0.404099,277.785,0.471322,0.15708,-2.97255,-0.408769,277.875
20.88,-2.97138,-0.413371,277.92,-2.97255,-0.408769,277.875,0.471322,0.15708,-2.97191,-0.413438,277.965
20.89,-2.97073,-0.418038,278.01,-2.97191,-0.413438,277.965,0.471322,0.15708,-2.97125,-0.418106,278.055
20.9,-2.97007,-0.422704,278.1,-2.97125,-0.418106,278.055,0.471322,0.15708,-2.97059,-0.422772,278.145
20.91,-2.9694,-0.427369,278.19,-2.97059,-0.422772,278.145,0.471322,0.15708,-2.96993,-0.427438,278.235
20.92,-2.96873,-0.432032,278.28,-2.96993,-0.427438,278.235,0.471322,0.15708,-2.96925,-0.432103,278.325
20.93,-2.96805,-0.436695,278.37,-2.96925,-0.432103,278.325,0.471322,0.15708,-2.96857,-0.436766,278.415
20.94,-2.96736,-0.441357,278.46,-2.96857,-0.436766,278.415,0.471322,0.15708,-2.96788,-0.441429,278.505
20.95,-2.96666,-0.446017,278.55,-2.96788,-0.441429,278.505,0.471322,0.15708,-2.96718,-0.44609,278.595
20.96,-2.96596,-0.450677,278.64,-2.96718,-0.44609,278.595,0.471322,0.15708,-2.96648,-0.45075,278.685
20.97,-2.96524,-0.455335,278.73,-2.96648,-0.45075,278.685,0.471322,0.15708,-2.96577,-0.455409,278.775
20.98,-2.96452,-0.459992,278.82,-2.96577,-0.455409,278.775,0.471322,0.15708,-2.96505,-0.460068,278.865
20.99,-2.9638,-0.464648,278.91,-2.96505,-0.460068,278.865,0.471322,0.15708,-2.96432,-0.464724,278.955
21,-2.96307,-0.469303,279,-2.96432,-0.464724,278.955,0.471322,0.15708,-2.96359,-0.46938,279.045
21.01,-2.96232,-0.473957,279.09,-2.96359,-0.46938,279.045,0.471322,0.15708,-2.96285,-0.474035,279.135
21.02,-2.96158,-0.47861,279.18,-2.96285,-0.474035,279.135,0.471322,0.15708,-2.9621,-0.478688,279.225
21.03,-2.96082,-0.483261,279.27,-2.9621,-0.478688,279.225,0.471322,0.15708,-2.96134,-0.483341,279.315
21.04,-2.96006,-0.487911,279.36,-2.96134,-0.483341,279.315,0.471322,0.15708,-2.96058,-0.487992,279.405
21.05,-2.95929,-0.492561,279.45,-2.96058,-0.487992,279.405,0.471322,0.15708,-2.95981,-0.492641,279.495
21.06,-2.95851,-0.497208,279.54,-2.95981,-0.492641,279.495,0.471322,0.15708,-2.95903,-0.49729,279.585
21.07,-2.95773,-0.501855,279.63,-2.95903,-0.49729,279.585,0.471322,0.15708,-2.95825,-0.501938,279.675
21.08,-2.95693,-0.5065,279.72,-2.95825,-0.501938,279.675,0.471322,0.15708,-2.95745,-0.506584,279.765
21.09,-2.95613,-0.511144,279.81,-2.95745,-0.506584,279.765,0.471322,0.15708,-2.95665,-0.511229,279.855
21.1,-2.95533,-0.515787,279.9,-2.95665,-0.511229,279.855,0.471322,0.15708,-2.95585,-0.515872,279.945
21.11,-2.95451,-0.520429,279.99,-2.95585,-0.515872,279.945,0.471322,0.15708,-2.95503,-0.520515,280.035
21.12,-2.95369,-0.525069,280.08,-2.95503,-0.520515,280.035,0.471322,0.15708,-2.95421,-0.525156,280.125
21.13,-2.95286,-0.529708,280.17,-2.95421,-0.525156,280.125,0.471322,0.15708,-2.95338,-0.529796,280.215
21.14,-2.95203,-0.534346,280.26,-2.95338,-0.529796,280.215,0.471322,0.15708,-2.95255,-0.534434,280.305
21.15,-2.95119,-0.538982,280.35,-2.95255,-0.534434,280.305,0.471322,0.15708,-2.95171,-0.539071,280.395
21.16,-2.95034,-0.543617,280.44,-2.95171,-0.539071,280.395,0.471322,0.15708,-2.95085,-0.543707,280.485
21.17,-2.94948,-0.548251,280.53,-2.95085,-0.543707,280.485,0.471322,0.15708,-2.95,-0.548342,280.575
21.18,-2.94861,-0.552883,280.62,-2.95,-0.548342,280.575,0.471322,0.15708,-2.94913,-0.552975,280.665
21.19,-2.94774,-0.557514,280.71,-2.94913,-0.552975,280.665,0.471322,0.15708,-2.94826,-0.557607,280.755
21.2,-2.94686,-0.562144,280.8,-2.94826,-0.557607,280.755,0.471322,0.15708,-2.94738,-0.562237,280.845
21.21,-2.94598,-0.566772,280.89,-2.94738,-0.562237,280.845,0.471322,0.15708,-2.94649,-0.566866,280.935
21.22,-2.94508,-0.571399,280.98,-2.94649,-0.566866,280.935,0.471322,0.15708,-2.9456,-0.571494,281.025
21.23,-2.94418,-0.576024,281.07,-2.9456,-0.571494,281.025,0.471322,0.15708,-2.9447,-0.57612,281.115
21.24,-2.94327,-0.580648,281.16,-2.9447,-0.57612,281.115,0.471322,0.15708,-2.94379,-0.580745,281.205
21.25,-2.94236,-0.585271,281.25,-2.94379,-0.580745,281.205,0.471322,0.15708,-2.94287,-0.585368,281.295
21.26,-2.94143,-0.589892,281.34,-2.94287,-0.585368,281.295,0.471322,0.15708,-2.94195,-0.58999,281.385
21.27,-2.9405,-0.594512,281.43,-2.94195,-0.58999,281.385,0.471322,0.15708,-2.94102,-0.594611,281.475
21.28,-2.93957,-0.59913,281.52,-2.94102,-0.594611,281.475,0.471322,0.15708,-2.94008,-0.59923,281.565
21.29,-2.93862,-0.603747,281.61,-2.94008,-0.59923,281.565,0.471322,0.15708,-2.93914,-0.603847,281.655
21.3,-2.93767,-0.608362,281.7,-2.93914,-0.603847,281.655,0.471322,0.15708,-2.93819,-0.608463,281.745
21.31,-2.93671,-0.612976,281.79,-2.93819,-0.608463,281.745,0.471322,0.15708,-2.93723,-0.613078,281.835
21.32,-2.93574,-0.617588,281.88,-2.93723,-0.613078,281.835,0.471322,0.15708,-2.93626,-0.617691,281.925
21.33,-2.93477,-0.622199,281.97,-2.93626,-0.617691,281.925,0.471322,0.15708,-2.93529,-0.622302,282.015
21.34,-2.93379,-0.626808,282.06,-2.93529,-0.622302,282.015,0.471322,0.15708,-2.9343,-0.626912,282.105
21.35,-2.9328,-0.631415,282.15,-2.9343,-0.626912,282.105,0.471322,0.15708,-2.93332,-0.631521,282.195
21.36,-2.9318,-0.636021,282.24,-2.93332,-0.631521,282.195,0.471322,0.15708,-2.93232,-0.636128,282.285
21.37,-2.9308,-0.640626,282.33,-2.93232,-0.636128,282.285,0.471322,0.15708,-2.93132,-0.640733,282.375
21.38,-2.92979,-0.645229,282.42,-2.93132,-0.640733,282.375,0.471322,0.15708,-2.93031,-0.645337,282.465
21.39,-2.92877,-0.64983,282.51,-2.93031,-0.645337,282.465,0.471322,0.15708,-2.92929,-0.649939,282.555
21.4,-2.92775,-0.65443,282.6,-2.92929,-0.649939,282.555,0.471322,0.15708,-2.92827,-0.654539,282.645
21.41,-2.92672,-0.659028,282.69,-2.92827,-0.654539,282.645,0.471322,0.15708,-2.92723,-0.659138,282.735
21.42,-2.92568,-0.663624,282.78,-2.92723,-0.659138,282.735,0.471322,0.15708,-2.9262,-0.663735,282.825
21.43,-2.92463,-0.668219,282.87,-2.9262,-0.663735,282.825,0.471322,0.15708,-2.92515,-0.668331,282.915
21.44,-2.92358,-0.672812,282.96,-2.92515,-0.668331,282.915,0.471322,0.15708,-2.9241,-0.672925,283.005
21.45,-2.92252,-0.677404,283.05,-2.9241,-0.672925,283.005,0.471322,0.15708,-2.92303,-0.677517,283.095
21.46,-2.92145,-0.681994,283.14,-2.92303,-0.677517,283.095,0.471322,0.15708,-2.92197,-0.682108,283.185
21.47,-2.92038,-0.686582,283.23,-2.92197,-0.682108,283.185,0.471322,0.15708,-2.92089,-0.686697,283.275
21.48,-2.9193,-0.691168,283.32,-2.92089,-0.686697,283.275,0.471322,0.15708,-2.91981,-0.691284,283.365
21.49,-2.91821,-0.695753,283.41,-2.91981,-0.691284,283.365,0.471322,0.15708,-2.91872,-0.69587,283.455
21.5,-2.91711,-0.700336,283.5,-2.91872,-0.69587,283.455,0.471322,0.15708,-2.91762,-0.700454,283.545
21.51,-2.91601,-0.704917,283.59,-2.91762,-0.700454,283.545,0.471322,0.15708,-2.91652,-0.705036,283.635
21.52,-2.9149,-0.709497,283.68,-2.91652,-0.705036,283.635,0.471322,0.15708,-2.91541,-0.709616,283.725
21.53,-2.91378,-0.714075,283.77,-2.91541,-0.709616,283.725,0.471322,0.15708,-2.91429,-0.714195,283.815
21.54,-2.91265,-0.718651,283.86,-2.91429,-0.714195,283.815,0.471322,0.15708,-2.91316,-0.718772,283.905
21.55,-2.91152,-0.723225,283.95,-2.91316,-0.718772,283.905,0.471322,0.15708,-2.91203,-0.723347,283.995
21.56,-2.91038,-0.727798,284.04,-2.91203,-0.723347,283.995,0.471322,0.15708,-2.91089,-0.72792,284.085
21.57,-2.90923,-0.732368,284.13,-2.91089,-0.72792,284.085,0.471322,0.15708,-2.90975,-0.732492,284.175
21.58,-2.90808,-0.736937,284.22,-2.90975,-0.732492,284.175,0.471322,0.15708,-2.90859,-0.737061,284.265
21.59,-2.90692,-0.741504,284.31,-2.90859,-0.737061,284.265,0.471322,0.15708,-2.90743,-0.741629,284.355
21.6,-2.90575,-0.74607,284.4,-2.90743,-0.741629,284.355,0.471322,0.15708,-2.90626,-0.746195,284.445
21.61,-2.90457,-0.750633,284.49,-2.90626,-0.746195,284.445,0.471322,0.15708,-2.90509,-0.750759,284.535
21.62,-2.90339,-0.755195,284.58,-2.90509,-0.750759,284.535,0.471322,0.15708,-2.9039,-0.755322,284.625
21.63,-2.9022,-0.759754,284.67,-2.9039,-0.755322,284.625,0.471322,0.15708,-2.90271,-0.759882,284.715
21.64,-2.901,-0.764312,284.76,-2.90271,-0.759882,284.715,0.471322,0.15708,-2.90152,-0.764441,284.805
21.65,-2.8998,-0.768868,284.85,-2.90152,-0.764441,284.805,0.471322,0.15708,-2.90031,-0.768998,284.895
21.66,-2.89859,-0.773422,284.94,-2.90031,-0.768998,284.895,0.471322,0.15708,-2.8991,-0.773553,284.985
21.67,-2.89737,-0.777974,285.03,-2.8991,-0.773553,284.985,0.471322,0.15708,-2.89788,-0.778105,285.075
21.68,-2.89614,-0.782525,285.12,-2.89788,-0.778105,285.075,0.471322,0.15708,-2.89666,-0.782656,285.165
21.69,-2.89491,-0.787073,285.21,-2.89666,-0.782656,285.165,0.471322,0.15708,-2.89542,-0.787206,285.255
21.7,-2.89367,-0.791619,285.3,-2.89542,-0.787206,285.255,0.471322,0.15708,-2.89418,-0.791753,285.345
21.71,-2.89243,-0.796164,285.39,-2.89418,-0.791753,285.345,0.471322,0.15708,-2.89293,-0.796298,285.435
21.72,-2.89117,-0.800706,285.48,-2.89293,-0.796298,285.435,0.471322,0.15708,-2.89168,-0.800841,285.525
21.73,-2.88991,-0.805246,285.57,-2.89168,-0.800841,285.525,0.471322,0.15708,-2.89042,-0.805382,285.615
21.74,-2.88864,-0.809785,285.66,-2.89042,-0.805382,285.615,0.471322,0.15708,-2.88915,-0.809922,285.705
21.75,-2.88737,-0.814321,285.75,-2.88915,-0.809922,285.705,0.471322,0.15708,-2.88787,-0.814459,285.795
21.76,-2.88608,-0.818856,285.84,-2.88787,-0.814459,285.795,0.471322,0.15708,-2.88659,-0.818994,285.885
21.77,-2.88479,-0.823388,285.93,-2.88659,-0.818994,285.885,0.471322,0.15708,-2.8853,-0.823527,285.975
21.78,-2.8835,-0.827919,286.02,-2.8853,-0.823527,285.975,0.471322,0.15708,-2.884,-0.828059,286.065
21.79,-2.88219,-0.832447,286.11,-2.884,-0.828059,286.065,0.471322,0.15708,-2.8827,-0.832588,286.155
21.8,-2.88088,-0.836973,286.2,-2.8827,-0.832588,286.155,0.471322,0.15708,-2.88139,-0.837115,286.245
21.81,-2.87956,-0.841498,286.29,-2.88139,-0.837115,286.245,0.471322,0.15708,-2.88007,-0.84164,286.335
21.82,-2.87824,-0.84602,286.38,-2.88007,-0.84164,286.335,0.471322,0.15708,-2.87874,-0.846163,286.425
21.83,-2.8769,-0.85054,286.47,-2.87874,-0.846163,286.425,0.471322,0.15708,-2.87741,-0.850684,286.515
21.84,-2.87557,-0.855058,286.56,-2.87741,-0.850684,286.515,0.471322,0.15708,-2.87607,-0.855203,286.605
21.85,-2.87422,-0.859574,286.65,-2.87607,-0.855203,286.605,0.471322,0.15708,-2.87473,-0.859719,286.695
21.86,-2.87286,-0.864087,286.74,-2.87473,-0.859719,286.695,0.471322,0.15708,-2.87337,-0.864234,286.785
21.87,-2.8715,-0.868599,286.83,-2.87337,-0.864234,286.785,0.471322,0.15708,-2.87201,-0.868746,286.875
21.88,-2.87014,-0.873109,286.92,-2.87201,-0.868746,286.875,0.471322,0.15708,-2.87064,-0.873256,286.965
21.89,-2.86876,-0.877616,287.01,-2.87064,-0.873256,286.965,0.471322,0.15708,-2.86927,-0.877765,287.055
21.9,-2.86738,-0.882121,287.1,-2.86927,-0.877765,287.055,0.471322,0.15708,-2.86788,-0.88227,287.145
21.91,-2.86599,-0.886624,287.19,-2.86788,-0.88227,287.145,0.471322,0.15708,-2.86649,-0.886774,287.235
21.92,-2.86459,-0.891125,287.28,-2.86649,-0.886774,287.235,0.471322,0.15708,-2.8651,-0.891276,287.325
21.93,-2.86319,-0.895623,287.37,-2.8651,-0.891276,287.325,0.471322,0.15708,-2.86369,-0.895775,287.415
21.94,-2.86178,-0.90012,287.46,-2.86369,-0.895775,287.415,0.471322,0.15708,-2.86228,-0.900272,287.505
21.95,-2.86036,-0.904614,287.55,-2.86228,-0.900272,287.505,0.471322,0.15708,-2.86087,-0.904767,287.595
21.96,-2.85894,-0.909106,287.64,-2.86087,-0.904767,287.595,0.471322,0.15708,-2.85944,-0.90926,287.685
21.97,-2.85751,-0.913595,287.73,-2.85944,-0.90926,287.685,0.471322,0.15708,-2.85801,-0.913751,287.775
21.98,-2.85607,-0.918083,287.82,-2.85801,-0.913751,287.775,0.471322,0.15708,-2.85657,-0.918239,287.865
21.99,-2.85462,-0.922568,287.91,-2.85657,-0.918239,287.865,0.471322,0.15708,-2.85513,-0.922725,287.955
22,-2.85317,-0.927051,288,-2.85513,-0.922725,287.955,0.471322,0.15708,-2.85367,-0.927208,288.045
22.01,-2.85171,-0.931532,288.09,-2.85367,-0.927208,288.045,0.471322,0.15708,-2.85221,-0.93169,288.135
22.02,-2.85024,-0.93601,288.18,-2.85221,-0.93169,288.135,0.471322,0.15708,-2.85075,-0.936169,288.225
22.03,-2.84877,-0.940486,288.27,-2.85075,-0.936169,288.225,0.471322,0.15708,-2.84927,-0.940646,288.315
22.04,-2.84729,-0.94496,288.36,-2.84927,-0.940646,288.315,0.471322,0.15708,-2.84779,-0.94512,288.405
22.05,-2.8458,-0.949431,288.45,-2.84779,-0.94512,288.405,0.471322,0.15708,-2.8463,-0.949592,288.495
22.06,-2.84431,-0.9539,288.54,-2.8463,-0.949592,288.495,0.471322,0.15708,-2.84481,-0.954062,288.585
22.07,-2.8428,-0.958367,288.63,-2.84481,-0.954062,288.585,0.471322,0.15708,-2.8433,-0.95853,288.675
22.08,-2.84129,-0.962831,288.72,-2.8433,-0.95853,288.675,0.471322,0.15708,-2.8418,-0.962995,288.765
22.09,-2.83978,-0.967293,288.81,-2.8418,-0.962995,288.765,0.471322,0.15708,-2.84028,-0.967457,288.855
22.1,-2.83826,-0.971752,288.9,-2.84028,-0.967457,288.855,0.471322,0.15708,-2.83876,-0.971918,288.945
22.11,-2.83673,-0.976209,288.99,-2.83876,-0.971918,288.945,0.471322,0.15708,-2.83723,-0.976375,289.035
22.12,-2.83519,-0.980664,289.08,-2.83723,-0.976375,289.035,0.471322,0.15708,-2.83569,-0.980831,289.125
22.13,-2.83365,-0.985116,289.17,-2.83569,-0.980831,289.125,0.471322,0.15708,-2.83414,-0.985284,289.215
22.14,-2.83209,-0.989566,289.26,-2.83414,-0.985284,289.215,0.471322,0.15708,-2.83259,-0.989735,289.305
22.15,-2.83054,-0.994014,289.35,-2.83259,-0.989735,289.305,0.471322,0.15708,-2.83104,-0.994183,289.395
22.16,-2.82897,-0.998459,289.44,-2.83104,-0.994183,289.395,0.471322,0.15708,-2.82947,-0.998629,289.485
22.17,-2.8274,-1.0029,289.53,-2.82947,-0.998629,289.485,0.471322,0.15708,-2.8279,-1.00307,289.575
22.18,-2.82582,-1.00734,289.62,-2.8279,-1.00307,289.575,0.471322,0.15708,-2.82632,-1.00751,289.665
22.19,-2.82424,-1.01178,289.71,-2.82632,-1.00751,289.665,0.471322,0.15708,-2.82473,-1.01195,289.755
22.2,-2.82264,-1.01621,289.8,-2.82473,-1.01195,289.755,0.471322,0.15708,-2.82314,-1.01639,289.845
22.21,-2.82104,-1.02065,289.89,-2.82314,-1.01639,289.845,0.471322,0.15708,-2.82154,-1.02082,289.935
22.22,-2.81944,-1.02508,289.98,-2.82154,-1.02082,289.935,0.471322,0.15708,-2.81993,-1.02525,290.025
22.23,-2.81782,-1.0295,290.07,-2.81993,-1.02525,290.025,0.471322,0.15708,-2.81832,-1.02968,290.115
22.24,-2.8162,-1.03393,290.16,-2.81832,-1.02968,290.115,0.471322,0.15708,-2.8167,-1.03411,290.205
22.25,-2.81457,-1.03835,290.25,-2.8167,-1.03411,290.205,0.471322,0.15708,-2.81507,-1.03853,290.295
22.26,-2.81294,-1.04277,290.34,-2.81507,-1.03853,290.295,0.471322,0.15708,-2.81344,-1.04295,290.385
22.27,-2.8113,-1.04719,290.43,-2.81344,-1.04295,290.385,0.471322,0.15708,-2.81179,-1.04737,290.475
22.28,-2.80965,-1.0516,290.52,-2.81179,-1.04737,290.475,0.471322,0.15708,-2.81015,-1.05178,290.565
22.29,-2.80799,-1.05602,290.61,-2.81015,-1.05178,290.565,0.471322,0.15708,-2.80849,-1.0562,290.655
22.3,-2.80633,-1.06042,290.7,-2.80849,-1.0562,290.655,0.471322,0.15708,-2.80683,-1.06061,290.745
22.31,-2.80466,-1.06483,290.79,-2.80683,-1.06061,290.745,0.471322,0.15708,-2.80516,-1.06501,290.835
22.32,-2.80299,-1.06924,290.88,-2.80516,-1.06501,290.835,0.471322,0.15708,-2.80348,-1.06942,290.925
22.33,-2.8013,-1.07364,290.97,-2.80348,-1.06942,290.925,0.471322,0.15708,-2.8018,-1.07382,291.015
22.34,-2.79961,-1.07804,291.06,-2.8018,-1.07382,291.015,0.471322,0.15708,-2.80011,-1.07822,291.105
22.35,-2.79792,-1.08243,291.15,-2.80011,-1.07822,291.105,0.471322,0.15708,-2.79841,-1.08262,291.195
22.36,-2.79621,-1.08683,291.24,-2.79841,-1.08262,291.195,0.471322,0.15708,-2.79671,-1.08701,291.285
22.37,-2.7945,-1.09122,291.33,-2.79671,-1.08701,291.285,0.471322,0.15708,-2.795,-1.0914,291.375
22.38,-2.79279,-1.09561,291.42,-2.795,-1.0914,291.375,0.471322,0.15708,-2.79328,-1.09579,291.465
22.39,-2.79106,-1.09999,291.51,-2.79328,-1.09579,291.465,0.471322,0.15708,-2.79155,-1.10018,291.555
22.4,-2.78933,-1.10437,291.6,-2.79155,-1.10018,291.555,0.471322,0.15708,-2.78982,-1.10456,291.645
22.41,-2.78759,-1.10875,291.69,-2.78982,-1.10456,291.645,0.471322,0.15708,-2.78808,-1.10894,291.735
22.42,-2.78585,-1.11313,291.78,-2.78808,-1.10894,291.735,0.471322,0.15708,-2.78634,-1.11332,291.825
22.43,-2.78409,-1.11751,291.87,-2.78634,-1.11332,291.825,0.471322,0.15708,-2.78459,-1.1177,291.915
22.44,-2.78234,-1.12188,291.96,-2.78459,-1.1177,291.915,0.471322,0.15708,-2.78283,-1.12207,292.005
22.45,-2.78057,-1.12625,292.05,-2.78283,-1.12207,292.005,0.471322,0.15708,-2.78106,-1.12644,292.095
22.46,-2.7788,-1.13061,292.14,-2.78106,-1.12644,292.095,0.471322,0.15708,-2.77929,-1.13081,292.185
22.47,-2.77702,-1.13498,292.23,-2.77929,-1.13081,292.185,0.471322,0.15708,-2.77751,-1.13517,292.275
22.48,-2.77523,-1.13934,292.32,-2.77751,-1.13517,292.275,0.471322,0.15708,-2.77572,-1.13953,292.365
22.49,-2.77344,-1.1437,292.41,-2.77572,-1.13953,292.365,0.471322,0.15708,-2.77393,-1.14389,292.455
22.5,-2.77164,-1.14805,292.5,-2.77393,-1.14389,292.455,0.471322,0.15708,-2.77213,-1.14825,292.545
22.51,-2.76983,-1.1524,292.59,-2.77213,-1.14825,292.545,0.471322,0.15708,-2.77032,-1.1526,292.635
22.52,-2.76802,-1.15675,292.68,-2.77032,-1.1526,292.635,0.471322,0.15708,-2.76851,-1.15695,292.725
22.53,-2.7662,-1.1611,292.77,-2.76851,-1.15695,292.725,0.471322,0.15708,-2.76669,-1.1613,292.815
22.54,-2.76437,-1.16544,292.86,-2.76669,-1.1613,292.815,0.471322,0.15708,-2.76486,-1.16564,292.905
22.55,-2.76254,-1.16978,292.95,-2.76486,-1.16564,292.905,0.471322,0.15708,-2.76302,-1.16998,292.995
22.56,-2.7607,-1.17412,293.04,-2.76302,-1.16998,292.995,0.471322,0.15708,-2.76118,-1.17432,293.085
22.57,-2.75885,-1.17846,293.13,-2.76118,-1.17432,293.085,0.471322,0.15708,-2.75933,-1.17866,293.175
22.58,-2.75699,-1.18279,293.22,-2.75933,-1.17866,293.175,0.471322,0.15708,-2.75748,-1.18299,293.265
22.59,-2.75513,-1.18712,293.31,-2.75748,-1.18299,293.265,0.471322,0.15708,-2.75562,-1.18732,293.355
22.6,-2.75326,-1.19144,293.4,-2.75562,-1.18732,293.355,0.471322,0.15708,-2.75375,-1.19165,293.445
22.61,-2.75139,-1.19577,293.49,-2.75375,-1.19165,293.445,0.471322,0.15708,-2.75187,-1.19597,293.535
22.62,-2.74951,-1.20009,293.58,-2.75187,-1.19597,293.535,0.471322,0.15708,-2.74999,-1.20029,293.625
22.63,-2.74762,-1.2044,293.67,-2.74999,-1.20029,293.625,0.471322,0.15708,-2.7481,-1.20461,293.715
22.64,-2.74572,-1.20872,293.76,-2.7481,-1.20461,293.715,0.471322,0.15708,-2.74621,-1.20893,293.805
22.65,-2.74382,-1.21303,293.85,-2.74621,-1.20893,293.805,0.471322,0.15708,-2.74431,-1.21324,293.895
22.66,-2.74191,-1.21734,293.94,-2.74431,-1.21324,293.895,0.471322,0.15708,-2.7424,-1.21755,293.985
22.67,-2.74,-1.22164,294.03,-2.7424,-1.21755,293.985,0.471322,0.15708,-2.74048,-1.22185,294.075
22.68,-2.73807,-1.22595,294.12,-2.74048,-1.22185,294.075,0.471322,0.15708,-2.73856,-1.22616,294.165
22.69,-2.73615,-1.23025,294.21,-2.73856,-1.22616,294.165,0.471322,0.15708,-2.73663,-1.23046,294.255
22.7,-2.73421,-1.23454,294.3,-2.73663,-1.23046,294.255,0.471322,0.15708,-2.73469,-1.23475,294.345
22.71,-2.73227,-1.23884,294.39,-2.73469,-1.23475,294.345,0.471322,0.15708,-2.73275,-1.23905,294.435
22.72,-2.73032,-1.24313,294.48,-2.73275,-1.23905,294.435,0.471322,0.15708,-2.7308,-1.24334,294.525
22.73,-2.72836,-1.24741,294.57,-2.7308,-1.24334,294.525,0.471322,0.15708,-2.72884,-1.24763,294.615
22.74,-2.7264,-1.2517,294.66,-2.72884,-1.24763,294.615,0.471322,0.15708,-2.72688,-1.25191,294.705
22.75,-2.72443,-1.25598,294.75,-2.72688,-1.25191,294.705,0.471322,0.15708,-2.72491,-1.25619,294.795
22.76,-2.72245,-1.26026,294.84,-2.72491,-1.25619,294.795,0.471322,0.15708,-2.72293,-1.26047,294.885
22.77,-2.72047,-1.26453,294.93,-2.72293,-1.26047,294.885,0.471322,0.15708,-2.72095,-1.26475,294.975
22.78,-2.71848,-1.2688,295.02,-2.72095,-1.26475,294.975,0.471322,0.15708,-2.71896,-1.26902,295.065
22.79,-2.71648,-1.27307,295.11,-2.71896,-1.26902,295.065,0.471322,0.15708,-2.71696,-1.27329,295.155
22.8,-2.71448,-1.27734,295.2,-2.71696,-1.27329,295.155,0.471322,0.15708,-2.71496,-1.27756,295.245
22.81,-2.71247,-1.2816,295.29,-2.71496,-1.27756,295.245,0.471322,0.15708,-2.71295,-1.28182,295.335
22.82,-2.71045,-1.28586,295.38,-2.71295,-1.28182,295.335,0.471322,0.15708,-2.71093,-1.28608,295.425
22.83,-2.70843,-1.29012,295.47,-2.71093,-1.28608,295.425,0.471322,0.15708,-2.70891,-1.29034,295.515
22.84,-2.7064,-1.29437,295.56,-2.70891,-1.29034,295.515,0.471322,0.15708,-2.70688,-1.29459,295.605
22.85,-2.70437,-1.29862,295.65,-2.70688,-1.29459,295.605,0.471322,0.15708,-2.70484,-1.29884,295.695
22.86,-2.70232,-1.30286,295.74,-2.70484,-1.29884,295.695,0.471322,0.15708,-2.7028,-1.30309,295.785
22.87,-2.70027,-1.30711,295.83,-2.7028,-1.30309,295.785,0.471322,0.15708,-2.70075,-1.30733,295.875
22.88,-2.69822,-1.31135,295.92,-2.70075,-1.30733,295.875,0.471322,0.15708,-2.69869,-1.31157,295.965
22.89,-2.69615,-1.31558,296.01,-2.69869,-1.31157,295.965,0.471322,0.15708,-2.69663,-1.31581,296.055
22.9,-2.69408,-1.31982,296.1,-2.69663,-1.31581,296.055,0.471322,0.15708,-2.69456,-1.32004,296.145
22.91,-2.69201,-1.32405,296.19,-2.69456,-1.32004,296.145,0.471322,0.15708,-2.69248,-1.32428,296.235
22.92,-2.68992,-1.32827,296.28,-2.69248,-1.32428,296.235,0.471322,0.15708,-2.6904,-1.3285,296.325
22.93,-2.68783,-1.3325,296.37,-2.6904,-1.3285,296.325,0.471322,0.15708,-2.68831,-1.33273,296.415
22.94,-2.68574,-1.33672,296.46,-2.68831,-1.33273,296.415,0.471322,0.15708,-2.68621,-1.33695,296.505
22.95,-2.68363,-1.34094,296.55,-2.68621,-1.33695,296.505,0.471322,0.15708,-2.68411,-1.34117,296.595
22.96,-2.68152,-1.34515,296.64,-2.68411,-1.34117,296.595,0.471322,0.15708,-2.682,-1.34538,296.685
22.97,-2.67941,-1.34936,296.73,-2.682,-1.34538,296.685,0.471322,0.15708,-2.67988,-1.34959,296.775
22.98,-2.67729,-1.35357,296.82,-2.67988,-1.34959,296.775,0.471322,0.15708,-2.67776,-1.3538,296.865
22.99,-2.67516,-1.35777,296.91,-2.67776,-1.3538,296.865,0.471322,0.15708,-2.67563,-1.358,296.955
23,-2.67302,-1.36197,297,-2.67563,-1.358,296.955,0.471322,0.15708,-2.67349,-1.36221,297.045
23.01,-2.67088,-1.36617,297.09,-2.67349,-1.36221,297.045,0.471322,0.15708,-2.67135,-1.3664,297.135
23.02,-2.66873,-1.37036,297.18,-2.67135,-1.3664,297.135,0.471322,0.15708,-2.6692,-1.3706,297.225
23.03,-2.66657,-1.37455,297.27,-2.6692,-1.3706,297.225,0.471322,0.15708,-2.66704,-1.37479,297.315
23.04,-2.66441,-1.37874,297.36,-2.66704,-1.37479,297.315,0.471322,0.15708,-2.66488,-1.37898,297.405
23.05,-2.66224,-1.38292,297.45,-2.66488,-1.37898,297.405,0.471322,0.15708,-2.66271,-1.38316,297.495
23.06,-2.66006,-1.3871,297.54,-2.66271,-1.38316,297.495,0.471322,0.15708,-2.66053,-1.38734,297.585
23.07,-2.65788,-1.39128,297.63,-2.66053,-1.38734,297.585,0.471322,0.15708,-2.65835,-1.39152,297.675
23.08,-2.65569,-1.39545,297.72,-2.65835,-1.39152,297.675,0.471322,0.15708,-2.65616,-1.39569,297.765
23.09,-2.6535,-1.39962,297.81,-2.65616,-1.39569,297.765,0.471322,0.15708,-2.65397,-1.39986,297.855
23.1,-2.6513,-1.40379,297.9,-2.65397,-1.39986,297.855,0.471322,0.15708,-2.65177,-1.40403,297.945
23.11,-2.64909,-1.40795,297.99,-2.65177,-1.40403,297.945,0.471322,0.15708,-2.64956,-1.40819,298.035
23.12,-2.64687,-1.41211,298.08,-2.64956,-1.40819,298.035,0.471322,0.15708,-2.64734,-1.41235,298.125
23.13,-2.64465,-1.41627,298.17,-2.64734,-1.41235,298.125,0.471322,0.15708,-2.64512,-1.41651,298.215
23.14,-2.64242,-1.42042,298.26,-2.64512,-1.41651,298.215,0.471322,0.15708,-2.64289,-1.42066,298.305
23.15,-2.64019,-1.42457,298.35,-2.64289,-1.42066,298.305,0.471322,0.15708,-2.64066,-1.42481,298.395
23.16,-2.63795,-1.42871,298.44,-2.64066,-1.42481,298.395,0.471322,0.15708,-2.63841,-1.42896,298.485
23.17,-2.6357,-1.43286,298.53,-2.63841,-1.42896,298.485,0.471322,0.15708,-2.63617,-1.4331,298.575
23.18,-2.63345,-1.43699,298.62,-2.63617,-1.4331,298.575,0.471322,0.15708,-2.63391,-1.43724,298.665
23.19,-2.63119,-1.44113,298.71,-2.63391,-1.43724,298.665,0.471322,0.15708,-2.63165,-1.44138,298.755
23.2,-2.62892,-1.44526,298.8,-2.63165,-1.44138,298.755,0.471322,0.15708,-2.62938,-1.44551,298.845
23.21,-2.62665,-1.44939,298.89,-2.62938,-1.44551,298.845,0.471322,0.15708,-2.62711,-1.44964,298.935
23.22,-2.62437,-1.45351,298.98,-2.62711,-1.44964,298.935,0.471322,0.15708,-2.62483,-1.45376,299.025
23.23,-2.62208,-1.45763,299.07,-2.62483,-1.45376,299.025,0.471322,0.15708,-2.62254,-1.45788,299.115
23.24,-2.61979,-1.46175,299.16,-2.62254,-1.45788,299.115,0.471322,0.15708,-2.62025,-1.462,299.205
23.25,-2.61749,-1.46586,299.25,-2.62025,-1.462,299.205,0.471322,0.15708,-2.61795,-1.46612,299.295
23.26,-2.61518,-1.46997,299.34,-2.61795,-1.46612,299.295,0.471322,0.15708,-2.61564,-1.47023,299.385
23.27,-2.61287,-1.47408,299.43,-2.61564,-1.47023,299.385,0.471322,0.15708,-2.61333,-1.47433,299.475
23.28,-2.61055,-1.47818,299.52,-2.61333,-1.47433,299.475,0.471322,0.15708,-2.61101,-1.47844,299.565
23.29,-2.60823,-1.48228,299.61,-2.61101,-1.47844,299.565,0.471322,0.15708,-2.60869,-1.48254,299.655
23.3,-2.60589,-1.48638,299.7,-2.60869,-1.48254,299.655,0.471322,0.15708,-2.60636,-1.48663,299.745
23.31,-2.60356,-1.49047,299.79,-2.60636,-1.48663,299.745,0.471322,0.15708,-2.60402,-1.49072,299.835
23.32,-2.60121,-1.49456,299.88,-2.60402,-1.49072,299.835,0.471322,0.15708,-2.60167,-1.49481,299.925
23.33,-2.59886,-1.49864,299.97,-2.60167,-1.49481,299.925,0.471322,0.15708,-2.59932,-1.4989,300.015
23.34,-2.5965,-1.50272,300.06,-2.59932,-1.4989,300.015,0.471322,0.15708,-2.59696,-1.50298,300.105
23.35,-2.59414,-1.5068,300.15,-2.59696,-1.50298,300.105,0.471322,0.15708,-2.5946,-1.50706,300.195
23.36,-2.59177,-1.51087,300.24,-2.5946,-1.50706,300.195,0.471322,0.15708,-2.59223,-1.51113,300.285
23.37,-2.58939,-1.51494,300.33,-2.59223,-1.51113,300.285,0.471322,0.15708,-2.58985,-1.5152,300.375
23.38,-2.58701,-1.519,300.42,-2.58985,-1.5152,300.375,0.471322,0.15708,-2.58747,-1.51927,300.465
23.39,-2.58462,-1.52307,300.51,-2.58747,-1.51927,300.465,0.471322,0.15708,-2.58508,-1.52333,300.555
23.4,-2.58223,-1.52712,300.6,-2.58508,-1.52333,300.555,0.471322,0.15708,-2.58268,-1.52739,300.645
23.41,-2.57982,-1.53118,300.69,-2.58268,-1.52739,300.645,0.471322,0.15708,-2.58028,-1.53144,300.735
23.42,-2.57742,-1.53523,300.78,-2.58028,-1.53144,300.735,0.471322,0.15708,-2.57787,-1.53549,300.825
23.43,-2.575,-1.53928,300.87,-2.57787,-1.53549,300.825,0.471322,0.15708,-2.57546,-1.53954,300.915
23.44,-2.57258,-1.54332,300.96,-2.57546,-1.53954,300.915,0.471322,0.15708,-2.57303,-1.54358,301.005
23.45,-2.57015,-1.54736,301.05,-2.57303,-1.54358,301.005,0.471322,0.15708,-2.57061,-1.54762,301.095
23.46,-2.56772,-1.55139,301.14,-2.57061,-1.54762,301.095,0.471322,0.15708,-2.56817,-1.55166,301.185
23.47,-2.56528,-1.55542,301.23,-2.56817,-1.55166,301.185,0.471322,0.15708,-2.56573,-1.55569,301.275
23.48,-2.56283,-1.55945,301.32,-2.56573,-1.55569,301.275,0.471322,0.15708,-2.56329,-1.55972,301.365
23.49,-2.56038,-1.56348,301.41,-2.56329,-1.55972,301.365,0.471322,0.15708,-2.56083,-1.56375,301.455
23.5,-2.55792,-1.5675,301.5,-2.56083,-1.56375,301.455,0.471322,0.15708,-2.55837,-1.56777,301.545
23.51,-2.55546,-1.57151,301.59,-2.55837,-1.56777,301.545,0.471322,0.15708,-2.55591,-1.57178,301.635
23.52,-2.55298,-1.57552,301.68,-2.55591,-1.57178,301.635,0.471322,0.15708,-2.55343,-1.5758,301.725
23.53,-2.55051,-1.57953,301.77,-2.55343,-1.5758,301.725,0.471322,0.15708,-2.55096,-1.5798,301.815
23.54,-2.54802,-1.58354,301.86,-2.55096,-1.5798,301.815,0.471322,0.15708,-2.54847,-1.58381,301.905
23.55,-2.54553,-1.58754,301.95,-2.54847,-1.58381,301.905,0.471322,0.15708,-2.54598,-1.58781,301.995
23.56,-2.54303,-1.59153,302.04,-2.54598,-1.58781,301.995,0.471322,0.15708,-2.54348,-1.59181,302.085
23.57,-2.54053,-1.59553,302.13,-2.54348,-1.59181,302.085,0.471322,0.15708,-2.54098,-1.5958,302.175
23.58,-2.53802,-1.59951,302.22,-2.54098,-1.5958,302.175,0.471322,0.15708,-2.53847,-1.59979,302.265
23.59,-2.53551,-1.6035,302.31,-2.53847,-1.59979,302.265,0.471322,0.15708,-2.53595,-1.60378,302.355
23.6,-2.53298,-1.60748,302.4,-2.53595,-1.60378,302.355,0.471322,0.15708,-2.53343,-1.60776,302.445
23.61,-2.53046,-1.61146,302.49,-2.53343,-1.60776,302.445,0.471322,0.15708,-2.5309,-1.61174,302.535
23.62,-2.52792,-1.61543,302.58,-2.5309,-1.61174,302.535,0.471322,0.15708,-2.52837,-1.61571,302.625
23.63,-2.52538,-1.6194,302.67,-2.52837,-1.61571,302.625,0.471322,0.15708,-2.52583,-1.61968,302.715
23.64,-2.52283,-1.62336,302.76,-2.52583,-1.61968,302.715,0.471322,0.15708,-2.52328,-1.62364,302.805
23.65,-2.52028,-1.62732,302.85,-2.52328,-1.62364,302.805,0.471322,0.15708,-2.52073,-1.62761,302.895
23.66,-2.51772,-1.63128,302.94,-2.52073,-1.62761,302.895,0.471322,0.15708,-2.51817,-1.63156,302.985
23.67,-2.51516,-1.63523,303.03,-2.51817,-1.63156,302.985,0.471322,0.15708,-2.5156,-1.63552,303.075
23.68,-2.51258,-1.63918,303.12,-2.5156,-1.63552,303.075,0.471322,0.15708,-2.51303,-1.63947,303.165
23.69,-2.51001,-1.64313,303.21,-2.51303,-1.63947,303.165,0.471322,0.15708,-2.51045,-1.64341,303.255
23.7,-2.50742,-1.64707,303.3,-2.51045,-1.64341,303.255,0.471322,0.15708,-2.50787,-1.64735,303.345
23.71,-2.50483,-1.65101,303.39,-2.50787,-1.64735,303.345,0.471322,0.15708,-2.50527,-1.65129,303.435
23.72,-2.50224,-1.65494,303.48,-2.50527,-1.65129,303.435,0.471322,0.15708,-2.50268,-1.65522,303.525
23.73,-2.49963,-1.65887,303.57,-2.50268,-1.65522,303.525,0.471322,0.15708,-2.50007,-1.65915,303.615
23.74,-2.49702,-1.66279,303.66,-2.50007,-1.65915,303.615,0.471322,0.15708,-2.49747,-1.66308,303.705
23.75,-2.49441,-1.66671,303.75,-2.49747,-1.66308,303.705,0.471322,0.15708,-2.49485,-1.667,303.795
23.76,-2.49179,-1.67063,303.84,-2.49485,-1.667,303.795,0.471322,0.15708,-2.49223,-1.67092,303.885
23.77,-2.48916,-1.67454,303.93,-2.49223,-1.67092,303.885,0.471322,0.15708,-2.4896,-1.67483,303.975
23.78,-2.48653,-1.67845,304.02,-2.4896,-1.67483,303.975,0.471322,0.15708,-2.48697,-1.67874,304.065
23.79,-2.48389,-1.68235,304.11,-2.48697,-1.67874,304.065,0.471322,0.15708,-2.48433,-1.68264,304.155
23.8,-2.48124,-1.68625,304.2,-2.48433,-1.68264,304.155,0.471322,0.15708,-2.48168,-1.68654,304.245
23.81,-2.47859,-1.69015,304.29,-2.48168,-1.68654,304.245,0.471322,0.15708,-2.47903,-1.69044,304.335
23.82,-2.47593,-1.69404,304.38,-2.47903,-1.69044,304.335,0.471322,0.15708,-2.47637,-1.69433,304.425
23.83,-2.47327,-1.69792,304.47,-2.47637,-1.69433,304.425,0.471322,0.15708,-2.47371,-1.69822,304.515
23.84,-2.4706,-1.70181,304.56,-2.47371,-1.69822,304.515,0.471322,0.15708,-2.47103,-1.7021,304.605
23.85,-2.46792,-1.70569,304.65,-2.47103,-1.7021,304.605,0.471322,0.15708,-2.46836,-1.70598,304.695
23.86,-2.46524,-1.70956,304.74,-2.46836,-1.70598,304.695,0.471322,0.15708,-2.46568,-1.70986,304.785
23.87,-2.46255,-1.71343,304.83,-2.46568,-1.70986,304.785,0.471322,0.15708,-2.46299,-1.71373,304.875
23.88,-2.45986,-1.7173,304.92,-2.46299,-1.71373,304.875,0.471322,0.15708,-2.46029,-1.71759,304.965
23.89,-2.45716,-1.72116,305.01,-2.46029,-1.71759,304.965,0.471322,0.15708,-2.45759,-1.72146,305.055
23.9,-2.45445,-1.72502,305.1,-2.45759,-1.72146,305.055,0.471322,0.15708,-2.45488,-1.72531,305.145
23.91,-2.45174,-1.72887,305.19,-2.45488,-1.72531,305.145,0.471322,0.15708,-2.45217,-1.72917,305.235
23.92,-2.44902,-1.73272,305.28,-2.45217,-1.72917,305.235,0.471322,0.15708,-2.44945,-1.73302,305.325
23.93,-2.44629,-1.73656,305.37,-2.44945,-1.73302,305.325,0.471322,0.15708,-2.44673,-1.73686,305.415
23.94,-2.44356,-1.7404,305.46,-2.44673,-1.73686,305.415,0.471322,0.15708,-2.44399,-1.7407,305.505
23.95,-2.44083,-1.74424,305.55,-2.44399,-1.7407,305.505,0.471322,0.15708,-2.44126,-1.74454,305.595
23.96,-2.43808,-1.74807,305.64,-2.44126,-1.74454,305.595,0.471322,0.15708,-2.43851,-1.74837,305.685
23.97,-2.43533,-1.7519,305.73,-2.43851,-1.74837,305.685,0.471322,0.15708,-2.43576,-1.7522,305.775
23.98,-2.43258,-1.75572,305.82,-2.43576,-1.7522,305.775,0.471322,0.15708,-2.43301,-1.75603,305.865
23.99,-2.42982,-1.75954,305.91,-2.43301,-1.75603,305.865,0.471322,0.15708,-2.43025,-1.75985,305.955
24,-2.42705,-1.76336,306,-2.43025,-1.75985,305.955,0.471322,0.15708,-2.42748,-1.76366,306.045
24.01,-2.42428,-1.76717,306.09,-2.42748,-1.76366,306.045,0.471322,0.15708,-2.42471,-1.76747,306.135
24.02,-2.4215,-1.77097,306.18,-2.42471,-1.76747,306.135,0.471322,0.15708,-2.42193,-1.77128,306.225
24.03,-2.41871,-1.77477,306.27,-2.42193,-1.77128,306.225,0.471322,0.15708,-2.41914,-1.77508,306.315
24.04,-2.41592,-1.77857,306.36,-2.41914,-1.77508,306.315,0.471322,0.15708,-2.41635,-1.77888,306.405
24.05,-2.41313,-1.78236,306.45,-2.41635,-1.77888,306.405,0.471322,0.15708,-2.41355,-1.78267,306.495
24.06,-2.41032,-1.78615,306.54,-2.41355,-1.78267,306.495,0.471322,0.15708,-2.41075,-1.78646,306.585
24.07,-2.40752,-1.78994,306.63,-2.41075,-1.78646,306.585,0.471322,0.15708,-2.40794,-1.79025,306.675
24.08,-2.4047,-1.79371,306.72,-2.40794,-1.79025,306.675,0.471322,0.15708,-2.40513,-1.79403,306.765
24.09,-2.40188,-1.79749,306.81,-2.40513,-1.79403,306.765,0.471322,0.15708,-2.40231,-1.7978,306.855
24.1,-2.39905,-1.80126,306.9,-2.40231,-1.7978,306.855,0.471322,0.15708,-2.39948,-1.80157,306.945
24.11,-2.39622,-1.80503,306.99,-2.39948,-1.80157,306.945,0.471322,0.15708,-2.39665,-1.80534,307.035
24.12,-2.39338,-1.80879,307.08,-2.39665,-1.80534,307.035,0.471322,0.15708,-2.39381,-1.8091,307.125
24.13,-2.39054,-1.81255,307.17,-2.39381,-1.8091,307.125,0.471322,0.15708,-2.39096,-1.81286,307.215
24.14,-2.38769,-1.8163,307.26,-2.39096,-1.81286,307.215,0.471322,0.15708,-2.38811,-1.81661,307.305
24.15,-2.38483,-1.82005,307.35,-2.38811,-1.81661,307.305,0.471322,0.15708,-2.38526,-1.82036,307.395
24.16,-2.38197,-1.82379,307.44,-2.38526,-1.82036,307.395,0.471322,0.15708,-2.38239,-1.82411,307.485
24.17,-2.3791,-1.82753,307.53,-2.38239,-1.82411,307.485,0.471322,0.15708,-2.37952,-1.82785,307.575
24.18,-2.37623,-1.83127,307.62,-2.37952,-1.82785,307.575,0.471322,0.15708,-2.37665,-1.83158,307.665
24.19,-2.37335,-1.835,307.71,-2.37665,-1.83158,307.665,0.471322,0.15708,-2.37377,-1.83531,307.755
24.2,-2.37047,-1.83872,307.8,-2.37377,-1.83531,307.755,0.471322,0.15708,-2.37088,-1.83904,307.845
24.21,-2.36757,-1.84244,307.89,-2.37088,-1.83904,307.845,0.471322,0.15708,-2.36799,-1.84276,307.935
24.22,-2.36468,-1.84616,307.98,-2.36799,-1.84276,307.935,0.471322,0.15708,-2.3651,-1.84648,308.025
24.23,-2.36177,-1.84987,308.07,-2.3651,-1.84648,308.025,0.471322,0.15708,-2.36219,-1.85019,308.115
24.24,-2.35887,-1.85358,308.16,-2.36219,-1.85019,308.115,0.471322,0.15708,-2.35928,-1.8539,308.205
24.25,-2.35595,-1.85728,308.25,-2.35928,-1.8539,308.205,0.471322,0.15708,-2.35637,-1.8576,308.295
24.26,-2.35303,-1.86098,308.34,-2.35637,-1.8576,308.295,0.471322,0.15708,-2.35345,-1.8613,308.385
24.27,-2.3501,-1.86467,308.43,-2.35345,-1.8613,308.385,0.471322,0.15708,-2.35052,-1.865,308.475
24.28,-2.34717,-1.86836,308.52,-2.35052,-1.865,308.475,0.471322,0.15708,-2.34759,-1.86869,308.565
24.29,-2.34423,-1.87205,308.61,-2.34759,-1.86869,308.565,0.471322,0.15708,-2.34465,-1.87237,308.655
24.3,-2.34129,-1.87573,308.7,-2.34465,-1.87237,308.655,0.471322,0.15708,-2.34171,-1.87605,308.745
24.31,-2.33834,-1.8794,308.79,-2.34171,-1.87605,308.745,0.471322,0.15708,-2.33876,-1.87973,308.835
24.32,-2.33539,-1.88307,308.88,-2.33876,-1.87973,308.835,0.471322,0.15708,-2.3358,-1.8834,308.925
24.33,-2.33243,-1.88674,308.97,-2.3358,-1.8834,308.925,0.471322,0.15708,-2.33284,-1.88707,309.015
24.34,-2.32946,-1.8904,309.06,-2.33284,-1.88707,309.015,0.471322,0.15708,-2.32987,-1.89073,309.105
24.35,-2.32649,-1.89406,309.15,-2.32987,-1.89073,309.105,0.471322,0.15708,-2.3269,-1.89439,309.195
24.36,-2.32351,-1.89771,309.24,-2.3269,-1.89439,309.195,0.471322,0.15708,-2.32392,-1.89804,309.285
24.37,-2.32053,-1.90136,309.33,-2.32392,-1.89804,309.285,0.471322,0.15708,-2.32094,-1.90169,309.375
24.38,-2.31754,-1.905,309.42,-2.32094,-1.90169,309.375,0.471322,0.15708,-2.31795,-1.90533,309.465
24.39,-2.31454,-1.90864,309.51,-2.31795,-1.90533,309.465,0.471322,0.15708,-2.31495,-1.90897,309.555
24.4,-2.31154,-1.91227,309.6,-2.31495,-1.90897,309.555,0.471322,0.15708,-2.31195,-1.9126,309.645
24.41,-2.30853,-1.9159,309.69,-2.31195,-1.9126,309.645,0.471322,0.15708,-2.30894,-1.91623,309.735
24.42,-2.30552,-1.91952,309.78,-2.30894,-1.91623,309.735,0.471322,0.15708,-2.30593,-1.91986,309.825
24.43,-2.3025,-1.92314,309.87,-2.30593,-1.91986,309.825,0.471322,0.15708,-2.30291,-1.92348,309.915
24.44,-2.29948,-1.92676,309.96,-2.30291,-1.92348,309.915,0.471322,0.15708,-2.29989,-1.92709,310.005
24.45,-2.29645,-1.93037,310.05,-2.29989,-1.92709,310.005,0.471322,0.15708,-2.29686,-1.9307,310.095
24.46,-2.29341,-1.93397,310.14,-2.29686,-1.9307,310.095,0.471322,0.15708,-2.29382,-1.93431,310.185
24.47,-2.29037,-1.93757,310.23,-2.29382,-1.93431,310.185,0.471322,0.15708,-2.29078,-1.93791,310.275
24.48,-2.28733,-1.94117,310.32,-2.29078,-1.93791,310.275,0.471322,0.15708,-2.28773,-1.9415,310.365
24.49,-2.28428,-1.94476,310.41,-2.28773,-1.9415,310.365,0.471322,0.15708,-2.28468,-1.9451,310.455
24.5,-2.28122,-1.94834,310.5,-2.28468,-1.9451,310.455,0.471322,0.15708,-2.28162,-1.94868,310.545
24.51,-2.27815,-1.95193,310.59,-2.28162,-1.94868,310.545,0.471322,0.15708,-2.27856,-1.95226,310.635
24.52,-2.27509,-1.9555,310.68,-2.27856,-1.95226,310.635,0.471322,0.15708,-2.27549,-1.95584,310.725
24.53,-2.27201,-1.95907,310.77,-2.27549,-1.95584,310.725,0.471322,0.15708,-2.27241,-1.95941,310.815
24.54,-2.26893,-1.96264,310.86,-2.27241,-1.95941,310.815,0.471322,0.15708,-2.26933,-1.96298,310.905
24.55,-2.26585,-1.9662,310.95,-2.26933,-1.96298,310.905,0.471322,0.15708,-2.26625,-1.96654,310.995
24.56,-2.26275,-1.96976,311.04,-2.26625,-1.96654,310.995,0.471322,0.15708,-2.26316,-1.9701,311.085
24.57,-2.25966,-1.97331,311.13,-2.26316,-1.9701,311.085,0.471322,0.15708,-2.26006,-1.97365,311.175
24.58,-2.25655,-1.97686,311.22,-2.26006,-1.97365,311.175,0.471322,0.15708,-2.25695,-1.9772,311.265
24.59,-2.25345,-1.9804,311.31,-2.25695,-1.9772,311.265,0.471322,0.15708,-2.25385,-1.98074,311.355
24.6,-2.25033,-1.98394,311.4,-2.25385,-1.98074,311.355,0.471322,0.15708,-2.25073,-1.98428,311.445
24.61,-2.24721,-1.98747,311.49,-2.25073,-1.98428,311.445,0.471322,0.15708,-2.24761,-1.98781,311.535
24.62,-2.24409,-1.991,311.58,-2.24761,-1.98781,311.535,0.471322,0.15708,-2.24449,-1.99134,311.625
24.63,-2.24096,-1.99452,311.67,-2.24449,-1.99134,311.625,0.471322,0.15708,-2.24136,-1.99486,311.715
24.64,-2.23782,-1.99804,311.76,-2.24136,-1.99486,311.715,0.471322,0.15708,-2.23822,-1.99838,311.805
24.65,-2.23468,-2.00155,311.85,-2.23822,-1.99838,311.805,0.471322,0.15708,-2.23508,-2.0019,311.895
24.66,-2.23154,-2.00506,311.94,-2.23508,-2.0019,311.895,0.471322,0.15708,-2.23193,-2.0054,311.985
24.67,-2.22838,-2.00856,312.03,-2.23193,-2.0054,311.985,0.471322,0.15708,-2.22878,-2.00891,312.075
24.68,-2.22523,-2.01206,312.12,-2.22878,-2.00891,312.075,0.471322,0.15708,-2.22562,-2.01241,312.165
24.69,-2.22206,-2.01555,312.21,-2.22562,-2.01241,312.165,0.471322,0.15708,-2.22246,-2.0159,312.255
24.7,-2.21889,-2.01904,312.3,-2.22246,-2.0159,312.255,0.471322,0.15708,-2.21929,-2.01939,312.345
24.71,-2.21572,-2.02252,312.39,-2.21929,-2.01939,312.345,0.471322,0.15708,-2.21611,-2.02287,312.435
24.72,-2.21254,-2.026,312.48,-2.21611,-2.02287,312.435,0.471322,0.15708,-2.21293,-2.02635,312.525
24.73,-2.20935,-2.02947,312.57,-2.21293,-2.02635,312.525,0.471322,0.15708,-2.20975,-2.02982,312.615
24.74,-2.20616,-2.03294,312.66,-2.20975,-2.02982,312.615,0.471322,0.15708,-2.20655,-2.03329,312.705
24.75,-2.20297,-2.0364,312.75,-2.20655,-2.03329,312.705,0.471322,0.15708,-2.20336,-2.03676,312.795
24.76,-2.19977,-2.03986,312.84,-2.20336,-2.03676,312.795,0.471322,0.15708,-2.20016,-2.04021,312.885
24.77,-2.19656,-2.04331,312.93,-2.20016,-2.04021,312.885,0.471322,0.15708,-2.19695,-2.04367,312.975
24.78,-2.19335,-2.04676,313.02,-2.19695,-2.04367,312.975,0.471322,0.15708,-2.19374,-2.04712,313.065
24.79,-2.19013,-2.0502,313.11,-2.19374,-2.04712,313.065,0.471322,0.15708,-2.19052,-2.05056,313.155
24.8,-2.18691,-2.05364,313.2,-2.19052,-2.05056,313.155,0.471322,0.15708,-2.18729,-2.054,313.245
24.81,-2.18368,-2.05707,313.29,-2.18729,-2.054,313.245,0.471322,0.15708,-2.18406,-2.05743,313.335
24.82,-2.18044,-2.0605,313.38,-2.18406,-2.05743,313.335,0.471322,0.15708,-2.18083,-2.06086,313.425
24.83,-2.1772,-2.06392,313.47,-2.18083,-2.06086,313.425,0.471322,0.15708,-2.17759,-2.06428,313.515
24.84,-2.17396,-2.06734,313.56,-2.17759,-2.06428,313.515,0.471322,0.15708,-2.17435,-2.0677,313.605
24.85,-2.17071,-2.07075,313.65,-2.17435,-2.0677,313.605,0.471322,0.15708,-2.17109,-2.07111,313.695
24.86,-2.16745,-2.07416,313.74,-2.17109,-2.07111,313.695,0.471322,0.15708,-2.16784,-2.07452,313.785
24.87,-2.16419,-2.07756,313.83,-2.16784,-2.07452,313.785,0.471322,0.15708,-2.16458,-2.07792,313.875
24.88,-2.16093,-2.08096,313.92,-2.16458,-2.07792,313.875,0.471322,0.15708,-2.16131,-2.08132,313.965
24.89,-2.15766,-2.08435,314.01,-2.16131,-2.08132,313.965,0.471322,0.15708,-2.15804,-2.08471,314.055
24.9,-2.15438,-2.08774,314.1,-2.15804,-2.08471,314.055,0.471322,0.15708,-2.15476,-2.0881,314.145
24.91,-2.1511,-2.09112,314.19,-2.15476,-2.0881,314.145,0.471322,0.15708,-2.15148,-2.09148,314.235
24.92,-2.14781,-2.0945,314.28,-2.15148,-2.09148,314.235,0.471322,0.15708,-2.14819,-2.09486,314.325
24.93,-2.14452,-2.09787,314.37,-2.14819,-2.09486,314.325,0.471322,0.15708,-2.1449,-2.09823,314.415
24.94,-2.14122,-2.10123,314.46,-2.1449,-2.09823,314.415,0.471322,0.15708,-2.1416,-2.1016,314.505
24.95,-2.13792,-2.10459,314.55,-2.1416,-2.1016,314.505,0.471322,0.15708,-2.1383,-2.10496,314.595
24.96,-2.13461,-2.10795,314.64,-2.1383,-2.10496,314.595,0.471322,0.15708,-2.13499,-2.10832,314.685
24.97,-2.13129,-2.1113,314.73,-2.13499,-2.10832,314.685,0.471322,0.15708,-2.13167,-2.11167,314.775
24.98,-2.12797,-2.11465,314.82,-2.13167,-2.11167,314.775,0.471322,0.15708,-2.12835,-2.11501,314.865
24.99,-2.12465,-2.11799,314.91,-2.12835,-2.11501,314.865,0.471322,0.15708,-2.12503,-2.11835,314.955
25,-2.12132,-2.12132,315,-2.12503,-2.11835,314.955,0.471322,0.15708,-2.1217,-2.12169,315.045
25.01,-2.11799,-2.12465,315.09,-2.1217,-2.12169,315.045,0.471322,0.15708,-2.11836,-2.12502,315.135
25.02,-2.11465,-2.12797,315.18,-2.11836,-2.12502,315.135,0.471322,0.15708,-2.11502,-2.12834,315.225
25.03,-2.1113,-2.13129,315.27,-2.11502,-2.12834,315.225,0.471322,0.15708,-2.11168,-2.13166,315.315
25.04,-2.10795,-2.13461,315.36,-2.11168,-2.13166,315.315,0.471322,0.15708,-2.10832,-2.13498,315.405
25.05,-2.10459,-2.13792,315.45,-2.10832,-2.13498,315.405,0.471322,0.15708,-2.10497,-2.13829,315.495
25.06,-2.10123,-2.14122,315.54,-2.10497,-2.13829,315.495,0.471322,0.15708,-2.10161,-2.14159,315.585
25.07,-2.09787,-2.14452,315.63,-2.10161,-2.14159,315.585,0.471322,0.15708,-2.09824,-2.14489,315.675
25.08,-2.0945,-2.14781,315.72,-2.09824,-2.14489,315.675,0.471322,0.15708,-2.09487,-2.14818,315.765
25.09,-2.09112,-2.1511,315.81,-2.09487,-2.14818,315.765,0.471322,0.15708,-2.09149,-2.15147,315.855
25.1,-2.08774,-2.15438,315.9,-2.09149,-2.15147,315.855,0.471322,0.15708,-2.08811,-2.15475,315.945
25.11,-2.08435,-2.15766,315.99,-2.08811,-2.15475,315.945,0.471322,0.15708,-2.08472,-2.15803,316.035
25.12,-2.08096,-2.16093,316.08,-2.08472,-2.15803,316.035,0.471322,0.15708,-2.08133,-2.1613,316.125
25.13,-2.07756,-2.16419,316.17,-2.08133,-2.1613,316.125,0.471322,0.15708,-2.07793,-2.16457,316.215
25.14,-2.07416,-2.16745,316.26,-2.07793,-2.16457,316.215,0.471322,0.15708,-2.07453,-2.16783,316.305
25.15,-2.07075,-2.17071,316.35,-2.07453,-2.16783,316.305,0.471322,0.15708,-2.07112,-2.17109,316.395
25.16,-2.06734,-2.17396,316.44,-2.07112,-2.17109,316.395,0.471322,0.15708,-2.06771,-2.17434,316.485
25.17,-2.06392,-2.1772,316.53,-2.06771,-2.17434,316.485,0.471322,0.15708,-2.06429,-2.17758,316.575
25.18,-2.0605,-2.18044,316.62,-2.06429,-2.17758,316.575,0.471322,0.15708,-2.06087,-2.18082,316.665
25.19,-2.05707,-2.18368,316.71,-2.06087,-2.18082,316.665,0.471322,0.15708,-2.05744,-2.18406,316.755
25.2,-2.05364,-2.18691,316.8,-2.05744,-2.18406,316.755,0.471322,0.15708,-2.05401,-2.18729,316.845
25.21,-2.0502,-2.19013,316.89,-2.05401,-2.18729,316.845,0.471322,0.15708,-2.05057,-2.19051,316.935
25.22,-2.04676,-2.19335,316.98,-2.05057,-2.19051,316.935,0.471322,0.15708,-2.04712,-2.19373,317.025
25.23,-2.04331,-2.19656,317.07,-2.04712,-2.19373,317.025,0.471322,0.15708,-2.04368,-2.19694,317.115
25.24,-2.03986,-2.19977,317.16,-2.04368,-2.19694,317.115,0.471322,0.15708,-2.04022,-2.20015,317.205
25.25,-2.0364,-2.20297,317.25,-2.04022,-2.20015,317.205,0.471322,0.15708,-2.03676,-2.20335,317.295
25.26,-2.03294,-2.20616,317.34,-2.03676,-2.20335,317.295,0.471322,0.15708,-2.0333,-2.20655,317.385
25.27,-2.02947,-2.20935,317.43,-2.0333,-2.20655,317.385,0.471322,0.15708,-2.02983,-2.20974,317.475
25.28,-2.026,-2.21254,317.52,-2.02983,-2.20974,317.475,0.471322,0.15708,-2.02636,-2.21292,317.565
25.29,-2.02252,-2.21572,317.61,-2.02636,-2.21292,317.565,0.471322,0.15708,-2.02288,-2.2161,317.655
25.3,-2.01904,-2.21889,317.7,-2.02288,-2.2161,317.655,0.471322,0.15708,-2.0194,-2.21928,317.745
25.31,-2.01555,-2.22206,317.79,-2.0194,-2.21928,317.745,0.471322,0.15708,-2.01591,-2.22245,317.835
25.32,-2.01206,-2.22523,317.88,-2.01591,-2.22245,317.835,0.471322,0.15708,-2.01241,-2.22561,317.925
25.33,-2.00856,-2.22838,317.97,-2.01241,-2.22561,317.925,0.471322,0.15708,-2.00892,-2.22877,318.015
25.34,-2.00506,-2.23154,318.06,-2.00892,-2.22877,318.015,0.471322,0.15708,-2.00541,-2.23192,318.105
25.35,-2.00155,-2.23468,318.15,-2.00541,-2.23192,318.105,0.471322,0.15708,-2.0019,-2.23507,318.195
25.36,-1.99804,-2.23782,318.24,-2.0019,-2.23507,318.195,0.471322,0.15708,-1.99839,-2.23821,318.285
25.37,-1.99452,-2.24096,318.33,-1.99839,-2.23821,318.285,0.471322,0.15708,-1.99487,-2.24135,318.375
25.38,-1.991,-2.24409,318.42,-1.99487,-2.24135,318.375,0.471322,0.15708,-1.99135,-2.24448,318.465
25.39,-1.98747,-2.24721,318.51,-1.99135,-2.24448,318.465,0.471322,0.15708,-1.98782,-2.24761,318.555
25.4,-1.98394,-2.25033,318.6,-1.98782,-2.24761,318.555,0.471322,0.15708,-1.98429,-2.25072,318.645
25.41,-1.9804,-2.25345,318.69,-1.98429,-2.25072,318.645,0.471322,0.15708,-1.98075,-2.25384,318.735
25.42,-1.97686,-2.25655,318.78,-1.98075,-2.25384,318.735,0.471322,0.15708,-1.97721,-2.25695,318.825
25.43,-1.97331,-2.25966,318.87,-1.97721,-2.25695,318.825,0.471322,0.15708,-1.97366,-2.26005,318.915
25.44,-1.96976,-2.26275,318.96,-1.97366,-2.26005,318.915,0.471322,0.15708,-1.97011,-2.26315,319.005
25.45,-1.9662,-2.26585,319.05,-1.97011,-2.26315,319.005,0.471322,0.15708,-1.96655,-2.26624,319.095
25.46,-1.96264,-2.26893,319.14,-1.96655,-2.26624,319.095,0.471322,0.15708,-1.96299,-2.26933,319.185
25.47,-1.95907,-2.27201,319.23,-1.96299,-2.26933,319.185,0.471322,0.15708,-1.95942,-2.27241,319.275
25.48,-1.9555,-2.27509,319.32,-1.95942,-2.27241,319.275,0.471322,0.15708,-1.95585,-2.27548,319.365
25.49,-1.95193,-2.27815,319.41,-1.95585,-2.27548,319.365,0.471322,0.15708,-1.95227,-2.27855,319.455
25.5,-1.94834,-2.28122,319.5,-1.95227,-2.27855,319.455,0.471322,0.15708,-1.94869,-2.28161,319.545
25.51,-1.94476,-2.28428,319.59,-1.94869,-2.28161,319.545,0.471322,0.15708,-1.9451,-2.28467,319.635
25.52,-1.94117,-2.28733,319.68,-1.9451,-2.28467,319.635,0.471322,0.15708,-1.94151,-2.28773,319.725
25.53,-1.93757,-2.29037,319.77,-1.94151,-2.28773,319.725,0.471322,0.15708,-1.93792,-2.29077,319.815
25.54,-1.93397,-2.29341,319.86,-1.93792,-2.29077,319.815,0.471322,0.15708,-1.93432,-2.29381,319.905
25.55,-1.93037,-2.29645,319.95,-1.93432,-2.29381,319.905,0.471322,0.15708,-1.93071,-2.29685,319.995
25.56,-1.92676,-2.29948,320.04,-1.93071,-2.29685,319.995,0.471322,0.15708,-1.9271,-2.29988,320.085
25.57,-1.92314,-2.3025,320.13,-1.9271,-2.29988,320.085,0.471322,0.15708,-1.92349,-2.3029,320.175
25.58,-1.91952,-2.30552,320.22,-1.92349,-2.3029,320.175,0.471322,0.15708,-1.91987,-2.30592,320.265
25.59,-1.9159,-2.30853,320.31,-1.91987,-2.30592,320.265,0.471322,0.15708,-1.91624,-2.30893,320.355
25.6,-1.91227,-2.31154,320.4,-1.91624,-2.30893,320.355,0.471322,0.15708,-1.91261,-2.31194,320.445
25.61,-1.90864,-2.31454,320.49,-1.91261,-2.31194,320.445,0.471322,0.15708,-1.90898,-2.31494,320.535
25.62,-1.905,-2.31754,320.58,-1.90898,-2.31494,320.535,0.471322,0.15708,-1.90534,-2.31794,320.625
25.63,-1.90136,-2.32053,320.67,-1.90534,-2.31794,320.625,0.471322,0.15708,-1.9017,-2.32093,320.715
25.64,-1.89771,-2.32351,320.76,-1.9017,-2.32093,320.715,0.471322,0.15708,-1.89805,-2.32391,320.805
25.65,-1.89406,-2.32649,320.85,-1.89805,-2.32391,320.805,0.471322,0.15708,-1.8944,-2.32689,320.895
25.66,-1.8904,-2.32946,320.94,-1.8944,-2.32689,320.895,0.471322,0.15708,-1.89074,-2.32987,320.985
25.67,-1.88674,-2.33243,321.03,-1.89074,-2.32987,320.985,0.471322,0.15708,-1.88708,-2.33283,321.075
25.68,-1.88307,-2.33539,321.12,-1.88708,-2.33283,321.075,0.471322,0.15708,-1.88341,-2.33579,321.165
25.69,-1.8794,-2.33834,321.21,-1.88341,-2.33579,321.165,0.471322,0.15708,-1.87974,-2.33875,321.255
25.7,-1.87573,-2.34129,321.3,-1.87974,-2.33875,321.255,0.471322,0.15708,-1.87606,-2.3417,321.345
25.71,-1.87205,-2.34423,321.39,-1.87606,-2.3417,321.345,0.471322,0.15708,-1.87238,-2.34464,321.435
25.72,-1.86836,-2.34717,321.48,-1.87238,-2.34464,321.435,0.471322,0.15708,-1.8687,-2.34758,321.525
25.73,-1.86467,-2.3501,321.57,-1.8687,-2.34758,321.525,0.471322,0.15708,-1.86501,-2.35051,321.615
25.74,-1.86098,-2.35303,321.66,-1.86501,-2.35051,321.615,0.471322,0.15708,-1.86131,-2.35344,321.705
25.75,-1.85728,-2.35595,321.75,-1.86131,-2.35344,321.705,0.471322,0.15708,-1.85761,-2.35636,321.795
25.76,-1.85358,-2.35887,321.84,-1.85761,-2.35636,321.795,0.471322,0.15708,-1.85391,-2.35928,321.885
25.77,-1.84987,-2.36177,321.93,-1.85391,-2.35928,321.885,0.471322,0.15708,-1.8502,-2.36219,321.975
25.78,-1.84616,-2.36468,322.02,-1.8502,-2.36219,321.975,0.471322,0.15708,-1.84649,-2.36509,322.065
25.79,-1.84244,-2.36757,322.11,-1.84649,-2.36509,322.065,0.471322,0.15708,-1.84277,-2.36799,322.155
25.8,-1.83872,-2.37047,322.2,-1.84277,-2.36799,322.155,0.471322,0.15708,-1.83905,-2.37088,322.245
25.81,-1.835,-2.37335,322.29,-1.83905,-2.37088,322.245,0.471322,0.15708,-1.83532,-2.37376,322.335
25.82,-1.83127,-2.37623,322.38,-1.83532,-2.37376,322.335,0.471322,0.15708,-1.83159,-2.37664,322.425
25.83,-1.82753,-2.3791,322.47,-1.83159,-2.37664,322.425,0.471322,0.15708,-1.82786,-2.37952,322.515
25.84,-1.82379,-2.38197,322.56,-1.82786,-2.37952,322.515,0.471322,0.15708,-1.82412,-2.38239,322.605
25.85,-1.82005,-2.38483,322.65,-1.82412,-2.38239,322.605,0.471322,0.15708,-1.82037,-2.38525,322.695
25.86,-1.8163,-2.38769,322.74,-1.82037,-2.38525,322.695,0.471322,0.15708,-1.81662,-2.3881,322.785
25.87,-1.81255,-2.39054,322.83,-1.81662,-2.3881,322.785,0.471322,0.15708,-1.81287,-2.39096,322.875
25.88,-1.80879,-2.39338,322.92,-1.81287,-2.39096,322.875,0.471322,0.15708,-1.80911,-2.3938,322.965
25.89,-1.80503,-2.39622,323.01,-1.80911,-2.3938,322.965,0.471322,0.15708,-1.80535,-2.39664,323.055
25.9,-1.80126,-2.39905,323.1,-1.80535,-2.39664,323.055,0.471322,0.15708,-1.80158,-2.39947,323.145
25.91,-1.79749,-2.40188,323.19,-1.80158,-2.39947,323.145,0.471322,0.15708,-1.79781,-2.4023,323.235
25.92,-1.79371,-2.4047,323.28,-1.79781,-2.4023,323.235,0.471322,0.15708,-1.79403,-2.40512,323.325
25.93,-1.78994,-2.40752,323.37,-1.79403,-2.40512,323.325,0.471322,0.15708,-1.79025,-2.40794,323.415
25.94,-1.78615,-2.41032,323.46,-1.79025,-2.40794,323.415,0.471322,0.15708,-1.78647,-2.41074,323.505
25.95,-1.78236,-2.41313,323.55,-1.78647,-2.41074,323.505,0.471322,0.15708,-1.78268,-2.41355,323.595
25.96,-1.77857,-2.41592,323.64,-1.78268,-2.41355,323.595,0.471322,0.15708,-1.77889,-2.41634,323.685
25.97,-1.77477,-2.41871,323.73,-1.77889,-2.41634,323.685,0.471322,0.15708,-1.77509,-2.41914,323.775
25.98,-1.77097,-2.4215,323.82,-1.77509,-2.41914,323.775,0.471322,0.15708,-1.77129,-2.42192,323.865
25.99,-1.76717,-2.42428,323.91,-1.77129,-2.42192,323.865,0.471322,0.15708,-1.76748,-2.4247,323.955
26,-1.76336,-2.42705,324,-1.76748,-2.4247,323.955,0.471322,0.15708,-1.76367,-2.42747,324.045
26.01,-1.75954,-2.42982,324.09,-1.76367,-2.42747,324.045,0.471322,0.15708,-1.75985,-2.43024,324.135
26.02,-1.75572,-2.43258,324.18,-1.75985,-2.43024,324.135,0.471322,0.15708,-1.75604,-2.433,324.225
26.03,-1.7519,-2.43533,324.27,-1.75604,-2.433,324.225,0.471322,0.15708,-1.75221,-2.43576,324.315
26.04,-1.74807,-2.43808,324.36,-1.75221,-2.43576,324.315,0.471322,0.15708,-1.74838,-2.43851,324.405
26.05,-1.74424,-2.44083,324.45,-1.74838,-2.43851,324.405,0.471322,0.15708,-1.74455,-2.44125,324.495
26.06,-1.7404,-2.44356,324.54,-1.74455,-2.44125,324.495,0.471322,0.15708,-1.74071,-2.44399,324.585
26.07,-1.73656,-2.44629,324.63,-1.74071,-2.44399,324.585,0.471322,0.15708,-1.73687,-2.44672,324.675
26.08,-1.73272,-2.44902,324.72,-1.73687,-2.44672,324.675,0.471322,0.15708,-1.73303,-2.44944,324.765
26.09,-1.72887,-2.45174,324.81,-1.73303,-2.44944,324.765,0.471322,0.15708,-1.72918,-2.45216,324.855
26.1,-1.72502,-2.45445,324.9,-1.72918,-2.45216,324.855,0.471322,0.15708,-1.72532,-2.45488,324.945
26.11,-1.72116,-2.45716,324.99,-1.72532,-2.45488,324.945,0.471322,0.15708,-1.72147,-2.45758,325.035
26.12,-1.7173,-2.45986,325.08,-1.72147,-2.45758,325.035,0.471322,0.15708,-1.7176,-2.46029,325.125
26.13,-1.71343,-2.46255,325.17,-1.7176,-2.46029,325.125,0.471322,0.15708,-1.71374,-2.46298,325.215
26.14,-1.70956,-2.46524,325.26,-1.71374,-2.46298,325.215,0.471322,0.15708,-1.70986,-2.46567,325.305
26.15,-1.70569,-2.46792,325.35,-1.70986,-2.46567,325.305,0.471322,0.15708,-1.70599,-2.46835,325.395
26.16,-1.70181,-2.4706,325.44,-1.70599,-2.46835,325.395,0.471322,0.15708,-1.70211,-2.47103,325.485
26.17,-1.69792,-2.47327,325.53,-1.70211,-2.47103,325.485,0.471322,0.15708,-1.69823,-2.4737,325.575
26.18,-1.69404,-2.47593,325.62,-1.69823,-2.4737,325.575,0.471322,0.15708,-1.69434,-2.47636,325.665
26.19,-1.69015,-2.47859,325.71,-1.69434,-2.47636,325.665,0.471322,0.15708,-1.69045,-2.47902,325.755
26.2,-1.68625,-2.48124,325.8,-1.69045,-2.47902,325.755,0.471322,0.15708,-1.68655,-2.48167,325.845
26.21,-1.68235,-2.48389,325.89,-1.68655,-2.48167,325.845,0.471322,0.15708,-1.68265,-2.48432,325.935
26.22,-1.67845,-2.48653,325.98,-1.68265,-2.48432,325.935,0.471322,0.15708,-1.67875,-2.48696,326.025
26.23,-1.67454,-2.48916,326.07,-1.67875,-2.48696,326.025,0.471322,0.15708,-1.67484,-2.48959,326.115
26.24,-1.67063,-2.49179,326.16,-1.67484,-2.48959,326.115,0.471322,0.15708,-1.67092,-2.49222,326.205
26.25,-1.66671,-2.49441,326.25,-1.67092,-2.49222,326.205,0.471322,0.15708,-1.66701,-2.49484,326.295
26.26,-1.66279,-2.49702,326.34,-1.66701,-2.49484,326.295,0.471322,0.15708,-1.66309,-2.49746,326.385
26.27,-1.65887,-2.49963,326.43,-1.66309,-2.49746,326.385,0.471322,0.15708,-1.65916,-2.50007,326.475
26.28,-1.65494,-2.50224,326.52,-1.65916,-2.50007,326.475,0.471322,0.15708,-1.65523,-2.50267,326.565
26.29,-1.65101,-2.50483,326.61,-1.65523,-2.50267,326.565,0.471322,0.15708,-1.6513,-2.50527,326.655
26.3,-1.64707,-2.50742,326.7,-1.6513,-2.50527,326.655,0.471322,0.15708,-1.64736,-2.50786,326.745
26.31,-1.64313,-2.51001,326.79,-1.64736,-2.50786,326.745,0.471322,0.15708,-1.64342,-2.51044,326.835
26.32,-1.63918,-2.51258,326.88,-1.64342,-2.51044,326.835,0.471322,0.15708,-1.63948,-2.51302,326.925
26.33,-1.63523,-2.51516,326.97,-1.63948,-2.51302,326.925,0.471322,0.15708,-1.63553,-2.51559,327.015
26.34,-1.63128,-2.51772,327.06,-1.63553,-2.51559,327.015,0.471322,0.15708,-1.63157,-2.51816,327.105
26.35,-1.62732,-2.52028,327.15,-1.63157,-2.51816,327.105,0.471322,0.15708,-1.62762,-2.52072,327.195
26.36,-1.62336,-2.52283,327.24,-1.62762,-2.52072,327.195,0.471322,0.15708,-1.62365,-2.52327,327.285
26.37,-1.6194,-2.52538,327.33,-1.62365,-2.52327,327.285,0.471322,0.15708,-1.61969,-2.52582,327.375
26.38,-1.61543,-2.52792,327.42,-1.61969,-2.52582,327.375,0.471322,0.15708,-1.61572,-2.52836,327.465
26.39,-1.61146,-2.53046,327.51,-1.61572,-2.52836,327.465,0.471322,0.15708,-1.61175,-2.5309,327.555
26.4,-1.60748,-2.53298,327.6,-1.61175,-2.5309,327.555,0.471322,0.15708,-1.60777,-2.53343,327.645
26.41,-1.6035,-2.53551,327.69,-1.60777,-2.53343,327.645,0.471322,0.15708,-1.60379,-2.53595,327.735
26.42,-1.59951,-2.53802,327.78,-1.60379,-2.53595,327.735,0.471322,0.15708,-1.5998,-2.53846,327.825
26.43,-1.59553,-2.54053,327.87,-1.5998,-2.53846,327.825,0.471322,0.15708,-1.59581,-2.54097,327.915
26.44,-1.59153,-2.54303,327.96,-1.59581,-2.54097,327.915,0.471322,0.15708,-1.59182,-2.54348,328.005
26.45,-1.58754,-2.54553,328.05,-1.59182,-2.54348,328.005,0.471322,0.15708,-1.58782,-2.54597,328.095
26.46,-1.58354,-2.54802,328.14,-1.58782,-2.54597,328.095,0.471322,0.15708,-1.58382,-2.54847,328.185
26.47,-1.57953,-2.55051,328.23,-1.58382,-2.54847,328.185,0.471322,0.15708,-1.57981,-2.55095,328.275
26.48,-1.57552,-2.55298,328.32,-1.57981,-2.55095,328.275,0.471322,0.15708,-1.57581,-2.55343,328.365
26.49,-1.57151,-2.55546,328.41,-1.57581,-2.55343,328.365,0.471322,0.15708,-1.57179,-2.5559,328.455
26.5,-1.5675,-2.55792,328.5,-1.57179,-2.5559,328.455,0.471322,0.15708,-1.56778,-2.55837,328.545
26.51,-1.56348,-2.56038,328.59,-1.56778,-2.55837,328.545,0.471322,0.15708,-1.56376,-2.56083,328.635
26.52,-1.55945,-2.56283,328.68,-1.56376,-2.56083,328.635,0.471322,0.15708,-1.55973,-2.56328,328.725
26.53,-1.55542,-2.56528,328.77,-1.55973,-2.56328,328.725,0.471322,0.15708,-1.5557,-2.56573,328.815
26.54,-1.55139,-2.56772,328.86,-1.5557,-2.56573,328.815,0.471322,0.15708,-1.55167,-2.56817,328.905
26.55,-1.54736,-2.57015,328.95,-1.55167,-2.56817,328.905,0.471322,0.15708,-1.54763,-2.5706,328.995
26.56,-1.54332,-2.57258,329.04,-1.54763,-2.5706,328.995,0.471322,0.15708,-1.54359,-2.57303,329.085
26.57,-1.53928,-2.575,329.13,-1.54359,-2.57303,329.085,0.471322,0.15708,-1.53955,-2.57545,329.175
26.58,-1.53523,-2.57742,329.22,-1.53955,-2.57545,329.175,0.471322,0.15708,-1.5355,-2.57787,329.265
26.59,-1.53118,-2.57982,329.31,-1.5355,-2.57787,329.265,0.471322,0.15708,-1.53145,-2.58027,329.355
26.6,-1.52712,-2.58223,329.4,-1.53145,-2.58027,329.355,0.471322,0.15708,-1.5274,-2.58268,329.445
26.61,-1.52307,-2.58462,329.49,-1.5274,-2.58268,329.445,0.471322,0.15708,-1.52334,-2.58507,329.535
26.62,-1.519,-2.58701,329.58,-1.52334,-2.58507,329.535,0.471322,0.15708,-1.51928,-2.58746,329.625
26.63,-1.51494,-2.58939,329.67,-1.51928,-2.58746,329.625,0.471322,0.15708,-1.51521,-2.58985,329.715
26.64,-1.51087,-2.59177,329.76,-1.51521,-2.58985,329.715,0.471322,0.15708,-1.51114,-2.59222,329.805
26.65,-1.5068,-2.59414,329.85,-1.51114,-2.59222,329.805,0.471322,0.15708,-1.50707,-2.59459,329.895
26.66,-1.50272,-2.5965,329.94,-1.50707,-2.59459,329.895,0.471322,0.15708,-1.50299,-2.59696,329.985
26.67,-1.49864,-2.59886,330.03,-1.50299,-2.59696,329.985,0.471322,0.15708,-1.49891,-2.59931,330.075
26.68,-1.49456,-2.60121,330.12,-1.49891,-2.59931,330.075,0.471322,0.15708,-1.49482,-2.60167,330.165
26.69,-1.49047,-2.60356,330.21,-1.49482,-2.60167,330.165,0.471322,0.15708,-1.49073,-2.60401,330.255
26.7,-1.48638,-2.60589,330.3,-1.49073,-2.60401,330.255,0.471322,0.15708,-1.48664,-2.60635,330.345
26.71,-1.48228,-2.60823,330.39,-1.48664,-2.60635,330.345,0.471322,0.15708,-1.48255,-2.60868,330.435
26.72,-1.47818,-2.61055,330.48,-1.48255,-2.60868,330.435,0.471322,0.15708,-1.47845,-2.61101,330.525
26.73,-1.47408,-2.61287,330.57,-1.47845,-2.61101,330.525,0.471322,0.15708,-1.47434,-2.61333,330.615
26.74,-1.46997,-2.61518,330.66,-1.47434,-2.61333,330.615,0.471322,0.15708,-1.47024,-2.61564,330.705
26.75,-1.46586,-2.61749,330.75,-1.47024,-2.61564,330.705,0.471322,0.15708,-1.46613,-2.61795,330.795
26.76,-1.46175,-2.61979,330.84,-1.46613,-2.61795,330.795,0.471322,0.15708,-1.46201,-2.62024,330.885
26.77,-1.45763,-2.62208,330.93,-1.46201,-2.62024,330.885,0.471322,0.15708,-1.45789,-2.62254,330.975
26.78,-1.45351,-2.62437,331.02,-1.45789,-2.62254,330.975,0.471322,0.15708,-1.45377,-2.62482,331.065
26.79,-1.44939,-2.62665,331.11,-1.45377,-2.62482,331.065,0.471322,0.15708,-1.44965,-2.62711,331.155
26.8,-1.44526,-2.62892,331.2,-1.44965,-2.62711,331.155,0.471322,0.15708,-1.44552,-2.62938,331.245
26.81,-1.44113,-2.63119,331.29,-1.44552,-2.62938,331.245,0.471322,0.15708,-1.44139,-2.63165,331.335
26.82,-1.43699,-2.63345,331.38,-1.44139,-2.63165,331.335,0.471322,0.15708,-1.43725,-2.63391,331.425
26.83,-1.43286,-2.6357,331.47,-1.43725,-2.63391,331.425,0.471322,0.15708,-1.43311,-2.63616,331.515
26.84,-1.42871,-2.63795,331.56,-1.43311,-2.63616,331.515,0.471322,0.15708,-1.42897,-2.63841,331.605
26.85,-1.42457,-2.64019,331.65,-1.42897,-2.63841,331.605,0.471322,0.15708,-1.42482,-2.64065,331.695
26.86,-1.42042,-2.64242,331.74,-1.42482,-2.64065,331.695,0.471322,0.15708,-1.42067,-2.64289,331.785
26.87,-1.41627,-2.64465,331.83,-1.42067,-2.64289,331.785,0.471322,0.15708,-1.41652,-2.64511,331.875
26.88,-1.41211,-2.64687,331.92,-1.41652,-2.64511,331.875,0.471322,0.15708,-1.41236,-2.64734,331.965
26.89,-1.40795,-2.64909,332.01,-1.41236,-2.64734,331.965,0.471322,0.15708,-1.4082,-2.64955,332.055
26.9,-1.40379,-2.6513,332.1,-1.4082,-2.64955,332.055,0.471322,0.15708,-1.40404,-2.65176,332.145
26.91,-1.39962,-2.6535,332.19,-1.40404,-2.65176,332.145,0.471322,0.15708,-1.39987,-2.65396,332.235
26.92,-1.39545,-2.65569,332.28,-1.39987,-2.65396,332.235,0.471322,0.15708,-1.3957,-2.65616,332.325
26.93,-1.39128,-2.65788,332.37,-1.3957,-2.65616,332.325,0.471322,0.15708,-1.39153,-2.65835,332.415
26.94,-1.3871,-2.66006,332.46,-1.39153,-2.65835,332.415,0.471322,0.15708,-1.38735,-2.66053,332.505
26.95,-1.38292,-2.66224,332.55,-1.38735,-2.66053,332.505,0.471322,0.15708,-1.38317,-2.66271,332.595
26.96,-1.37874,-2.66441,332.64,-1.38317,-2.66271,332.595,0.471322,0.15708,-1.37899,-2.66487,332.685
26.97,-1.37455,-2.66657,332.73,-1.37899,-2.66487,332.685,0.471322,0.15708,-1.3748,-2.66704,332.775
26.98,-1.37036,-2.66873,332.82,-1.3748,-2.66704,332.775,0.471322,0.15708,-1.37061,-2.66919,332.865
26.99,-1.36617,-2.67088,332.91,-1.37061,-2.66919,332.865,0.471322,0.15708,-1.36641,-2.67134,332.955
27,-1.36197,-2.67302,333,-1.36641,-2.67134,332.955,0.471322,0.15708,-1.36222,-2.67349,333.045
27.01,-1.35777,-2.67516,333.09,-1.36222,-2.67349,333.045,0.471322,0.15708,-1.35801,-2.67562,333.135
27.02,-1.35357,-2.67729,333.18,-1.35801,-2.67562,333.135,0.471322,0.15708,-1.35381,-2.67775,333.225
27.03,-1.34936,-2.67941,333.27,-1.35381,-2.67775,333.225,0.471322,0.15708,-1.3496,-2.67988,333.315
27.04,-1.34515,-2.68152,333.36,-1.3496,-2.67988,333.315,0.471322,0.15708,-1.34539,-2.68199,333.405
27.05,-1.34094,-2.68363,333.45,-1.34539,-2.68199,333.405,0.471322,0.15708,-1.34118,-2.6841,333.495
27.06,-1.33672,-2.68574,333.54,-1.34118,-2.6841,333.495,0.471322,0.15708,-1.33696,-2.68621,333.585
27.07,-1.3325,-2.68783,333.63,-1.33696,-2.68621,333.585,0.471322,0.15708,-1.33274,-2.6883,333.675
27.08,-1.32827,-2.68992,333.72,-1.33274,-2.6883,333.675,0.471322,0.15708,-1.32851,-2.69039,333.765
27.09,-1.32405,-2.69201,333.81,-1.32851,-2.69039,333.765,0.471322,0.15708,-1.32429,-2.69248,333.855
27.1,-1.31982,-2.69408,333.9,-1.32429,-2.69248,333.855,0.471322,0.15708,-1.32005,-2.69455,333.945
27.11,-1.31558,-2.69615,333.99,-1.32005,-2.69455,333.945,0.471322,0.15708,-1.31582,-2.69662,334.035
27.12,-1.31135,-2.69822,334.08,-1.31582,-2.69662,334.035,0.471322,0.15708,-1.31158,-2.69869,334.125
27.13,-1.30711,-2.70027,334.17,-1.31158,-2.69869,334.125,0.471322,0.15708,-1.30734,-2.70074,334.215
27.14,-1.30286,-2.70232,334.26,-1.30734,-2.70074,334.215,0.471322,0.15708,-1.3031,-2.70279,334.305
27.15,-1.29862,-2.70437,334.35,-1.3031,-2.70279,334.305,0.471322,0.15708,-1.29885,-2.70484,334.395
27.16,-1.29437,-2.7064,334.44,-1.29885,-2.70484,334.395,0.471322,0.15708,-1.2946,-2.70687,334.485
27.17,-1.29012,-2.70843,334.53,-1.2946,-2.70687,334.485,0.471322,0.15708,-1.29035,-2.70891,334.575
27.18,-1.28586,-2.71045,334.62,-1.29035,-2.70891,334.575,0.471322,0.15708,-1.28609,-2.71093,334.665
27.19,-1.2816,-2.71247,334.71,-1.28609,-2.71093,334.665,0.471322,0.15708,-1.28183,-2.71295,334.755
27.2,-1.27734,-2.71448,334.8,-1.28183,-2.71295,334.755,0.471322,0.15708,-1.27757,-2.71496,334.845
27.21,-1.27307,-2.71648,334.89,-1.27757,-2.71496,334.845,0.471322,0.15708,-1.2733,-2.71696,334.935
27.22,-1.2688,-2.71848,334.98,-1.2733,-2.71696,334.935,0.471322,0.15708,-1.26903,-2.71896,335.025
27.23,-1.26453,-2.72047,335.07,-1.26903,-2.71896,335.025,0.471322,0.15708,-1.26476,-2.72095,335.115
27.24,-1.26026,-2.72245,335.16,-1.26476,-2.72095,335.115,0.471322,0.15708,-1.26048,-2.72293,335.205
27.25,-1.25598,-2.72443,335.25,-1.26048,-2.72293,335.205,0.471322,0.15708,-1.2562,-2.72491,335.295
27.26,-1.2517,-2.7264,335.34,-1.2562,-2.72491,335.295,0.471322,0.15708,-1.25192,-2.72688,335.385
27.27,-1.24741,-2.72836,335.43,-1.25192,-2.72688,335.385,0.471322,0.15708,-1.24764,-2.72884,335.475
27.28,-1.24313,-2.73032,335.52,-1.24764,-2.72884,335.475,0.471322,0.15708,-1.24335,-2.7308,335.565
27.29,-1.23884,-2.73227,335.61,-1.24335,-2.7308,335.565,0.471322,0.15708,-1.23906,-2.73274,335.655
27.3,-1.23454,-2.73421,335.7,-1.23906,-2.73274,335.655,0.471322,0.15708,-1.23477,-2.73469,335.745
27.31,-1.23025,-2.73615,335.79,-1.23477,-2.73469,335.745,0.471322,0.15708,-1.23047,-2.73662,335.835
27.32,-1.22595,-2.73807,335.88,-1.23047,-2.73662,335.835,0.471322,0.15708,-1.22617,-2.73855,335.925
27.33,-1.22164,-2.74,335.97,-1.22617,-2.73855,335.925,0.471322,0.15708,-1.22186,-2.74048,336.015
27.34,-1.21734,-2.74191,336.06,-1.22186,-2.74048,336.015,0.471322,0.15708,-1.21756,-2.74239,336.105
27.35,-1.21303,-2.74382,336.15,-1.21756,-2.74239,336.105,0.471322,0.15708,-1.21325,-2.7443,336.195
27.36,-1.20872,-2.74572,336.24,-1.21325,-2.7443,336.195,0.471322,0.15708,-1.20894,-2.7462,336.285
27.37,-1.2044,-2.74762,336.33,-1.20894,-2.7462,336.285,0.471322,0.15708,-1.20462,-2.7481,336.375
27.38,-1.20009,-2.74951,336.42,-1.20462,-2.7481,336.375,0.471322,0.15708,-1.2003,-2.74999,336.465
27.39,-1.19577,-2.75139,336.51,-1.2003,-2.74999,336.465,0.471322,0.15708,-1.19598,-2.75187,336.555
27.4,-1.19144,-2.75326,336.6,-1.19598,-2.75187,336.555,0.471322,0.15708,-1.19166,-2.75375,336.645
27.41,-1.18712,-2.75513,336.69,-1.19166,-2.75375,336.645,0.471322,0.15708,-1.18733,-2.75561,336.735
27.42,-1.18279,-2.75699,336.78,-1.18733,-2.75561,336.735,0.471322,0.15708,-1.183,-2.75748,336.825
27.43,-1.17846,-2.75885,336.87,-1.183,-2.75748,336.825,0.471322,0.15708,-1.17867,-2.75933,336.915
27.44,-1.17412,-2.7607,336.96,-1.17867,-2.75933,336.915,0.471322,0.15708,-1.17433,-2.76118,337.005
27.45,-1.16978,-2.76254,337.05,-1.17433,-2.76118,337.005,0.471322,0.15708,-1.16999,-2.76302,337.095
27.46,-1.16544,-2.76437,337.14,-1.16999,-2.76302,337.095,0.471322,0.15708,-1.16565,-2.76485,337.185
27.47,-1.1611,-2.7662,337.23,-1.16565,-2.76485,337.185,0.471322,0.15708,-1.16131,-2.76668,337.275
27.48,-1.15675,-2.76802,337.32,-1.16131,-2.76668,337.275,0.471322,0.15708,-1.15696,-2.7685,337.365
27.49,-1.1524,-2.76983,337.41,-1.15696,-2.7685,337.365,0.471322,0.15708,-1.15261,-2.77032,337.455
27.5,-1.14805,-2.77164,337.5,-1.15261,-2.77032,337.455,0.471322,0.15708,-1.14826,-2.77212,337.545
27.51,-1.1437,-2.77344,337.59,-1.14826,-2.77212,337.545,0.471322,0.15708,-1.1439,-2.77392,337.635
27.52,-1.13934,-2.77523,337.68,-1.1439,-2.77392,337.635,0.471322,0.15708,-1.13954,-2.77572,337.725
27.53,-1.13498,-2.77702,337.77,-1.13954,-2.77572,337.725,0.471322,0.15708,-1.13518,-2.7775,337.815
27.54,-1.13061,-2.7788,337.86,-1.13518,-2.7775,337.815,0.471322,0.15708,-1.13082,-2.77928,337.905
27.55,-1.12625,-2.78057,337.95,-1.13082,-2.77928,337.905,0.471322,0.15708,-1.12645,-2.78106,337.995
27.56,-1.12188,-2.78234,338.04,-1.12645,-2.78106,337.995,0.471322,0.15708,-1.12208,-2.78282,338.085
27.57,-1.11751,-2.78409,338.13,-1.12208,-2.78282,338.085,0.471322,0.15708,-1.11771,-2.78458,338.175
27.58,-1.11313,-2.78585,338.22,-1.11771,-2.78458,338.175,0.471322,0.15708,-1.11333,-2.78633,338.265
27.59,-1.10875,-2.78759,338.31,-1.11333,-2.78633,338.265,0.471322,0.15708,-1.10895,-2.78808,338.355
27.6,-1.10437,-2.78933,338.4,-1.10895,-2.78808,338.355,0.471322,0.15708,-1.10457,-2.78982,338.445
27.61,-1.09999,-2.79106,338.49,-1.10457,-2.78982,338.445,0.471322,0.15708,-1.10019,-2.79155,338.535
27.62,-1.09561,-2.79279,338.58,-1.10019,-2.79155,338.535,0.471322,0.15708,-1.0958,-2.79327,338.625
27.63,-1.09122,-2.7945,338.67,-1.0958,-2.79327,338.625,0.471322,0.15708,-1.09141,-2.79499,338.715
27.64,-1.08683,-2.79621,338.76,-1.09141,-2.79499,338.715,0.471322,0.15708,-1.08702,-2.7967,338.805
27.65,-1.08243,-2.79792,338.85,-1.08702,-2.7967,338.805,0.471322,0.15708,-1.08263,-2.79841,338.895
27.66,-1.07804,-2.79961,338.94,-1.08263,-2.79841,338.895,0.471322,0.15708,-1.07823,-2.8001,338.985
27.67,-1.07364,-2.8013,339.03,-1.07823,-2.8001,338.985,0.471322,0.15708,-1.07383,-2.80179,339.075
27.68,-1.06924,-2.80299,339.12,-1.07383,-2.80179,339.075,0.471322,0.15708,-1.06943,-2.80348,339.165
27.69,-1.06483,-2.80466,339.21,-1.06943,-2.80348,339.165,0.471322,0.15708,-1.06502,-2.80515,339.255
27.7,-1.06042,-2.80633,339.3,-1.06502,-2.80515,339.255,0.471322,0.15708,-1.06062,-2.80682,339.345
27.71,-1.05602,-2.80799,339.39,-1.06062,-2.80682,339.345,0.471322,0.15708,-1.05621,-2.80849,339.435
27.72,-1.0516,-2.80965,339.48,-1.05621,-2.80849,339.435,0.471322,0.15708,-1.05179,-2.81014,339.525
27.73,-1.04719,-2.8113,339.57,-1.05179,-2.81014,339.525,0.471322,0.15708,-1.04738,-2.81179,339.615
27.74,-1.04277,-2.81294,339.66,-1.04738,-2.81179,339.615,0.471322,0.15708,-1.04296,-2.81343,339.705
27.75,-1.03835,-2.81457,339.75,-1.04296,-2.81343,339.705,0.471322,0.15708,-1.03854,-2.81507,339.795
27.76,-1.03393,-2.8162,339.84,-1.03854,-2.81507,339.795,0.471322,0.15708,-1.03412,-2.81669,339.885
27.77,-1.0295,-2.81782,339.93,-1.03412,-2.81669,339.885,0.471322,0.15708,-1.02969,-2.81832,339.975
27.78,-1.02508,-2.81944,340.02,-1.02969,-2.81832,339.975,0.471322,0.15708,-1.02526,-2.81993,340.065
27.79,-1.02065,-2.82104,340.11,-1.02526,-2.81993,340.065,0.471322,0.15708,-1.02083,-2.82154,340.155
27.8,-1.01621,-2.82264,340.2,-1.02083,-2.82154,340.155,0.471322,0.15708,-1.0164,-2.82314,340.245
27.81,-1.01178,-2.82424,340.29,-1.0164,-2.82314,340.245,0.471322,0.15708,-1.01196,-2.82473,340.335
27.82,-1.00734,-2.82582,340.38,-1.01196,-2.82473,340.335,0.471322,0.15708,-1.00752,-2.82632,340.425
27.83,-1.0029,-2.8274,340.47,-1.00752,-2.82632,340.425,0.471322,0.15708,-1.00308,-2.82789,340.515
27.84,-0.998459,-2.82897,340.56,-1.00308,-2.82789,340.515,0.471322,0.15708,-0.998639,-2.82947,340.605
27.85,-0.994014,-2.83054,340.65,-0.998639,-2.82947,340.605,0.471322,0.15708,-0.994194,-2.83103,340.695
27.86,-0.989566,-2.83209,340.74,-0.994194,-2.83103,340.695,0.471322,0.15708,-0.989745,-2.83259,340.785
27.87,-0.985116,-2.83365,340.83,-0.989745,-2.83259,340.785,0.471322,0.15708,-0.985295,-2.83414,340.875
27.88,-0.980664,-2.83519,340.92,-0.985295,-2.83414,340.875,0.471322,0.15708,-0.980842,-2.83569,340.965
27.89,-0.976209,-2.83673,341.01,-0.980842,-2.83569,340.965,0.471322,0.15708,-0.976386,-2.83722,341.055
27.9,-0.971752,-2.83826,341.1,-0.976386,-2.83722,341.055,0.471322,0.15708,-0.971928,-2.83875,341.145
27.91,-0.967293,-2.83978,341.19,-0.971928,-2.83875,341.145,0.471322,0.15708,-0.967468,-2.84028,341.235
27.92,-0.962831,-2.84129,341.28,-0.967468,-2.84028,341.235,0.471322,0.15708,-0.963005,-2.84179,341.325
27.93,-0.958367,-2.8428,341.37,-0.963005,-2.84179,341.325,0.471322,0.15708,-0.95854,-2.8433,341.415
27.94,-0.9539,-2.84431,341.46,-0.95854,-2.8433,341.415,0.471322,0.15708,-0.954073,-2.8448,341.505
27.95,-0.949431,-2.8458,341.55,-0.954073,-2.8448,341.505,0.471322,0.15708,-0.949603,-2.8463,341.595
27.96,-0.94496,-2.84729,341.64,-0.949603,-2.8463,341.595,0.471322,0.15708,-0.945131,-2.84779,341.685
27.97,-0.940486,-2.84877,341.73,-0.945131,-2.84779,341.685,0.471322,0.15708,-0.940656,-2.84927,341.775
27.98,-0.93601,-2.85024,341.82,-0.940656,-2.84927,341.775,0.471322,0.15708,-0.93618,-2.85074,341.865
27.99,-0.931532,-2.85171,341.91,-0.93618,-2.85074,341.865,0.471322,0.15708,-0.931701,-2.85221,341.955
28,-0.927051,-2.85317,342,-0.931701,-2.85221,341.955,0.471322,0.15708,-0.927219,-2.85367,342.045
28.01,-0.922568,-2.85462,342.09,-0.927219,-2.85367,342.045,0.471322,0.15708,-0.922736,-2.85512,342.135
28.02,-0.918083,-2.85607,342.18,-0.922736,-2.85512,342.135,0.471322,0.15708,-0.91825,-2.85657,342.225
28.03,-0.913595,-2.85751,342.27,-0.91825,-2.85657,342.225,0.471322,0.15708,-0.913761,-2.85801,342.315
28.04,-0.909106,-2.85894,342.36,-0.913761,-2.85801,342.315,0.471322,0.15708,-0.909271,-2.85944,342.405
28.05,-0.904614,-2.86036,342.45,-0.909271,-2.85944,342.405,0.471322,0.15708,-0.904778,-2.86086,342.495
28.06,-0.90012,-2.86178,342.54,-0.904778,-2.86086,342.495,0.471322,0.15708,-0.900283,-2.86228,342.585
28.07,-0.895623,-2.86319,342.63,-0.900283,-2.86228,342.585,0.471322,0.15708,-0.895786,-2.86369,342.675
28.08,-0.891125,-2.86459,342.72,-0.895786,-2.86369,342.675,0.471322,0.15708,-0.891287,-2.8651,342.765
28.09,-0.886624,-2.86599,342.81,-0.891287,-2.8651,342.765,0.471322,0.15708,-0.886785,-2.86649,342.855
28.1,-0.882121,-2.86738,342.9,-0.886785,-2.86649,342.855,0.471322,0.15708,-0.882281,-2.86788,342.945
28.11,-0.877616,-2.86876,342.99,-0.882281,-2.86788,342.945,0.471322,0.15708,-0.877775,-2.86926,343.035
28.12,-0.873109,-2.87014,343.08,-0.877775,-2.86926,343.035,0.471322,0.15708,-0.873267,-2.87064,343.125
28.13,-0.868599,-2.8715,343.17,-0.873267,-2.87064,343.125,0.471322,0.15708,-0.868757,-2.87201,343.215
28.14,-0.864087,-2.87286,343.26,-0.868757,-2.87201,343.215,0.471322,0.15708,-0.864245,-2.87337,343.305
28.15,-0.859574,-2.87422,343.35,-0.864245,-2.87337,343.305,0.471322,0.15708,-0.85973,-2.87472,343.395
28.16,-0.855058,-2.87557,343.44,-0.85973,-2.87472,343.395,0.471322,0.15708,-0.855213,-2.87607,343.485
28.17,-0.85054,-2.8769,343.53,-0.855213,-2.87607,343.485,0.471322,0.15708,-0.850695,-2.87741,343.575
28.18,-0.84602,-2.87824,343.62,-0.850695,-2.87741,343.575,0.471322,0.15708,-0.846174,-2.87874,343.665
28.19,-0.841498,-2.87956,343.71,-0.846174,-2.87874,343.665,0.471322,0.15708,-0.841651,-2.88007,343.755
28.2,-0.836973,-2.88088,343.8,-0.841651,-2.88007,343.755,0.471322,0.15708,-0.837126,-2.88139,343.845
28.21,-0.832447,-2.88219,343.89,-0.837126,-2.88139,343.845,0.471322,0.15708,-0.832599,-2.8827,343.935
28.22,-0.827919,-2.8835,343.98,-0.832599,-2.8827,343.935,0.471322,0.15708,-0.82807,-2.884,344.025
28.23,-0.823388,-2.88479,344.07,-0.82807,-2.884,344.025,0.471322,0.15708,-0.823538,-2.8853,344.115
28.24,-0.818856,-2.88608,344.16,-0.823538,-2.8853,344.115,0.471322,0.15708,-0.819005,-2.88659,344.205
28.25,-0.814321,-2.88737,344.25,-0.819005,-2.88659,344.205,0.471322,0.15708,-0.81447,-2.88787,344.295
28.26,-0.809785,-2.88864,344.34,-0.81447,-2.88787,344.295,0.471322,0.15708,-0.809933,-2.88915,344.385
28.27,-0.805246,-2.88991,344.43,-0.809933,-2.88915,344.385,0.471322,0.15708,-0.805393,-2.89042,344.475
28.28,-0.800706,-2.89117,344.52,-0.805393,-2.89042,344.475,0.471322,0.15708,-0.800852,-2.89168,344.565
28.29,-0.796164,-2.89243,344.61,-0.800852,-2.89168,344.565,0.471322,0.15708,-0.796309,-2.89293,344.655
28.3,-0.791619,-2.89367,344.7,-0.796309,-2.89293,344.655,0.471322,0.15708,-0.791764,-2.89418,344.745
28.31,-0.787073,-2.89491,344.79,-0.791764,-2.89418,344.745,0.471322,0.15708,-0.787217,-2.89542,344.835
28.32,-0.782525,-2.89614,344.88,-0.787217,-2.89542,344.835,0.471322,0.15708,-0.782667,-2.89665,344.925
28.33,-0.777974,-2.89737,344.97,-0.782667,-2.89665,344.925,0.471322,0.15708,-0.778116,-2.89788,345.015
28.34,-0.773422,-2.89859,345.06,-0.778116,-2.89788,345.015,0.471322,0.15708,-0.773563,-2.8991,345.105
28.35,-0.768868,-2.8998,345.15,-0.773563,-2.8991,345.105,0.471322,0.15708,-0.769009,-2.90031,345.195
28.36,-0.764312,-2.901,345.24,-0.769009,-2.90031,345.195,0.471322,0.15708,-0.764452,-2.90151,345.285
28.37,-0.759754,-2.9022,345.33,-0.764452,-2.90151,345.285,0.471322,0.15708,-0.759893,-2.90271,345.375
28.38,-0.755195,-2.90339,345.42,-0.759893,-2.90271,345.375,0.471322,0.15708,-0.755333,-2.9039,345.465
28.39,-0.750633,-2.90457,345.51,-0.755333,-2.9039,345.465,0.471322,0.15708,-0.75077,-2.90508,345.555
28.4,-0.74607,-2.90575,345.6,-0.75077,-2.90508,345.555,0.471322,0.15708,-0.746206,-2.90626,345.645
28.41,-0.741504,-2.90692,345.69,-0.746206,-2.90626,345.645,0.471322,0.15708,-0.74164,-2.90743,345.735
28.42,-0.736937,-2.90808,345.78,-0.74164,-2.90743,345.735,0.471322,0.15708,-0.737072,-2.90859,345.825
28.43,-0.732368,-2.90923,345.87,-0.737072,-2.90859,345.825,0.471322,0.15708,-0.732503,-2.90974,345.915
28.44,-0.727798,-2.91038,345.96,-0.732503,-2.90974,345.915,0.471322,0.15708,-0.727931,-2.91089,346.005
28.45,-0.723225,-2.91152,346.05,-0.727931,-2.91089,346.005,0.471322,0.15708,-0.723358,-2.91203,346.095
28.46,-0.718651,-2.91265,346.14,-0.723358,-2.91203,346.095,0.471322,0.15708,-0.718783,-2.91316,346.185
28.47,-0.714075,-2.91378,346.23,-0.718783,-2.91316,346.185,0.471322,0.15708,-0.714206,-2.91429,346.275
28.48,-0.709497,-2.9149,346.32,-0.714206,-2.91429,346.275,0.471322,0.15708,-0.709627,-2.91541,346.365
28.49,-0.704917,-2.91601,346.41,-0.709627,-2.91541,346.365,0.471322,0.15708,-0.705047,-2.91652,346.455
28.5,-0.700336,-2.91711,346.5,-0.705047,-2.91652,346.455,0.471322,0.15708,-0.700465,-2.91762,346.545
28.51,-0.695753,-2.91821,346.59,-0.700465,-2.91762,346.545,0.471322,0.15708,-0.695881,-2.91872,346.635
28.52,-0.691168,-2.9193,346.68,-0.695881,-2.91872,346.635,0.471322,0.15708,-0.691295,-2.91981,346.725
28.53,-0.686582,-2.92038,346.77,-0.691295,-2.91981,346.725,0.471322,0.15708,-0.686708,-2.92089,346.815
28.54,-0.681994,-2.92145,346.86,-0.686708,-2.92089,346.815,0.471322,0.15708,-0.682119,-2.92196,346.905
28.55,-0.677404,-2.92252,346.95,-0.682119,-2.92196,346.905,0.471322,0.15708,-0.677528,-2.92303,346.995
28.56,-0.672812,-2.92358,347.04,-0.677528,-2.92303,346.995,0.471322,0.15708,-0.672936,-2.92409,347.085
28.57,-0.668219,-2.92463,347.13,-0.672936,-2.92409,347.085,0.471322,0.15708,-0.668342,-2.92515,347.175
28.58,-0.663624,-2.92568,347.22,-0.668342,-2.92515,347.175,0.471322,0.15708,-0.663746,-2.92619,347.265
28.59,-0.659028,-2.92672,347.31,-0.663746,-2.92619,347.265,0.471322,0.15708,-0.659149,-2.92723,347.355
28.6,-0.65443,-2.92775,347.4,-0.659149,-2.92723,347.355,0.471322,0.15708,-0.65455,-2.92826,347.445
28.61,-0.64983,-2.92877,347.49,-0.65455,-2.92826,347.445,0.471322,0.15708,-0.64995,-2.92929,347.535
28.62,-0.645229,-2.92979,347.58,-0.64995,-2.92929,347.535,0.471322,0.15708,-0.645348,-2.93031,347.625
28.63,-0.640626,-2.9308,347.67,-0.645348,-2.93031,347.625,0.471322,0.15708,-0.640744,-2.93132,347.715
28.64,-0.636021,-2.9318,347.76,-0.640744,-2.93132,347.715,0.471322,0.15708,-0.636139,-2.93232,347.805
28.65,-0.631415,-2.9328,347.85,-0.636139,-2.93232,347.805,0.471322,0.15708,-0.631532,-2.93331,347.895
28.66,-0.626808,-2.93379,347.94,-0.631532,-2.93331,347.895,0.471322,0.15708,-0.626923,-2.9343,347.985
28.67,-0.622199,-2.93477,348.03,-0.626923,-2.9343,347.985,0.471322,0.15708,-0.622313,-2.93528,348.075
28.68,-0.617588,-2.93574,348.12,-0.622313,-2.93528,348.075,0.471322,0.15708,-0.617702,-2.93626,348.165
28.69,-0.612976,-2.93671,348.21,-0.617702,-2.93626,348.165,0.471322,0.15708,-0.613089,-2.93722,348.255
28.7,-0.608362,-2.93767,348.3,-0.613089,-2.93722,348.255,0.471322,0.15708,-0.608474,-2.93818,348.345
28.71,-0.603747,-2.93862,348.39,-0.608474,-2.93818,348.345,0.471322,0.15708,-0.603858,-2.93914,348.435
28.72,-0.59913,-2.93957,348.48,-0.603858,-2.93914,348.435,0.471322,0.15708,-0.599241,-2.94008,348.525
28.73,-0.594512,-2.9405,348.57,-0.599241,-2.94008,348.525,0.471322,0.15708,-0.594622,-2.94102,348.615
28.74,-0.589892,-2.94143,348.66,-0.594622,-2.94102,348.615,0.471322,0.15708,-0.590001,-2.94195,348.705
28.75,-0.585271,-2.94236,348.75,-0.590001,-2.94195,348.705,0.471322,0.15708,-0.585379,-2.94287,348.795
28.76,-0.580648,-2.94327,348.84,-0.585379,-2.94287,348.795,0.471322,0.15708,-0.580756,-2.94379,348.885
28.77,-0.576024,-2.94418,348.93,-0.580756,-2.94379,348.885,0.471322,0.15708,-0.576131,-2.9447,348.975
28.78,-0.571399,-2.94508,349.02,-0.576131,-2.9447,348.975,0.471322,0.15708,-0.571505,-2.9456,349.065
28.79,-0.566772,-2.94598,349.11,-0.571505,-2.9456,349.065,0.471322,0.15708,-0.566877,-2.94649,349.155
28.8,-0.562144,-2.94686,349.2,-0.566877,-2.94649,349.155,0.471322,0.15708,-0.562248,-2.94738,349.245
28.81,-0.557514,-2.94774,349.29,-0.562248,-2.94738,349.245,0.471322,0.15708,-0.557618,-2.94826,349.335
28.82,-0.552883,-2.94861,349.38,-0.557618,-2.94826,349.335,0.471322,0.15708,-0.552986,-2.94913,349.425
28.83,-0.548251,-2.94948,349.47,-0.552986,-2.94913,349.425,0.471322,0.15708,-0.548353,-2.95,349.515
28.84,-0.543617,-2.95034,349.56,-0.548353,-2.95,349.515,0.471322,0.15708,-0.543718,-2.95085,349.605
28.85,-0.538982,-2.95119,349.65,-0.543718,-2.95085,349.605,0.471322,0.15708,-0.539082,-2.9517,349.695
28.86,-0.534346,-2.95203,349.74,-0.539082,-2.9517,349.695,0.471322,0.15708,-0.534445,-2.95255,349.785
28.87,-0.529708,-2.95286,349.83,-0.534445,-2.95255,349.785,0.471322,0.15708,-0.529807,-2.95338,349.875
28.88,-0.525069,-2.95369,349.92,-0.529807,-2.95338,349.875,0.471322,0.15708,-0.525167,-2.95421,349.965
28.89,-0.520429,-2.95451,350.01,-0.525167,-2.95421,349.965,0.471322,0.15708,-0.520526,-2.95503,350.055
28.9,-0.515787,-2.95533,350.1,-0.520526,-2.95503,350.055,0.471322,0.15708,-0.515883,-2.95585,350.145
28.91,-0.511144,-2.95613,350.19,-0.515883,-2.95585,350.145,0.471322,0.15708,-0.51124,-2.95665,350.235
28.92,-0.5065,-2.95693,350.28,-0.51124,-2.95665,350.235,0.471322,0.15708,-0.506595,-2.95745,350.325
28.93,-0.501855,-2.95773,350.37,-0.506595,-2.95745,350.325,0.471322,0.15708,-0.501949,-2.95824,350.415
28.94,-0.497208,-2.95851,350.46,-0.501949,-2.95824,350.415,0.471322,0.15708,-0.497301,-2.95903,350.505
28.95,-0.492561,-2.95929,350.55,-0.497301,-2.95903,350.505,0.471322,0.15708,-0.492653,-2.95981,350.595
28.96,-0.487911,-2.96006,350.64,-0.492653,-2.95981,350.595,0.471322,0.15708,-0.488003,-2.96058,350.685
28.97,-0.483261,-2.96082,350.73,-0.488003,-2.96058,350.685,0.471322,0.15708,-0.483352,-2.96134,350.775
28.98,-0.47861,-2.96158,350.82,-0.483352,-2.96134,350.775,0.471322,0.15708,-0.478699,-2.9621,350.865
28.99,-0.473957,-2.96232,350.91,-0.478699,-2.9621,350.865,0.471322,0.15708,-0.474046,-2.96284,350.955
29,-0.469303,-2.96307,351,-0.474046,-2.96284,350.955,0.471322,0.15708,-0.469391,-2.96358,351.045
29.01,-0.464648,-2.9638,351.09,-0.469391,-2.96358,351.045,0.471322,0.15708,-0.464736,-2.96432,351.135
29.02,-0.459992,-2.96452,351.18,-0.464736,-2.96432,351.135,0.471322,0.15708,-0.460079,-2.96504,351.225
29.03,-0.455335,-2.96524,351.27,-0.460079,-2.96504,351.225,0.471322,0.15708,-0.455421,-2.96576,351.315
29.04,-0.450677,-2.96596,351.36,-0.455421,-2.96576,351.315,0.471322,0.15708,-0.450762,-2.96648,351.405
29.05,-0.446017,-2.96666,351.45,-0.450762,-2.96648,351.405,0.471322,0.15708,-0.446101,-2.96718,351.495
29.06,-0.441357,-2.96736,351.54,-0.446101,-2.96718,351.495,0.471322,0.15708,-0.44144,-2.96788,351.585
29.07,-0.436695,-2.96805,351.63,-0.44144,-2.96788,351.585,0.471322,0.15708,-0.436777,-2.96857,351.675
29.08,-0.432032,-2.96873,351.72,-0.436777,-2.96857,351.675,0.471322,0.15708,-0.432114,-2.96925,351.765
29.09,-0.427369,-2.9694,351.81,-0.432114,-2.96925,351.765,0.471322,0.15708,-0.427449,-2.96992,351.855
29.1,-0.422704,-2.97007,351.9,-0.427449,-2.96992,351.855,0.471322,0.15708,-0.422784,-2.97059,351.945
29.11,-0.418038,-2.97073,351.99,-0.422784,-2.97059,351.945,0.471322,0.15708,-0.418117,-2.97125,352.035
29.12,-0.413371,-2.97138,352.08,-0.418117,-2.97125,352.035,0.471322,0.15708,-0.413449,-2.97191,352.125
29.13,-0.408703,-2.97203,352.17,-0.413449,-2.97191,352.125,0.471322,0.15708,-0.40878,-2.97255,352.215
29.14,-0.404034,-2.97267,352.26,-0.40878,-2.97255,352.215,0.471322,0.15708,-0.404111,-2.97319,352.305
29.15,-0.399364,-2.9733,352.35,-0.404111,-2.97319,352.305,0.471322,0.15708,-0.39944,-2.97382,352.395
29.16,-0.394693,-2.97392,352.44,-0.39944,-2.97382,352.395,0.471322,0.15708,-0.394768,-2.97444,352.485
29.17,-0.390021,-2.97454,352.53,-0.394768,-2.97444,352.485,0.471322,0.15708,-0.390095,-2.97506,352.575
29.18,-0.385348,-2.97515,352.62,-0.390095,-2.97506,352.575,0.471322,0.15708,-0.385422,-2.97567,352.665
29.19,-0.380674,-2.97575,352.71,-0.385422,-2.97567,352.665,0.471322,0.15708,-0.380747,-2.97627,352.755
29.2,-0.376,-2.97634,352.8,-0.380747,-2.97627,352.755,0.471322,0.15708,-0.376071,-2.97687,352.845
29.21,-0.371324,-2.97693,352.89,-0.376071,-2.97687,352.845,0.471322,0.15708,-0.371395,-2.97745,352.935
29.22,-0.366647,-2.97751,352.98,-0.371395,-2.97745,352.935,0.471322,0.15708,-0.366717,-2.97803,353.025
29.23,-0.36197,-2.97808,353.07,-0.366717,-2.97803,353.025,0.471322,0.15708,-0.362039,-2.97861,353.115
29.24,-0.357291,-2.97865,353.16,-0.362039,-2.97861,353.115,0.471322,0.15708,-0.35736,-2.97917,353.205
29.25,-0.352612,-2.97921,353.25,-0.35736,-2.97917,353.205,0.471322,0.15708,-0.35268,-2.97973,353.295
29.26,-0.347932,-2.97976,353.34,-0.35268,-2.97973,353.295,0.471322,0.15708,-0.347999,-2.98028,353.385
29.27,-0.343251,-2.9803,353.43,-0.347999,-2.98028,353.385,0.471322,0.15708,-0.343317,-2.98082,353.475
29.28,-0.338569,-2.98083,353.52,-0.343317,-2.98082,353.475,0.471322,0.15708,-0.338634,-2.98136,353.565
29.29,-0.333886,-2.98136,353.61,-0.338634,-2.98136,353.565,0.471322,0.15708,-0.333951,-2.98189,353.655
29.3,-0.329203,-2.98188,353.7,-0.333951,-2.98189,353.655,0.471322,0.15708,-0.329266,-2.98241,353.745
29.31,-0.324519,-2.9824,353.79,-0.329266,-2.98241,353.745,0.471322,0.15708,-0.324581,-2.98292,353.835
29.32,-0.319833,-2.9829,353.88,-0.324581,-2.98292,353.835,0.471322,0.15708,-0.319895,-2.98343,353.925
29.33,-0.315148,-2.9834,353.97,-0.319895,-2.98343,353.925,0.471322,0.15708,-0.315209,-2.98392,354.015
29.34,-0.310461,-2.98389,354.06,-0.315209,-2.98392,354.015,0.471322,0.15708,-0.310521,-2.98442,354.105
29.35,-0.305773,-2.98438,354.15,-0.310521,-2.98442,354.105,0.471322,0.15708,-0.305833,-2.9849,354.195
29.36,-0.301085,-2.98485,354.24,-0.305833,-2.9849,354.195,0.471322,0.15708,-0.301144,-2.98538,354.285
29.37,-0.296396,-2.98532,354.33,-0.301144,-2.98538,354.285,0.471322,0.15708,-0.296454,-2.98585,354.375
29.38,-0.291706,-2.98578,354.42,-0.296454,-2.98585,354.375,0.471322,0.15708,-0.291763,-2.98631,354.465
29.39,-0.287016,-2.98624,354.51,-0.291763,-2.98631,354.465,0.471322,0.15708,-0.287072,-2.98676,354.555
29.4,-0.282325,-2.98669,354.6,-0.287072,-2.98676,354.555,0.471322,0.15708,-0.28238,-2.98721,354.645
29.41,-0.277633,-2.98713,354.69,-0.28238,-2.98721,354.645,0.471322,0.15708,-0.277688,-2.98765,354.735
29.42,-0.272941,-2.98756,354.78,-0.277688,-2.98765,354.735,0.471322,0.15708,-0.272994,-2.98808,354.825
29.43,-0.268247,-2.98798,354.87,-0.272994,-2.98808,354.825,0.471322,0.15708,-0.2683,-2.98851,354.915
29.44,-0.263554,-2.9884,354.96,-0.2683,-2.98851,354.915,0.471322,0.15708,-0.263606,-2.98893,355.005
29.45,-0.258859,-2.98881,355.05,-0.263606,-2.98893,355.005,0.471322,0.15708,-0.25891,-2.98934,355.095
29.46,-0.254164,-2.98921,355.14,-0.25891,-2.98934,355.095,0.471322,0.15708,-0.254214,-2.98974,355.185
29.47,-0.249468,-2.98961,355.23,-0.254214,-2.98974,355.185,0.471322,0.15708,-0.249518,-2.99013,355.275
29.48,-0.244772,-2.99,355.32,-0.249518,-2.99013,355.275,0.471322,0.15708,-0.24482,-2.99052,355.365
29.49,-0.240075,-2.99038,355.41,-0.24482,-2.99052,355.365,0.471322,0.15708,-0.240123,-2.9909,355.455
29.5,-0.235377,-2.99075,355.5,-0.240123,-2.9909,355.455,0.471322,0.15708,-0.235424,-2.99128,355.545
29.51,-0.230679,-2.99112,355.59,-0.235424,-2.99128,355.545,0.471322,0.15708,-0.230725,-2.99164,355.635
29.52,-0.22598,-2.99148,355.68,-0.230725,-2.99164,355.635,0.471322,0.15708,-0.226026,-2.992,355.725
29.53,-0.221281,-2.99183,355.77,-0.226026,-2.992,355.725,0.471322,0.15708,-0.221326,-2.99235,355.815
29.54,-0.216581,-2.99217,355.86,-0.221326,-2.99235,355.815,0.471322,0.15708,-0.216625,-2.9927,355.905
29.55,-0.211881,-2.99251,355.95,-0.216625,-2.9927,355.905,0.471322,0.15708,-0.211924,-2.99303,355.995
29.56,-0.20718,-2.99284,356.04,-0.211924,-2.99303,355.995,0.471322,0.15708,-0.207222,-2.99336,356.085
29.57,-0.202479,-2.99316,356.13,-0.207222,-2.99336,356.085,0.471322,0.15708,-0.20252,-2.99368,356.175
29.58,-0.197777,-2.99347,356.22,-0.20252,-2.99368,356.175,0.471322,0.15708,-0.197817,-2.994,356.265
29.59,-0.193074,-2.99378,356.31,-0.197817,-2.994,356.265,0.471322,0.15708,-0.193114,-2.99431,356.355
29.6,-0.188372,-2.99408,356.4,-0.193114,-2.99431,356.355,0.471322,0.15708,-0.18841,-2.99461,356.445
29.61,-0.183668,-2.99437,356.49,-0.18841,-2.99461,356.445,0.471322,0.15708,-0.183706,-2.9949,356.535
29.62,-0.178964,-2.99466,356.58,-0.183706,-2.9949,356.535,0.471322,0.15708,-0.179002,-2.99518,356.625
29.63,-0.17426,-2.99493,356.67,-0.179002,-2.99518,356.625,0.471322,0.15708,-0.174297,-2.99546,356.715
29.64,-0.169556,-2.9952,356.76,-0.174297,-2.99546,356.715,0.471322,0.15708,-0.169591,-2.99573,356.805
29.65,-0.164851,-2.99547,356.85,-0.169591,-2.99573,356.805,0.471322,0.15708,-0.164885,-2.99599,356.895
29.66,-0.160145,-2.99572,356.94,-0.164885,-2.99599,356.895,0.471322,0.15708,-0.160179,-2.99625,356.985
29.67,-0.155439,-2.99597,357.03,-0.160179,-2.99625,356.985,0.471322,0.15708,-0.155472,-2.9965,357.075
29.68,-0.150733,-2.99621,357.12,-0.155472,-2.9965,357.075,0.471322,0.15708,-0.150765,-2.99674,357.165
29.69,-0.146026,-2.99644,357.21,-0.150765,-2.99674,357.165,0.471322,0.15708,-0.146058,-2.99697,357.255
29.7,-0.141319,-2.99667,357.3,-0.146058,-2.99697,357.255,0.471322,0.15708,-0.14135,-2.9972,357.345
29.71,-0.136612,-2.99689,357.39,-0.14135,-2.9972,357.345,0.471322,0.15708,-0.136642,-2.99741,357.435
29.72,-0.131904,-2.9971,357.48,-0.136642,-2.99741,357.435,0.471322,0.15708,-0.131933,-2.99762,357.525
29.73,-0.127196,-2.9973,357.57,-0.131933,-2.99762,357.525,0.471322,0.15708,-0.127224,-2.99783,357.615
29.74,-0.122488,-2.9975,357.66,-0.127224,-2.99783,357.615,0.471322,0.15708,-0.122515,-2.99802,357.705
29.75,-0.117779,-2.99769,357.75,-0.122515,-2.99802,357.705,0.471322,0.15708,-0.117806,-2.99821,357.795
29.76,-0.113071,-2.99787,357.84,-0.117806,-2.99821,357.795,0.471322,0.15708,-0.113096,-2.99839,357.885
29.77,-0.108361,-2.99804,357.93,-0.113096,-2.99839,357.885,0.471322,0.15708,-0.108386,-2.99857,357.975
29.78,-0.103652,-2.99821,358.02,-0.108386,-2.99857,357.975,0.471322,0.15708,-0.103676,-2.99874,358.065
29.79,-0.0989422,-2.99837,358.11,-0.103676,-2.99874,358.065,0.471322,0.15708,-0.0989653,-2.99889,358.155
29.8,-0.0942323,-2.99852,358.2,-0.0989653,-2.99889,358.155,0.471322,0.15708,-0.0942545,-2.99905,358.245
29.81,-0.0895221,-2.99866,358.29,-0.0942545,-2.99905,358.245,0.471322,0.15708,-0.0895435,-2.99919,358.335
29.82,-0.0848117,-2.9988,358.38,-0.0895435,-2.99919,358.335,0.471322,0.15708,-0.0848323,-2.99933,358.425
29.83,-0.0801011,-2.99893,358.47,-0.0848323,-2.99933,358.425,0.471322,0.15708,-0.0801208,-2.99946,358.515
29.84,-0.0753903,-2.99905,358.56,-0.0801208,-2.99946,358.515,0.471322,0.15708,-0.0754092,-2.99958,358.605
29.85,-0.0706793,-2.99917,358.65,-0.0754092,-2.99958,358.605,0.471322,0.15708,-0.0706974,-2.99969,358.695
29.86,-0.0659681,-2.99927,358.74,-0.0706974,-2.99969,358.695,0.471322,0.15708,-0.0659854,-2.9998,358.785
29.87,-0.0612568,-2.99937,358.83,-0.0659854,-2.9998,358.785,0.471322,0.15708,-0.0612732,-2.9999,358.875
29.88,-0.0565453,-2.99947,358.92,-0.0612732,-2.9999,358.875,0.471322,0.15708,-0.0565609,-2.99999,358.965
29.89,-0.0518337,-2.99955,359.01,-0.0565609,-2.99999,358.965,0.471322,0.15708,-0.0518485,-3.00008,359.055
29.9,-0.047122,-2.99963,359.1,-0.0518485,-3.00008,359.055,0.471322,0.15708,-0.0471359,-3.00016,359.145
29.91,-0.0424101,-2.9997,359.19,-0.0471359,-3.00016,359.145,0.471322,0.15708,-0.0424232,-3.00023,359.235
29.92,-0.0376981,-2.99976,359.28,-0.0424232,-3.00023,359.235,0.471322,0.15708,-0.0377104,-3.00029,359.325
29.93,-0.0329861,-2.99982,359.37,-0.0377104,-3.00029,359.325,0.471322,0.15708,-0.0329975,-3.00035,359.415
29.94,-0.0282739,-2.99987,359.46,-0.0329975,-3.00035,359.415,0.471322,0.15708,-0.0282846,-3.00039,359.505
29.95,-0.0235617,-2.99991,359.55,-0.0282846,-3.00039,359.505,0.471322,0.15708,-0.0235715,-3.00043,359.595
29.96,-0.0188494,-2.99994,359.64,-0.0235715,-3.00043,359.595,0.471322,0.15708,-0.0188584,-3.00047,359.685
29.97,-0.0141371,-2.99997,359.73,-0.0188584,-3.00047,359.685,0.471322,0.15708,-0.0141453,-3.00049,359.775
29.98,-0.00942476,-2.99999,359.82,-0.0141453,-3.00049,359.775,0.471322,0.15708,-0.00943209,-3.00051,359.865
29.99,-0.00471239,-3,359.91,-0.00943209,-3.00051,359.865,0.471322,0.15708,-0.00471889,-3.00052,359.955
30,8.89404e-13,-3,360,-0.00471889,-3.00052,359.955,0.471322,0.15708,-5.67087e-06,-3.00053,360.045
30.01,0.00471239,-3,360.09,-5.67087e-06,-3.00053,360.045,0.471322,0.15708,0.00470754,-3.00052,360.135
30.02,0.00942476,-2.99999,360.18,0.00470754,-3.00052,360.135,0.471322,0.15708,0.00942075,-3.00051,360.225
30.03,0.0141371,-2.99997,360.27,0.00942075,-3.00051,360.225,0.471322,0.15708,0.0141339,-3.00049,360.315
30.04,0.0188494,-2.99994,360.36,0.0141339,-3.00049,360.315,0.471322,0.15708,0.0188471,-3.00047,360.405
30.05,0.0235617,-2.99991,360.45,0.0188471,-3.00047,360.405,0.471322,0.15708,0.0235602,-3.00043,360.495
30.06,0.0282739,-2.99987,360.54,0.0235602,-3.00043,360.495,0.471322,0.15708,0.0282732,-3.00039,360.585
30.07,0.0329861,-2.99982,360.63,0.0282732,-3.00039,360.585,0.471322,0.15708,0.0329862,-3.00035,360.675
30.08,0.0376981,-2.99976,360.72,0.0329862,-3.00035,360.675,0.471322,0.15708,0.0376991,-3.00029,360.765
30.09,0.0424101,-2.9997,360.81,0.0376991,-3.00029,360.765,0.471322,0.15708,0.0424119,-3.00023,360.855
30.1,0.047122,-2.99963,360.9,0.0424119,-3.00023,360.855,0.471322,0.15708,0.0471246,-3.00016,360.945
30.11,0.0518337,-2.99955,360.99,0.0471246,-3.00016,360.945,0.471322,0.15708,0.0518371,-3.00008,361.035
30.12,0.0565453,-2.99947,361.08,0.0518371,-3.00008,361.035,0.471322,0.15708,0.0565496,-2.99999,361.125
30.13,0.0612568,-2.99937,361.17,0.0565496,-2.99999,361.125,0.471322,0.15708,0.0612619,-2.9999,361.215
30.14,0.0659681,-2.99927,361.26,0.0612619,-2.9999,361.215,0.471322,0.15708,0.065974,-2.9998,361.305
30.15,0.0706793,-2.99917,361.35,0.065974,-2.9998,361.305,0.471322,0.15708,0.070686,-2.99969,361.395
30.16,0.0753903,-2.99905,361.44,0.070686,-2.99969,361.395,0.471322,0.15708,0.0753979,-2.99958,361.485
30.17,0.0801011,-2.99893,361.53,0.0753979,-2.99958,361.485,0.471322,0.15708,0.0801095,-2.99946,361.575
30.18,0.0848117,-2.9988,361.62,0.0801095,-2.99946,361.575,0.471322,0.15708,0.0848209,-2.99933,361.665
30.19,0.0895221,-2.99866,361.71,0.0848209,-2.99933,361.665,0.471322,0.15708,0.0895322,-2.99919,361.755
30.2,0.0942323,-2.99852,361.8,0.0895322,-2.99919,361.755,0.471322,0.15708,0.0942432,-2.99905,361.845
30.21,0.0989422,-2.99837,361.89,0.0942432,-2.99905,361.845,0.471322,0.15708,0.0989539,-2.99889,361.935
30.22,0.103652,-2.99821,361.98,0.0989539,-2.99889,361.935,0.471322,0.15708,0.103664,-2.99874,362.025
30.23,0.108361,-2.99804,362.07,0.103664,-2.99874,362.025,0.471322,0.15708,0.108375,-2.99857,362.115
30.24,0.113071,-2.99787,362.16,0.108375,-2.99857,362.115,0.471322,0.15708,0.113085,-2.9984,362.205
30.25,0.117779,-2.99769,362.25,0.113085,-2.9984,362.205,0.471322,0.15708,0.117794,-2.99821,362.295
30.26,0.122488,-2.9975,362.34,0.117794,-2.99821,362.295,0.471322,0.15708,0.122504,-2.99803,362.385
30.27,0.127196,-2.9973,362.43,0.122504,-2.99803,362.385,0.471322,0.15708,0.127213,-2.99783,362.475
30.28,0.131904,-2.9971,362.52,0.127213,-2.99783,362.475,0.471322,0.15708,0.131922,-2.99763,362.565
30.29,0.136612,-2.99689,362.61,0.131922,-2.99763,362.565,0.471322,0.15708,0.13663,-2.99741,362.655
30.3,0.141319,-2.99667,362.7,0.13663,-2.99741,362.655,0.471322,0.15708,0.141339,-2.9972,362.745
30.31,0.146026,-2.99644,362.79,0.141339,-2.9972,362.745,0.471322,0.15708,0.146046,-2.99697,362.835
30.32,0.150733,-2.99621,362.88,0.146046,-2.99697,362.835,0.471322,0.15708,0.150754,-2.99674,362.925
30.33,0.155439,-2.99597,362.97,0.150754,-2.99674,362.925,0.471322,0.15708,0.155461,-2.9965,363.015
30.34,0.160145,-2.99572,363.06,0.155461,-2.9965,363.015,0.471322,0.15708,0.160168,-2.99625,363.105
30.35,0.164851,-2.99547,363.15,0.160168,-2.99625,363.105,0.471322,0.15708,0.164874,-2.99599,363.195
30.36,0.169556,-2.9952,363.24,0.164874,-2.99599,363.195,0.471322,0.15708,0.16958,-2.99573,363.285
30.37,0.17426,-2.99493,363.33,0.16958,-2.99573,363.285,0.471322,0.15708,0.174285,-2.99546,363.375
30.38,0.178964,-2.99466,363.42,0.174285,-2.99546,363.375,0.471322,0.15708,0.17899,-2.99518,363.465
30.39,0.183668,-2.99437,363.51,0.17899,-2.99518,363.465,0.471322,0.15708,0.183695,-2.9949,363.555
30.4,0.188372,-2.99408,363.6,0.183695,-2.9949,363.555,0.471322,0.15708,0.188399,-2.99461,363.645
30.41,0.193074,-2.99378,363.69,0.188399,-2.99461,363.645,0.471322,0.15708,0.193103,-2.99431,363.735
30.42,0.197777,-2.99347,363.78,0.193103,-2.99431,363.735,0.471322,0.15708,0.197806,-2.994,363.825
30.43,0.202479,-2.99316,363.87,0.197806,-2.994,363.825,0.471322,0.15708,0.202509,-2.99369,363.915
30.44,0.20718,-2.99284,363.96,0.202509,-2.99369,363.915,0.471322,0.15708,0.207211,-2.99336,364.005
30.45,0.211881,-2.99251,364.05,0.207211,-2.99336,364.005,0.471322,0.15708,0.211913,-2.99303,364.095
30.46,0.216581,-2.99217,364.14,0.211913,-2.99303,364.095,0.471322,0.15708,0.216614,-2.9927,364.185
30.47,0.221281,-2.99183,364.23,0.216614,-2.9927,364.185,0.471322,0.15708,0.221314,-2.99235,364.275
30.48,0.22598,-2.99148,364.32,0.221314,-2.99235,364.275,0.471322,0.15708,0.226014,-2.992,364.365
30.49,0.230679,-2.99112,364.41,0.226014,-2.992,364.365,0.471322,0.15708,0.230714,-2.99164,364.455
30.5,0.235377,-2.99075,364.5,0.230714,-2.99164,364.455,0.471322,0.15708,0.235413,-2.99128,364.545
30.51,0.240075,-2.99038,364.59,0.235413,-2.99128,364.545,0.471322,0.15708,0.240111,-2.9909,364.635
30.52,0.244772,-2.99,364.68,0.240111,-2.9909,364.635,0.471322,0.15708,0.244809,-2.99052,364.725
30.53,0.249468,-2.98961,364.77,0.244809,-2.99052,364.725,0.471322,0.15708,0.249506,-2.99014,364.815
30.54,0.254164,-2.98921,364.86,0.249506,-2.99014,364.815,0.471322,0.15708,0.254203,-2.98974,364.905
30.55,0.258859,-2.98881,364.95,0.254203,-2.98974,364.905,0.471322,0.15708,0.258899,-2.98934,364.995
30.56,0.263554,-2.9884,365.04,0.258899,-2.98934,364.995,0.471322,0.15708,0.263594,-2.98893,365.085
30.57,0.268247,-2.98798,365.13,0.263594,-2.98893,365.085,0.471322,0.15708,0.268289,-2.98851,365.175
30.58,0.272941,-2.98756,365.22,0.268289,-2.98851,365.175,0.471322,0.15708,0.272983,-2.98808,365.265
30.59,0.277633,-2.98713,365.31,0.272983,-2.98808,365.265,0.471322,0.15708,0.277676,-2.98765,365.355
30.6,0.282325,-2.98669,365.4,0.277676,-2.98765,365.355,0.471322,0.15708,0.282369,-2.98721,365.445
30.61,0.287016,-2.98624,365.49,0.282369,-2.98721,365.445,0.471322,0.15708,0.287061,-2.98676,365.535
30.62,0.291706,-2.98578,365.58,0.287061,-2.98676,365.535,0.471322,0.15708,0.291752,-2.98631,365.625
30.63,0.296396,-2.98532,365.67,0.291752,-2.98631,365.625,0.471322,0.15708,0.296443,-2.98585,365.715
30.64,0.301085,-2.98485,365.76,0.296443,-2.98585,365.715,0.471322,0.15708,0.301132,-2.98538,365.805
30.65,0.305773,-2.98438,365.85,0.301132,-2.98538,365.805,0.471322,0.15708,0.305821,-2.9849,365.895
30.66,0.310461,-2.98389,365.94,0.305821,-2.9849,365.895,0.471322,0.15708,0.31051,-2.98442,365.985
30.67,0.315148,-2.9834,366.03,0.31051,-2.98442,365.985,0.471322,0.15708,0.315197,-2.98393,366.075
30.68,0.319833,-2.9829,366.12,0.315197,-2.98393,366.075,0.471322,0.15708,0.319884,-2.98343,366.165
30.69,0.324519,-2.9824,366.21,0.319884,-2.98343,366.165,0.471322,0.15708,0.32457,-2.98292,366.255
30.7,0.329203,-2.98188,366.3,0.32457,-2.98292,366.255,0.471322,0.15708,0.329255,-2.98241,366.345
30.71,0.333886,-2.98136,366.39,0.329255,-2.98241,366.345,0.471322,0.15708,0.333939,-2.98189,366.435
30.72,0.338569,-2.98083,366.48,0.333939,-2.98189,366.435,0.471322,0.15708,0.338623,-2.98136,366.525
30.73,0.343251,-2.9803,366.57,0.338623,-2.98136,366.525,0.471322,0.15708,0.343306,-2.98082,366.615
30.74,0.347932,-2.97976,366.66,0.343306,-2.98082,366.615,0.471322,0.15708,0.347988,-2.98028,366.705
30.75,0.352612,-2.97921,366.75,0.347988,-2.98028,366.705,0.471322,0.15708,0.352668,-2.97973,366.795
30.76,0.357291,-2.97865,366.84,0.352668,-2.97973,366.795,0.471322,0.15708,0.357349,-2.97917,366.885
30.77,0.36197,-2.97808,366.93,0.357349,-2.97917,366.885,0.471322,0.15708,0.362028,-2.97861,366.975
30.78,0.366647,-2.97751,367.02,0.362028,-2.97861,366.975,0.471322,0.15708,0.366706,-2.97803,367.065
30.79,0.371324,-2.97693,367.11,0.366706,-2.97803,367.065,0.471322,0.15708,0.371384,-2.97745,367.155
30.8,0.376,-2.97634,367.2,0.371384,-2.97745,367.155,0.471322,0.15708,0.37606,-2.97687,367.245
30.81,0.380674,-2.97575,367.29,0.37606,-2.97687,367.245,0.471322,0.15708,0.380736,-2.97627,367.335
30.82,0.385348,-2.97515,367.38,0.380736,-2.97627,367.335,0.471322,0.15708,0.38541,-2.97567,367.425
30.83,0.390021,-2.97454,367.47,0.38541,-2.97567,367.425,0.471322,0.15708,0.390084,-2.97506,367.515
30.84,0.394693,-2.97392,367.56,0.390084,-2.97506,367.515,0.471322,0.15708,0.394757,-2.97445,367.605
30.85,0.399364,-2.9733,367.65,0.394757,-2.97445,367.605,0.471322,0.15708,0.399429,-2.97382,367.695
30.86,0.404034,-2.97267,367.74,0.399429,-2.97382,367.695,0.471322,0.15708,0.404099,-2.97319,367.785
30.87,0.408703,-2.97203,367.83,0.404099,-2.97319,367.785,0.471322,0.15708,0.408769,-2.97255,367.875
30.88,0.413371,-2.97138,367.92,0.408769,-2.97255,367.875,0.471322,0.15708,0.413438,-2.97191,367.965
30.89,0.418038,-2.97073,368.01,0.413438,-2.97191,367.965,0.471322,0.15708,0.418106,-2.97125,368.055
30.9,0.422704,-2.97007,368.1,0.418106,-2.97125,368.055,0.471322,0.15708,0.422772,-2.97059,368.145
30.91,0.427369,-2.9694,368.19,0.422772,-2.97059,368.145,0.471322,0.15708,0.427438,-2.96993,368.235
30.92,0.432032,-2.96873,368.28,0.427438,-2.96993,368.235,0.471322,0.15708,0.432103,-2.96925,368.325
30.93,0.436695,-2.96805,368.37,0.432103,-2.96925,368.325,0.471322,0.15708,0.436766,-2.96857,368.415
30.94,0.441357,-2.96736,368.46,0.436766,-2.96857,368.415,0.471322,0.15708,0.441429,-2.96788,368.505
30.95,0.446017,-2.96666,368.55,0.441429,-2.96788,368.505,0.471322,0.15708,0.44609,-2.96718,368.595
30.96,0.450677,-2.96596,368.64,0.44609,-2.96718,368.595,0.471322,0.15708,0.45075,-2.96648,368.685
30.97,0.455335,-2.96524,368.73,0.45075,-2.96648,368.685,0.471322,0.15708,0.455409,-2.96577,368.775
30.98,0.459992,-2.96452,368.82,0.455409,-2.96577,368.775,0.471322,0.15708,0.460068,-2.96505,368.865
30.99,0.464648,-2.9638,368.91,0.460068,-2.96505,368.865,0.471322,0.15708,0.464724,-2.96432,368.955
31,0.469303,-2.96307,369,0.464724,-2.96432,368.955,0.471322,0.15708,0.46938,-2.96359,369.045
31.01,0.473957,-2.96232,369.09,0.46938,-2.96359,369.045,0.471322,0.15708,0.474035,-2.96285,369.135
31.02,0.47861,-2.96158,369.18,0.474035,-2.96285,369.135,0.471322,0.15708,0.478688,-2.9621,369.225
31.03,0.483261,-2.96082,369.27,0.478688,-2.9621,369.225,0.471322,0.15708,0.483341,-2.96134,369.315
31.04,0.487911,-2.96006,369.36,0.483341,-2.96134,369.315,0.471322,0.15708,0.487992,-2.96058,369.405
31.05,0.492561,-2.95929,369.45,0.487992,-2.96058,369.405,0.471322,0.15708,0.492641,-2.95981,369.495
31.06,0.497208,-2.95851,369.54,0.492641,-2.95981,369.495,0.471322,0.15708,0.49729,-2.95903,369.585
31.07,0.501855,-2.95773,369.63,0.49729,-2.95903,369.585,0.471322,0.15708,0.501938,-2.95825,369.675
31.08,0.5065,-2.95693,369.72,0.501938,-2.95825,369.675,0.471322,0.15708,0.506584,-2.95745,369.765
31.09,0.511144,-2.95613,369.81,0.506584,-2.95745,369.765,0.471322,0.15708,0.511229,-2.95665,369.855
31.1,0.515787,-2.95533,369.9,0.511229,-2.95665,369.855,0.471322,0.15708,0.515872,-2.95585,369.945
31.11,0.520429,-2.95451,369.99,0.515872,-2.95585,369.945,0.471322,0.15708,0.520515,-2.95503,370.035
31.12,0.525069,-2.95369,370.08,0.520515,-2.95503,370.035,0.471322,0.15708,0.525156,-2.95421,370.125
31.13,0.529708,-2.95286,370.17,0.525156,-2.95421,370.125,0.471322,0.15708,0.529796,-2.95338,370.215
31.14,0.534346,-2.95203,370.26,0.529796,-2.95338,370.215,0.471322,0.15708,0.534434,-2.95255,370.305
31.15,0.538982,-2.95119,370.35,0.534434,-2.95255,370.305,0.471322,0.15708,0.539071,-2.95171,370.395
31.16,0.543617,-2.95034,370.44,0.539071,-2.95171,370.395,0.471322,0.15708,0.543707,-2.95085,370.485
31.17,0.548251,-2.94948,370.53,0.543707,-2.95085,370.485,0.471322,0.15708,0.548342,-2.95,370.575
31.18,0.552883,-2.94861,370.62,0.548342,-2.95,370.575,0.471322,0.15708,0.552975,-2.94913,370.665
31.19,0.557514,-2.94774,370.71,0.552975,-2.94913,370.665,0.471322,0.15708,0.557607,-2.94826,370.755
31.2,0.562144,-2.94686,370.8,0.557607,-2.94826,370.755,0.471322,0.15708,0.562237,-2.94738,370.845
31.21,0.566772,-2.94598,370.89,0.562237,-2.94738,370.845,0.471322,0.15708,0.566866,-2.94649,370.935
31.22,0.571399,-2.94508,370.98,0.566866,-2.94649,370.935,0.471322,0.15708,0.571494,-2.9456,371.025
31.23,0.576024,-2.94418,371.07,0.571494,-2.9456,371.025,0.471322,0.15708,0.57612,-2.9447,371.115
31.24,0.580648,-2.94327,371.16,0.57612,-2.9447,371.115,0.471322,0.15708,0.580745,-2.94379,371.205
31.25,0.585271,-2.94236,371.25,0.580745,-2.94379,371.205,0.471322,0.15708,0.585368,-2.94287,371.295
31.26,0.589892,-2.94143,371.34,0.585368,-2.94287,371.295,0.471322,0.15708,0.58999,-2.94195,371.385
31.27,0.594512,-2.9405,371.43,0.58999,-2.94195,371.385,0.471322,0.15708,0.594611,-2.94102,371.475
31.28,0.59913,-2.93957,371.52,0.594611,-2.94102,371.475,0.471322,0.15708,0.59923,-2.94008,371.565
31.29,0.603747,-2.93862,371.61,0.59923,-2.94008,371.565,0.471322,0.15708,0.603847,-2.93914,371.655
31.3,0.608362,-2.93767,371.7,0.603847,-2.93914,371.655,0.471322,0.15708,0.608463,-2.93819,371.745
31.31,0.612976,-2.93671,371.79,0.608463,-2.93819,371.745,0.471322,0.15708,0.613078,-2.93723,371.835
31.32,0.617588,-2.93574,371.88,0.613078,-2.93723,371.835,0.471322,0.15708,0.617691,-2.93626,371.925
31.33,0.622199,-2.93477,371.97,0.617691,-2.93626,371.925,0.471322,0.15708,0.622302,-2.93529,372.015
31.34,0.626808,-2.93379,372.06,0.622302,-2.93529,372.015,0.471322,0.15708,0.626912,-2.9343,372.105
31.35,0.631415,-2.9328,372.15,0.626912,-2.9343,372.105,0.471322,0.15708,0.631521,-2.93332,372.195
31.36,0.636021,-2.9318,372.24,0.631521,-2.93332,372.195,0.471322,0.15708,0.636128,-2.93232,372.285
31.37,0.640626,-2.9308,372.33,0.636128,-2.93232,372.285,0.471322,0.15708,0.640733,-2.93132,372.375
31.38,0.645229,-2.92979,372.42,0.640733,-2.93132,372.375,0.471322,0.15708,0.645337,-2.93031,372.465
31.39,0.64983,-2.92877,372.51,0.645337,-2.93031,372.465,0.471322,0.15708,0.649939,-2.92929,372.555
31.4,0.65443,-2.92775,372.6,0.649939,-2.92929,372.555,0.471322,0.15708,0.654539,-2.92827,372.645
31.41,0.659028,-2.92672,372.69,0.654539,-2.92827,372.645,0.471322,0.15708,0.659138,-2.92723,372.735
31.42,0.663624,-2.92568,372.78,0.659138,-2.92723,372.735,0.471322,0.15708,0.663735,-2.9262,372.825
31.43,0.668219,-2.92463,372.87,0.663735,-2.9262,372.825,0.471322,0.15708,0.668331,-2.92515,372.915
31.44,0.672812,-2.92358,372.96,0.668331,-2.92515,372.915,0.471322,0.15708,0.672925,-2.9241,373.005
31.45,0.677404,-2.92252,373.05,0.672925,-2.9241,373.005,0.471322,0.15708,0.677517,-2.92303,373.095
31.46,0.681994,-2.92145,373.14,0.677517,-2.92303,373.095,0.471322,0.15708,0.682108,-2.92197,373.185
31.47,0.686582,-2.92038,373.23,0.682108,-2.92197,373.185,0.471322,0.15708,0.686697,-2.92089,373.275
31.48,0.691168,-2.9193,373.32,0.686697,-2.92089,373.275,0.471322,0.15708,0.691284,-2.91981,373.365
31.49,0.695753,-2.91821,373.41,0.691284,-2.91981,373.365,0.471322,0.15708,0.69587,-2.91872,373.455
31.5,0.700336,-2.91711,373.5,0.69587,-2.91872,373.455,0.471322,0.15708,0.700454,-2.91762,373.545
31.51,0.704917,-2.91601,373.59,0.700454,-2.91762,373.545,0.471322,0.15708,0.705036,-2.91652,373.635
31.52,0.709497,-2.9149,373.68,0.705036,-2.91652,373.635,0.471322,0.15708,0.709616,-2.91541,373.725
31.53,0.714075,-2.91378,373.77,0.709616,-2.91541,373.725,0.471322,0.15708,0.714195,-2.91429,373.815
31.54,0.718651,-2.91265,373.86,0.714195,-2.91429,373.815,0.471322,0.15708,0.718772,-2.91316,373.905
31.55,0.723225,-2.91152,373.95,0.718772,-2.91316,373.905,0.471322,0.15708,0.723347,-2.91203,373.995
31.56,0.727798,-2.91038,374.04,0.723347,-2.91203,373.995,0.471322,0.15708,0.72792,-2.91089,374.085
31.57,0.732368,-2.90923,374.13,0.72792,-2.91089,374.085,0.471322,0.15708,0.732492,-2.90975,374.175
31.58,0.736937,-2.90808,374.22,0.732492,-2.90975,374.175,0.471322,0.15708,0.737061,-2.90859,374.265
31.59,0.741504,-2.90692,374.31,0.737061,-2.90859,374.265,0.471322,0.15708,0.741629,-2.90743,374.355
31.6,0.74607,-2.90575,374.4,0.741629,-2.90743,374.355,0.471322,0.15708,0.746195,-2.90626,374.445
31.61,0.750633,-2.90457,374.49,0.746195,-2.90626,374.445,0.471322,0.15708,0.750759,-2.90509,374.535
31.62,0.755195,-2.90339,374.58,0.750759,-2.90509,374.535,0.471322,0.15708,0.755322,-2.9039,374.625
31.63,0.759754,-2.9022,374.67,0.755322,-2.9039,374.625,0.471322,0.15708,0.759882,-2.90271,374.715
31.64,0.764312,-2.901,374.76,0.759882,-2.90271,374.715,0.471322,0.15708,0.764441,-2.90152,374.805
31.65,0.768868,-2.8998,374.85,0.764441,-2.90152,374.805,0.471322,0.15708,0.768998,-2.90031,374.895
31.66,0.773422,-2.89859,374.94,0.768998,-2.90031,374.895,0.471322,0.15708,0.773553,-2.8991,374.985
31.67,0.777974,-2.89737,375.03,0.773553,-2.8991,374.985,0.471322,0.15708,0.778105,-2.89788,375.075
31.68,0.782525,-2.89614,375.12,0.778105,-2.89788,375.075,0.471322,0.15708,0.782656,-2.89666,375.165
31.69,0.787073,-2.89491,375.21,0.782656,-2.89666,375.165,0.471322,0.15708,0.787206,-2.89542,375.255
31.7,0.791619,-2.89367,375.3,0.787206,-2.89542,375.255,0.471322,0.15708,0.791753,-2.89418,375.345
31.71,0.796164,-2.89243,375.39,0.791753,-2.89418,375.345,0.471322,0.15708,0.796298,-2.89293,375.435
31.72,0.800706,-2.89117,375.48,0.796298,-2.89293,375.435,0.471322,0.15708,0.800841,-2.89168,375.525
31.73,0.805246,-2.88991,375.57,0.800841,-2.89168,375.525,0.471322,0.15708,0.805382,-2.89042,375.615
31.74,0.809785,-2.88864,375.66,0.805382,-2.89042,375.615,0.471322,0.15708,0.809922,-2.88915,375.705
31.75,0.814321,-2.88737,375.75,0.809922,-2.88915,375.705,0.471322,0.15708,0.814459,-2.88787,375.795
31.76,0.818856,-2.88608,375.84,0.814459,-2.88787,375.795,0.471322,0.15708,0.818994,-2.88659,375.885
31.77,0.823388,-2.88479,375.93,0.818994,-2.88659,375.885,0.471322,0.15708,0.823527,-2.8853,375.975
31.78,0.827919,-2.8835,376.02,0.823527,-2.8853,375.975,0.471322,0.15708,0.828059,-2.884,376.065
31.79,0.832447,-2.88219,376.11,0.828059,-2.884,376.065,0.471322,0.15708,0.832588,-2.8827,376.155
31.8,0.836973,-2.88088,376.2,0.832588,-2.8827,376.155,0.471322,0.15708,0.837115,-2.88139,376.245
31.81,0.841498,-2.87956,376.29,0.837115,-2.88139,376.245,0.471322,0.15708,0.84164,-2.88007,376.335
31.82,0.84602,-2.87824,376.38,0.84164,-2.88007,376.335,0.471322,0.15708,0.846163,-2.87874,376.425
31.83,0.85054,-2.8769,376.47,0.846163,-2.87874,376.425,0.471322,0.15708,0.850684,-2.87741,376.515
31.84,0.855058,-2.87557,376.56,0.850684,-2.87741,376.515,0.471322,0.15708,0.855203,-2.87607,376.605
31.85,0.859574,-2.87422,376.65,0.855203,-2.87607,376.605,0.471322,0.15708,0.859719,-2.87473,376.695
31.86,0.864087,-2.87286,376.74,0.859719,-2.87473,376.695,0.471322,0.15708,0.864234,-2.87337,376.785
31.87,0.868599,-2.8715,376.83,0.864234,-2.87337,376.785,0.471322,0.15708,0.868746,-2.87201,376.875
31.88,0.873109,-2.87014,376.92,0.868746,-2.87201,376.875,0.471322,0.15708,0.873256,-2.87064,376.965
31.89,0.877616,-2.86876,377.01,0.873256,-2.87064,376.965,0.471322,0.15708,0.877765,-2.86927,377.055
31.9,0.882121,-2.86738,377.1,0.877765,-2.86927,377.055,0.471322,0.15708,0.88227,-2.86788,377.145
31.91,0.886624,-2.86599,377.19,0.88227,-2.86788,377.145,0.471322,0.15708,0.886774,-2.86649,377.235
31.92,0.891125,-2.86459,377.28,0.886774,-2.86649,377.235,0.471322,0.15708,0.891276,-2.8651,377.325
31.93,0.895623,-2.86319,377.37,0.891276,-2.8651,377.325,0.471322,0.15708,0.895775,-2.86369,377.415
31.94,0.90012,-2.86178,377.46,0.895775,-2.86369,377.415,0.471322,0.15708,0.900272,-2.86228,377.505
31.95,0.904614,-2.86036,377.55,0.900272,-2.86228,377.505,0.471322,0.15708,0.904767,-2.86087,377.595
31.96,0.909106,-2.85894,377.64,0.904767,-2.86087,377.595,0.471322,0.15708,0.90926,-2.85944,377.685
31.97,0.913595,-2.85751,377.73,0.90926,-2.85944,377.685,0.471322,0.15708,0.913751,-2.85801,377.775
31.98,0.918083,-2.85607,377.82,0.913751,-2.85801,377.775,0.471322,0.15708,0.918239,-2.85657,377.865
31.99,0.922568,-2.85462,377.91,0.918239,-2.85657,377.865,0.471322,0.15708,0.922725,-2.85513,377.955
32,0.927051,-2.85317,378,0.922725,-2.85513,377.955,0.471322,0.15708,0.927208,-2.85367,378.045
32.01,0.931532,-2.85171,378.09,0.927208,-2.85367,378.045,0.471322,0.15708,0.93169,-2.85221,378.135
32.02,0.93601,-2.85024,378.18,0.93169,-2.85221,378.135,0.471322,0.15708,0.936169,-2.85075,378.225
32.03,0.940486,-2.84877,378.27,0.936169,-2.85075,378.225,0.471322,0.15708,0.940646,-2.84927,378.315
32.04,0.94496,-2.84729,378.36,0.940646,-2.84927,378.315,0.471322,0.15708,0.94512,-2.84779,378.405
32.05,0.949431,-2.8458,378.45,0.94512,-2.84779,378.405,0.471322,0.15708,0.949592,-2.8463,378.495
32.06,0.9539,-2.84431,378.54,0.949592,-2.8463,378.495,0.471322,0.15708,0.954062,-2.84481,378.585
32.07,0.958367,-2.8428,378.63,0.954062,-2.84481,378.585,0.471322,0.15708,0.95853,-2.8433,378.675
32.08,0.962831,-2.84129,378.72,0.95853,-2.8433,378.675,0.471322,0.15708,0.962995,-2.8418,378.765
32.09,0.967293,-2.83978,378.81,0.962995,-2.8418,378.765,0.471322,0.15708,0.967457,-2.84028,378.855
32.1,0.971752,-2.83826,378.9,0.967457,-2.84028,378.855,0.471322,0.15708,0.971918,-2.83876,378.945
32.11,0.976209,-2.83673,378.99,0.971918,-2.83876,378.945,0.471322,0.15708,0.976375,-2.83723,379.035
32.12,0.980664,-2.83519,379.08,0.976375,-2.83723,379.035,0.471322,0.15708,0.980831,-2.83569,379.125
32.13,0.985116,-2.83365,379.17,0.980831,-2.83569,379.125,0.471322,0.15708,0.985284,-2.83414,379.215
32.14,0.989566,-2.83209,379.26,0.985284,-2.83414,379.215,0.471322,0.15708,0.989735,-2.83259,379.305
32.15,0.994014,-2.83054,379.35,0.989735,-2.83259,379.305,0.471322,0.15708,0.994183,-2.83104,379.395
32.16,0.998459,-2.82897,379.44,0.994183,-2.83104,379.395,0.471322,0.15708,0.998629,-2.82947,379.485
32.17,1.0029,-2.8274,379.53,0.998629,-2.82947,379.485,0.471322,0.15708,1.00307,-2.8279,379.575
32.18,1.00734,-2.82582,379.62,1.00307,-2.8279,379.575,0.471322,0.15708,1.00751,-2.82632,379.665
32.19,1.01178,-2.82424,379.71,1.00751,-2.82632,379.665,0.471322,0.15708,1.01195,-2.82473,379.755
32.2,1.01621,-2.82264,379.8,1.01195,-2.82473,379.755,0.471322,0.15708,1.01639,-2.82314,379.845
32.21,1.02065,-2.82104,379.89,1.01639,-2.82314,379.845,0.471322,0.15708,1.02082,-2.82154,379.935
32.22,1.02508,-2.81944,379.98,1.02082,-2.82154,379.935,0.471322,0.15708,1.02525,-2.81993,380.025
32.23,1.0295,-2.81782,380.07,1.02525,-2.81993,380.025,0.471322,0.15708,1.02968,-2.81832,380.115
32.24,1.03393,-2.8162,380.16,1.02968,-2.81832,380.115,0.471322,0.15708,1.03411,-2.8167,380.205
32.25,1.03835,-2.81457,380.25,1.03411,-2.8167,380.205,0.471322,0.15708,1.03853,-2.81507,380.295
32.26,1.04277,-2.81294,380.34,1.03853,-2.81507,380.295,0.471322,0.15708,1.04295,-2.81344,380.385
32.27,1.04719,-2.8113,380.43,1.04295,-2.81344,380.385,0.471322,0.15708,1.04737,-2.81179,380.475
32.28,1.0516,-2.80965,380.52,1.04737,-2.81179,380.475,0.471322,0.15708,1.05178,-2.81015,380.565
32.29,1.05602,-2.80799,380.61,1.05178,-2.81015,380.565,0.471322,0.15708,1.0562,-2.80849,380.655
32.3,1.06042,-2.80633,380.7,1.0562,-2.80849,380.655,0.471322,0.15708,1.06061,-2.80683,380.745
32.31,1.06483,-2.80466,380.79,1.06061,-2.80683,380.745,0.471322,0.15708,1.06501,-2.80516,380.835
32.32,1.06924,-2.80299,380.88,1.06501,-2.80516,380.835,0.471322,0.15708,1.06942,-2.80348,380.925
32.33,1.07364,-2.8013,380.97,1.06942,-2.80348,380.925,0.471322,0.15708,1.07382,-2.8018,381.015
32.34,1.07804,-2.79961,381.06,1.07382,-2.8018,381.015,0.471322,0.15708,1.07822,-2.80011,381.105
32.35,1.08243,-2.79792,381.15,1.07822,-2.80011,381.105,0.471322,0.15708,1.08262,-2.79841,381.195
32.36,1.08683,-2.79621,381.24,1.08262,-2.79841,381.195,0.471322,0.15708,1.08701,-2.79671,381.285
32.37,1.09122,-2.7945,381.33,1.08701,-2.79671,381.285,0.471322,0.15708,1.0914,-2.795,381.375
32.38,1.09561,-2.79279,381.42,1.0914,-2.795,381.375,0.471322,0.15708,1.09579,-2.79328,381.465
32.39,1.09999,-2.79106,381.51,1.09579,-2.79328,381.465,0.471322,0.15708,1.10018,-2.79155,381.555
32.4,1.10437,-2.78933,381.6,1.10018,-2.79155,381.555,0.471322,0.15708,1.10456,-2.78982,381.645
32.41,1.10875,-2.78759,381.69,1.10456,-2.78982,381.645,0.471322,0.15708,1.10894,-2.78808,381.735
32.42,1.11313,-2.78585,381.78,1.10894,-2.78808,381.735,0.471322,0.15708,1.11332,-2.78634,381.825
32.43,1.11751,-2.78409,381.87,1.11332,-2.78634,381.825,0.471322,0.15708,1.1177,-2.78459,381.915
32.44,1.12188,-2.78234,381.96,1.1177,-2.78459,381.915,0.471322,0.15708,1.12207,-2.78283,382.005
32.45,1.12625,-2.78057,382.05,1.12207,-2.78283,382.005,0.471322,0.15708,1.12644,-2.78106,382.095
32.46,1.13061,-2.7788,382.14,1.12644,-2.78106,382.095,0.471322,0.15708,1.13081,-2.77929,382.185
32.47,1.13498,-2.77702,382.23,1.13081,-2.77929,382.185,0.471322,0.15708,1.13517,-2.77751,382.275
32.48,1.13934,-2.77523,382.32,1.13517,-2.77751,382.275,0.471322,0.15708,1.13953,-2.77572,382.365
32.49,1.1437,-2.77344,382.41,1.13953,-2.77572,382.365,0.471322,0.15708,1.14389,-2.77393,382.455
32.5,1.14805,-2.77164,382.5,1.14389,-2.77393,382.455,0.471322,0.15708,1.14825,-2.77213,382.545
32.51,1.1524,-2.76983,382.59,1.14825,-2.77213,382.545,0.471322,0.15708,1.1526,-2.77032,382.635
32.52,1.15675,-2.76802,382.68,1.1526,-2.77032,382.635,0.471322,0.15708,1.15695,-2.76851,382.725
32.53,1.1611,-2.7662,382.77,1.15695,-2.76851,382.725,0.471322,0.15708,1.1613,-2.76669,382.815
32.54,1.16544,-2.76437,382.86,1.1613,-2.76669,382.815,0.471322,0.15708,1.16564,-2.76486,382.905
32.55,1.16978,-2.76254,382.95,1.16564,-2.76486,382.905,0.471322,0.15708,1.16998,-2.76302,382.995
32.56,1.17412,-2.7607,383.04,1.16998,-2.76302,382.995,0.471322,0.15708,1.17432,-2.76118,383.085
32.57,1.17846,-2.75885,383.13,1.17432,-2.76118,383.085,0.471322,0.15708,1.17866,-2.75933,383.175
32.58,1.18279,-2.75699,383.22,1.17866,-2.75933,383.175,0.471322,0.15708,1.18299,-2.75748,383.265
32.59,1.18712,-2.75513,383.31,1.18299,-2.75748,383.265,0.471322,0.15708,1.18732,-2.75562,383.355
32.6,1.19144,-2.75326,383.4,1.18732,-2.75562,383.355,0.471322,0.15708,1.19165,-2.75375,383.445
32.61,1.19577,-2.75139,383.49,1.19165,-2.75375,383.445,0.471322,0.15708,1.19597,-2.75187,383.535
32.62,1.20009,-2.74951,383.58,1.19597,-2.75187,383.535,0.471322,0.15708,1.20029,-2.74999,383.625
32.63,1.2044,-2.74762,383.67,1.20029,-2.74999,383.625,0.471322,0.15708,1.20461,-2.7481,383.715
32.64,1.20872,-2.74572,383.76,1.20461,-2.7481,383.715,0.471322,0.15708,1.20893,-2.74621,383.805
32.65,1.21303,-2.74382,383.85,1.20893,-2.74621,383.805,0.471322,0.15708,1.21324,-2.74431,383.895
32.66,1.21734,-2.74191,383.94,1.21324,-2.74431,383.895,0.471322,0.15708,1.21755,-2.7424,383.985
32.67,1.22164,-2.74,384.03,1.21755,-2.7424,383.985,0.471322,0.15708,1.22185,-2.74048,384.075
32.68,1.22595,-2.73807,384.12,1.22185,-2.74048,384.075,0.471322,0.15708,1.22616,-2.73856,384.165
32.69,1.23025,-2.73615,384.21,1.22616,-2.73856,384.165,0.471322,0.15708,1.23046,-2.73663,384.255
32.7,1.23454,-2.73421,384.3,1.23046,-2.73663,384.255,0.471322,0.15708,1.23475,-2.73469,384.345
32.71,1.23884,-2.73227,384.39,1.23475,-2.73469,384.345,0.471322,0.15708,1.23905,-2.73275,384.435
32.72,1.24313,-2.73032,384.48,1.23905,-2.73275,384.435,0.471322,0.15708,1.24334,-2.7308,384.525
32.73,1.24741,-2.72836,384.57,1.24334,-2.7308,384.525,0.471322,0.15708,1.24763,-2.72884,384.615
32.74,1.2517,-2.7264,384.66,1.24763,-2.72884,384.615,0.471322,0.15708,1.25191,-2.72688,384.705
32.75,1.25598,-2.72443,384.75,1.25191,-2.72688,384.705,0.471322,0.15708,1.25619,-2.72491,384.795
32.76,1.26026,-2.72245,384.84,1.25619,-2.72491,384.795,0.471322,0.15708,1.26047,-2.72293,384.885
32.77,1.26453,-2.72047,384.93,1.26047,-2.72293,384.885,0.471322,0.15708,1.26475,-2.72095,384.975
32.78,1.2688,-2.71848,385.02,1.26475,-2.72095,384.975,0.471322,0.15708,1.26902,-2.71896,385.065
32.79,1.27307,-2.71648,385.11,1.26902,-2.71896,385.065,0.471322,0.15708,1.27329,-2.71696,385.155
32.8,1.27734,-2.71448,385.2,1.27329,-2.71696,385.155,0.471322,0.15708,1.27756,-2.71496,385.245
32.81,1.2816,-2.71247,385.29,1.27756,-2.71496,385.245,0.471322,0.15708,1.28182,-2.71295,385.335
32.82,1.28586,-2.71045,385.38,1.28182,-2.71295,385.335,0.471322,0.15708,1.28608,-2.71093,385.425
32.83,1.29012,-2.70843,385.47,1.28608,-2.71093,385.425,0.471322,0.15708,1.29034,-2.70891,385.515
32.84,1.29437,-2.7064,385.56,1.29034,-2.70891,385.515,0.471322,0.15708,1.29459,-2.70688,385.605
32.85,1.29862,-2.70437,385.65,1.29459,-2.70688,385.605,0.471322,0.15708,1.29884,-2.70484,385.695
32.86,1.30286,-2.70232,385.74,1.29884,-2.70484,385.695,0.471322,0.15708,1.30309,-2.7028,385.785
32.87,1.30711,-2.70027,385.83,1.30309,-2.7028,385.785,0.471322,0.15708,1.30733,-2.70075,385.875
32.88,1.31135,-2.69822,385.92,1.30733,-2.70075,385.875,0.471322,0.15708,1.31157,-2.69869,385.965
32.89,1.31558,-2.69615,386.01,1.31157,-2.69869,385.965,0.471322,0.15708,1.31581,-2.69663,386.055
32.9,1.31982,-2.69408,386.1,1.31581,-2.69663,386.055,0.471322,0.15708,1.32004,-2.69456,386.145
32.91,1.32405,-2.69201,386.19,1.32004,-2.69456,386.145,0.471322,0.15708,1.32428,-2.69248,386.235
32.92,1.32827,-2.68992,386.28,1.32428,-2.69248,386.235,0.471322,0.15708,1.3285,-2.6904,386.325
32.93,1.3325,-2.68783,386.37,1.3285,-2.6904,386.325,0.471322,0.15708,1.33273,-2.68831,386.415
32.94,1.33672,-2.68574,386.46,1.33273,-2.68831,386.415,0.471322,0.15708,1.33695,-2.68621,386.505
32.95,1.34094,-2.68363,386.55,1.33695,-2.68621,386.505,0.471322,0.15708,1.34117,-2.68411,386.595
32.96,1.34515,-2.68152,386.64,1.34117,-2.68411,386.595,0.471322,0.15708,1.34538,-2.682,386.685
32.97,1.34936,-2.67941,386.73,1.34538,-2.682,386.685,0.471322,0.15708,1.34959,-2.67988,386.775
32.98,1.35357,-2.67729,386.82,1.34959,-2.67988,386.775,0.471322,0.15708,1.3538,-2.67776,386.865
32.99,1.35777,-2.67516,386.91,1.3538,-2.67776,386.865,0.471322,0.15708,1.358,-2.67563,386.955
33,1.36197,-2.67302,387,1.358,-2.67563,386.955,0.471322,0.15708,1.36221,-2.67349,387.045
33.01,1.36617,-2.67088,387.09,1.36221,-2.67349,387.045,0.471322,0.15708,1.3664,-2.67135,387.135
33.02,1.37036,-2.66873,387.18,1.3664,-2.67135,387.135,0.471322,0.15708,1.3706,-2.6692,387.225
33.03,1.37455,-2.66657,387.27,1.3706,-2.6692,387.225,0.471322,0.15708,1.37479,-2.66704,387.315
33.04,1.37874,-2.66441,387.36,1.37479,-2.66704,387.315,0.471322,0.15708,1.37898,-2.66488,387.405
33.05,1.38292,-2.66224,387.45,1.37898,-2.66488,387.405,0.471322,0.15708,1.38316,-2.66271,387.495
33.06,1.3871,-2.66006,387.54,1.38316,-2.66271,387.495,0.471322,0.15708,1.38734,-2.66053,387.585
33.07,1.39128,-2.65788,387.63,1.38734,-2.66053,387.585,0.471322,0.15708,1.39152,-2.65835,387.675
33.08,1.39545,-2.65569,387.72,1.39152,-2.65835,387.675,0.471322,0.15708,1.39569,-2.65616,387.765
33.09,1.39962,-2.6535,387.81,1.39569,-2.65616,387.765,0.471322,0.15708,1.39986,-2.65397,387.855
33.1,1.40379,-2.6513,387.9,1.39986,-2.65397,387.855,0.471322,0.15708,1.40403,-2.65177,387.945
33.11,1.40795,-2.64909,387.99,1.40403,-2.65177,387.945,0.471322,0.15708,1.40819,-2.64956,388.035
33.12,1.41211,-2.64687,388.08,1.40819,-2.64956,388.035,0.471322,0.15708,1.41235,-2.64734,388.125
33.13,1.41627,-2.64465,388.17,1.41235,-2.64734,388.125,0.471322,0.15708,1.41651,-2.64512,388.215
33.14,1.42042,-2.64242,388.26,1.41651,-2.64512,388.215,0.471322,0.15708,1.42066,-2.64289,388.305
33.15,1.42457,-2.64019,388.35,1.42066,-2.64289,388.305,0.471322,0.15708,1.42481,-2.64066,388.395
33.16,1.42871,-2.63795,388.44,1.42481,-2.64066,388.395,0.471322,0.15708,1.42896,-2.63841,388.485
33.17,1.43286,-2.6357,388.53,1.42896,-2.63841,388.485,0.471322,0.15708,1.4331,-2.63617,388.575
33.18,1.43699,-2.63345,388.62,1.4331,-2.63617,388.575,0.471322,0.15708,1.43724,-2.63391,388.665
33.19,1.44113,-2.63119,388.71,1.43724,-2.63391,388.665,0.471322,0.15708,1.44138,-2.63165,388.755
33.2,1.44526,-2.62892,388.8,1.44138,-2.63165,388.755,0.471322,0.15708,1.44551,-2.62938,388.845
33.21,1.44939,-2.62665,388.89,1.44551,-2.62938,388.845,0.471322,0.15708,1.44964,-2.62711,388.935
33.22,1.45351,-2.62437,388.98,1.44964,-2.62711,388.935,0.471322,0.15708,1.45376,-2.62483,389.025
33.23,1.45763,-2.62208,389.07,1.45376,-2.62483,389.025,0.471322,0.15708,1.45788,-2.62254,389.115
33.24,1.46175,-2.61979,389.16,1.45788,-2.62254,389.115,0.471322,0.15708,1.462,-2.62025,389.205
33.25,1.46586,-2.61749,389.25,1.462,-2.62025,389.205,0.471322,0.15708,1.46612,-2.61795,389.295
33.26,1.46997,-2.61518,389.34,1.46612,-2.61795,389.295,0.471322,0.15708,1.47023,-2.61564,389.385
33.27,1.47408,-2.61287,389.43,1.47023,-2.61564,389.385,0.471322,0.15708,1.47433,-2.61333,389.475
33.28,1.47818,-2.61055,389.52,1.47433,-2.61333,389.475,0.471322,0.15708,1.47844,-2.61101,389.565
33.29,1.48228,-2.60823,389.61,1.47844,-2.61101,389.565,0.471322,0.15708,1.48254,-2.60869,389.655
33.3,1.48638,-2.60589,389.7,1.48254,-2.60869,389.655,0.471322,0.15708,1.48663,-2.60636,389.745
33.31,1.49047,-2.60356,389.79,1.48663,-2.60636,389.745,0.471322,0.15708,1.49072,-2.60402,389.835
33.32,1.49456,-2.60121,389.88,1.49072,-2.60402,389.835,0.471322,0.15708,1.49481,-2.60167,389.925
33.33,1.49864,-2.59886,389.97,1.49481,-2.60167,389.925,0.471322,0.15708,1.4989,-2.59932,390.015
33.34,1.50272,-2.5965,390.06,1.4989,-2.59932,390.015,0.471322,0.15708,1.50298,-2.59696,390.105
33.35,1.5068,-2.59414,390.15,1.50298,-2.59696,390.105,0.471322,0.15708,1.50706,-2.5946,390.195
33.36,1.51087,-2.59177,390.24,1.50706,-2.5946,390.195,0.471322,0.15708,1.51113,-2.59223,390.285
33.37,1.51494,-2.58939,390.33,1.51113,-2.59223,390.285,0.471322,0.15708,1.5152,-2.58985,390.375
33.38,1.519,-2.58701,390.42,1.5152,-2.58985,390.375,0.471322,0.15708,1.51927,-2.58747,390.465
33.39,1.52307,-2.58462,390.51,1.51927,-2.58747,390.465,0.471322,0.15708,1.52333,-2.58508,390.555
33.4,1.52712,-2.58223,390.6,1.52333,-2.58508,390.555,0.471322,0.15708,1.52739,-2.58268,390.645
33.41,1.53118,-2.57982,390.69,1.52739,-2.58268,390.645,0.471322,0.15708,1.53144,-2.58028,390.735
33.42,1.53523,-2.57742,390.78,1.53144,-2.58028,390.735,0.471322,0.15708,1.53549,-2.57787,390.825
33.43,1.53928,-2.575,390.87,1.53549,-2.57787,390.825,0.471322,0.15708,1.53954,-2.57546,390.915
33.44,1.54332,-2.57258,390.96,1.53954,-2.57546,390.915,0.471322,0.15708,1.54358,-2.57303,391.005
33.45,1.54736,-2.57015,391.05,1.54358,-2.57303,391.005,0.471322,0.15708,1.54762,-2.57061,391.095
33.46,1.55139,-2.56772,391.14,1.54762,-2.57061,391.095,0.471322,0.15708,1.55166,-2.56817,391.185
33.47,1.55542,-2.56528,391.23,1.55166,-2.56817,391.185,0.471322,0.15708,1.55569,-2.56573,391.275
33.48,1.55945,-2.56283,391.32,1.55569,-2.56573,391.275,0.471322,0.15708,1.55972,-2.56329,391.365
33.49,1.56348,-2.56038,391.41,1.55972,-2.56329,391.365,0.471322,0.15708,1.56375,-2.56083,391.455
33.5,1.5675,-2.55792,391.5,1.56375,-2.56083,391.455,0.471322,0.15708,1.56777,-2.55837,391.545
33.51,1.57151,-2.55546,391.59,1.56777,-2.55837,391.545,0.471322,0.15708,1.57178,-2.55591,391.635
33.52,1.57552,-2.55298,391.68,1.57178,-2.55591,391.635,0.471322,0.15708,1.5758,-2.55343,391.725
33.53,1.57953,-2.55051,391.77,1.5758,-2.55343,391.725,0.471322,0.15708,1.5798,-2.55096,391.815
33.54,1.58354,-2.54802,391.86,1.5798,-2.55096,391.815,0.471322,0.15708,1.58381,-2.54847,391.905
33.55,1.58754,-2.54553,391.95,1.58381,-2.54847,391.905,0.471322,0.15708,1.58781,-2.54598,391.995
33.56,1.59153,-2.54303,392.04,1.58781,-2.54598,391.995,0.471322,0.15708,1.59181,-2.54348,392.085
33.57,1.59553,-2.54053,392.13,1.59181,-2.54348,392.085,0.471322,0.15708,1.5958,-2.54098,392.175
33.58,1.59951,-2.53802,392.22,1.5958,-2.54098,392.175,0.471322,0.15708,1.59979,-2.53847,392.265
33.59,1.6035,-2.53551,392.31,1.59979,-2.53847,392.265,0.471322,0.15708,1.60378,-2.53595,392.355
33.6,1.60748,-2.53298,392.4,1.60378,-2.53595,392.355,0.471322,0.15708,1.60776,-2.53343,392.445
33.61,1.61146,-2.53046,392.49,1.60776,-2.53343,392.445,0.471322,0.15708,1.61174,-2.5309,392.535
33.62,1.61543,-2.52792,392.58,1.61174,-2.5309,392.535,0.471322,0.15708,1.61571,-2.52837,392.625
33.63,1.6194,-2.52538,392.67,1.61571,-2.52837,392.625,0.471322,0.15708,1.61968,-2.52583,392.715
33.64,1.62336,-2.52283,392.76,1.61968,-2.52583,392.715,0.471322,0.15708,1.62364,-2.52328,392.805
33.65,1.62732,-2.52028,392.85,1.62364,-2.52328,392.805,0.471322,0.15708,1.62761,-2.52073,392.895
33.66,1.63128,-2.51772,392.94,1.62761,-2.52073,392.895,0.471322,0.15708,1.63156,-2.51817,392.985
33.67,1.63523,-2.51516,393.03,1.63156,-2.51817,392.985,0.471322,0.15708,1.63552,-2.5156,393.075
33.68,1.63918,-2.51258,393.12,1.63552,-2.5156,393.075,0.471322,0.15708,1.63947,-2.51303,393.165
33.69,1.64313,-2.51001,393.21,1.63947,-2.51303,393.165,0.471322,0.15708,1.64341,-2.51045,393.255
33.7,1.64707,-2.50742,393.3,1.64341,-2.51045,393.255,0.471322,0.15708,1.64735,-2.50787,393.345
33.71,1.65101,-2.50483,393.39,1.64735,-2.50787,393.345,0.471322,0.15708,1.65129,-2.50527,393.435
33.72,1.65494,-2.50224,393.48,1.65129,-2.50527,393.435,0.471322,0.15708,1.65522,-2.50268,393.525
33.73,1.65887,-2.49963,393.57,1.65522,-2.50268,393.525,0.471322,0.15708,1.65915,-2.50007,393.615
33.74,1.66279,-2.49702,393.66,1.65915,-2.50007,393.615,0.471322,0.15708,1.66308,-2.49747,393.705
33.75,1.66671,-2.49441,393.75,1.66308,-2.49747,393.705,0.471322,0.15708,1.667,-2.49485,393.795
33.76,1.67063,-2.49179,393.84,1.667,-2.49485,393.795,0.471322,0.15708,1.67092,-2.49223,393.885
33.77,1.67454,-2.48916,393.93,1.67092,-2.49223,393.885,0.471322,0.15708,1.67483,-2.4896,393.975
33.78,1.67845,-2.48653,394.02,1.67483,-2.4896,393.975,0.471322,0.15708,1.67874,-2.48697,394.065
33.79,1.68235,-2.48389,394.11,1.67874,-2.48697,394.065,0.471322,0.15708,1.68264,-2.48433,394.155
33.8,1.68625,-2.48124,394.2,1.68264,-2.48433,394.155,0.471322,0.15708,1.68654,-2.48168,394.245
33.81,1.69015,-2.47859,394.29,1.68654,-2.48168,394.245,0.471322,0.15708,1.69044,-2.47903,394.335
33.82,1.69404,-2.47593,394.38,1.69044,-2.47903,394.335,0.471322,0.15708,1.69433,-2.47637,394.425
33.83,1.69792,-2.47327,394.47,1.69433,-2.47637,394.425,0.471322,0.15708,1.69822,-2.47371,394.515
33.84,1.70181,-2.4706,394.56,1.69822,-2.47371,394.515,0.471322,0.15708,1.7021,-2.47103,394.605
33.85,1.70569,-2.46792,394.65,1.7021,-2.47103,394.605,0.471322,0.15708,1.70598,-2.46836,394.695
33.86,1.70956,-2.46524,394.74,1.70598,-2.46836,394.695,0.471322,0.15708,1.70986,-2.46568,394.785
33.87,1.71343,-2.46255,394.83,1.70986,-2.46568,394.785,0.471322,0.15708,1.71373,-2.46299,394.875
33.88,1.7173,-2.45986,394.92,1.71373,-2.46299,394.875,0.471322,0.15708,1.71759,-2.46029,394.965
33.89,1.72116,-2.45716,395.01,1.71759,-2.46029,394.965,0.471322,0.15708,1.72146,-2.45759,395.055
33.9,1.72502,-2.45445,395.1,1.72146,-2.45759,395.055,0.471322,0.15708,1.72531,-2.45488,395.145
33.91,1.72887,-2.45174,395.19,1.72531,-2.45488,395.145,0.471322,0.15708,1.72917,-2.45217,395.235
33.92,1.73272,-2.44902,395.28,1.72917,-2.45217,395.235,0.471322,0.15708,1.73302,-2.44945,395.325
33.93,1.73656,-2.44629,395.37,1.73302,-2.44945,395.325,0.471322,0.15708,1.73686,-2.44673,395.415
33.94,1.7404,-2.44356,395.46,1.73686,-2.44673,395.415,0.471322,0.15708,1.7407,-2.44399,395.505
33.95,1.74424,-2.44083,395.55,1.7407,-2.44399,395.505,0.471322,0.15708,1.74454,-2.44126,395.595
33.96,1.74807,-2.43808,395.64,1.74454,-2.44126,395.595,0.471322,0.15708,1.74837,-2.43851,395.685
33.97,1.7519,-2.43533,395.73,1.74837,-2.43851,395.685,0.471322,0.15708,1.7522,-2.43576,395.775
33.98,1.75572,-2.43258,395.82,1.7522,-2.43576,395.775,0.471322,0.15708,1.75603,-2.43301,395.865
33.99,1.75954,-2.42982,395.91,1.75603,-2.43301,395.865,0.471322,0.15708,1.75985,-2.43025,395.955
34,1.76336,-2.42705,396,1.75985,-2.43025,395.955,0.471322,0.15708,1.76366,-2.42748,396.045
34.01,1.76717,-2.42428,396.09,1.76366,-2.42748,396.045,0.471322,0.15708,1.76747,-2.42471,396.135
34.02,1.77097,-2.4215,396.18,1.76747,-2.42471,396.135,0.471322,0.15708,1.77128,-2.42193,396.225
34.03,1.77477,-2.41871,396.27,1.77128,-2.42193,396.225,0.471322,0.15708,1.77508,-2.41914,396.315
34.04,1.77857,-2.41592,396.36,1.77508,-2.41914,396.315,0.471322,0.15708,1.77888,-2.41635,396.405
34.05,1.78236,-2.41313,396.45,1.77888,-2.41635,396.405,0.471322,0.15708,1.78267,-2.41355,396.495
34.06,1.78615,-2.41032,396.54,1.78267,-2.41355,396.495,0.471322,0.15708,1.78646,-2.41075,396.585
34.07,1.78994,-2.40752,396.63,1.78646,-2.41075,396.585,0.471322,0.15708,1.79025,-2.40794,396.675
34.08,1.79371,-2.4047,396.72,1.79025,-2.40794,396.675,0.471322,0.15708,1.79403,-2.40513,396.765
34.09,1.79749,-2.40188,396.81,1.79403,-2.40513,396.765,0.471322,0.15708,1.7978,-2.40231,396.855
34.1,1.80126,-2.39905,396.9,1.7978,-2.40231,396.855,0.471322,0.15708,1.80157,-2.39948,396.945
34.11,1.80503,-2.39622,396.99,1.80157,-2.39948,396.945,0.471322,0.15708,1.80534,-2.39665,397.035
34.12,1.80879,-2.39338,397.08,1.80534,-2.39665,397.035,0.471322,0.15708,1.8091,-2.39381,397.125
34.13,1.81255,-2.39054,397.17,1.8091,-2.39381,397.125,0.471322,0.15708,1.81286,-2.39096,397.215
34.14,1.8163,-2.38769,397.26,1.81286,-2.39096,397.215,0.471322,0.15708,1.81661,-2.38811,397.305
34.15,1.82005,-2.38483,397.35,1.81661,-2.38811,397.305,0.471322,0.15708,1.82036,-2.38526,397.395
34.16,1.82379,-2.38197,397.44,1.82036,-2.38526,397.395,0.471322,0.15708,1.82411,-2.38239,397.485
34.17,1.82753,-2.3791,397.53,1.82411,-2.38239,397.485,0.471322,0.15708,1.82785,-2.37952,397.575
34.18,1.83127,-2.37623,397.62,1.82785,-2.37952,397.575,0.471322,0.15708,1.83158,-2.37665,397.665
34.19,1.835,-2.37335,397.71,1.83158,-2.37665,397.665,0.471322,0.15708,1.83531,-2.37377,397.755
34.2,1.83872,-2.37047,397.8,1.83531,-2.37377,397.755,0.471322,0.15708,1.83904,-2.37088,397.845
34.21,1.84244,-2.36757,397.89,1.83904,-2.37088,397.845,0.471322,0.15708,1.84276,-2.36799,397.935
34.22,1.84616,-2.36468,397.98,1.84276,-2.36799,397.935,0.471322,0.15708,1.84648,-2.3651,398.025
34.23,1.84987,-2.36177,398.07,1.84648,-2.3651,398.025,0.471322,0.15708,1.85019,-2.36219,398.115
34.24,1.85358,-2.35887,398.16,1.85019,-2.36219,398.115,0.471322,0.15708,1.8539,-2.35928,398.205
34.25,1.85728,-2.35595,398.25,1.8539,-2.35928,398.205,0.471322,0.15708,1.8576,-2.35637,398.295
34.26,1.86098,-2.35303,398.34,1.8576,-2.35637,398.295,0.471322,0.15708,1.8613,-2.35345,398.385
34.27,1.86467,-2.3501,398.43,1.8613,-2.35345,398.385,0.471322,0.15708,1.865,-2.35052,398.475
34.28,1.86836,-2.34717,398.52,1.865,-2.35052,398.475,0.471322,0.15708,1.86869,-2.34759,398.565
34.29,1.87205,-2.34423,398.61,1.86869,-2.34759,398.565,0.471322,0.15708,1.87237,-2.34465,398.655
34.3,1.87573,-2.34129,398.7,1.87237,-2.34465,398.655,0.471322,0.15708,1.87605,-2.34171,398.745
34.31,1.8794,-2.33834,398.79,1.87605,-2.34171,398.745,0.471322,0.15708,1.87973,-2.33876,398.835
34.32,1.88307,-2.33539,398.88,1.87973,-2.33876,398.835,0.471322,0.15708,1.8834,-2.3358,398.925
34.33,1.88674,-2.33243,398.97,1.8834,-2.3358,398.925,0.471322,0.15708,1.88707,-2.33284,399.015
34.34,1.8904,-2.32946,399.06,1.88707,-2.33284,399.015,0.471322,0.15708,1.89073,-2.32987,399.105
34.35,1.89406,-2.32649,399.15,1.89073,-2.32987,399.105,0.471322,0.15708,1.89439,-2.3269,399.195
34.36,1.89771,-2.32351,399.24,1.89439,-2.3269,399.195,0.471322,0.15708,1.89804,-2.32392,399.285
34.37,1.90136,-2.32053,399.33,1.89804,-2.32392,399.285,0.471322,0.15708,1.90169,-2.32094,399.375
34.38,1.905,-2.31754,399.42,1.90169,-2.32094,399.375,0.471322,0.15708,1.90533,-2.31795,399.465
34.39,1.90864,-2.31454,399.51,1.90533,-2.31795,399.465,0.471322,0.15708,1.90897,-2.31495,399.555
34.4,1.91227,-2.31154,399.6,1.90897,-2.31495,399.555,0.471322,0.15708,1.9126,-2.31195,399.645
34.41,1.9159,-2.30853,399.69,1.9126,-2.31195,399.645,0.471322,0.15708,1.91623,-2.30894,399.735
34.42,1.91952,-2.30552,399.78,1.91623,-2.30894,399.735,0.471322,0.15708,1.91986,-2.30593,399.825
34.43,1.92314,-2.3025,399.87,1.91986,-2.30593,399.825,0.471322,0.15708,1.92348,-2.30291,399.915
34.44,1.92676,-2.29948,399.96,1.92348,-2.30291,399.915,0.471322,0.15708,1.92709,-2.29989,400.005
34.45,1.93037,-2.29645,400.05,1.92709,-2.29989,400.005,0.471322,0.15708,1.9307,-2.29686,400.095
34.46,1.93397,-2.29341,400.14,1.9307,-2.29686,400.095,0.471322,0.15708,1.93431,-2.29382,400.185
34.47,1.93757,-2.29037,400.23,1.93431,-2.29382,400.185,0.471322,0.15708,1.93791,-2.29078,400.275
34.48,1.94117,-2.28733,400.32,1.93791,-2.29078,400.275,0.471322,0.15708,1.9415,-2.28773,400.365
34.49,1.94476,-2.28428,400.41,1.9415,-2.28773,400.365,0.471322,0.15708,1.9451,-2.28468,400.455
34.5,1.94834,-2.28122,400.5,1.9451,-2.28468,400.455,0.471322,0.15708,1.94868,-2.28162,400.545
34.51,1.95193,-2.27815,400.59,1.94868,-2.28162,400.545,0.471322,0.15708,1.95226,-2.27856,400.635
34.52,1.9555,-2.27509,400.68,1.95226,-2.27856,400.635,0.471322,0.15708,1.95584,-2.27549,400.725
34.53,1.95907,-2.27201,400.77,1.95584,-2.27549,400.725,0.471322,0.15708,1.95941,-2.27241,400.815
34.54,1.96264,-2.26893,400.86,1.95941,-2.27241,400.815,0.471322,0.15708,1.96298,-2.26933,400.905
34.55,1.9662,-2.26585,400.95,1.96298,-2.26933,400.905,0.471322,0.15708,1.96654,-2.26625,400.995
34.56,1.96976,-2.26275,401.04,1.96654,-2.26625,400.995,0.471322,0.15708,1.9701,-2.26316,401.085
34.57,1.97331,-2.25966,401.13,1.9701,-2.26316,401.085,0.471322,0.15708,1.97365,-2.26006,401.175
34.58,1.97686,-2.25655,401.22,1.97365,-2.26006,401.175,0.471322,0.15708,1.9772,-2.25695,401.265
34.59,1.9804,-2.25345,401.31,1.9772,-2.25695,401.265,0.471322,0.15708,1.98074,-2.25385,401.355
34.6,1.98394,-2.25033,401.4,1.98074,-2.25385,401.355,0.471322,0.15708,1.98428,-2.25073,401.445
34.61,1.98747,-2.24721,401.49,1.98428,-2.25073,401.445,0.471322,0.15708,1.98781,-2.24761,401.535
34.62,1.991,-2.24409,401.58,1.98781,-2.24761,401.535,0.471322,0.15708,1.99134,-2.24449,401.625
34.63,1.99452,-2.24096,401.67,1.99134,-2.24449,401.625,0.471322,0.15708,1.99486,-2.24136,401.715
34.64,1.99804,-2.23782,401.76,1.99486,-2.24136,401.715,0.471322,0.15708,1.99838,-2.23822,401.805
34.65,2.00155,-2.23468,401.85,1.99838,-2.23822,401.805,0.471322,0.15708,2.0019,-2.23508,401.895
34.66,2.00506,-2.23154,401.94,2.0019,-2.23508,401.895,0.471322,0.15708,2.0054,-2.23193,401.985
34.67,2.00856,-2.22838,402.03,2.0054,-2.23193,401.985,0.471322,0.15708,2.00891,-2.22878,402.075
34.68,2.01206,-2.22523,402.12,2.00891,-2.22878,402.075,0.471322,0.15708,2.01241,-2.22562,402.165
34.69,2.01555,-2.22206,402.21,2.01241,-2.22562,402.165,0.471322,0.15708,2.0159,-2.22246,402.255
34.7,2.01904,-2.21889,402.3,2.0159,-2.22246,402.255,0.471322,0.15708,2.01939,-2.21929,402.345
34.71,2.02252,-2.21572,402.39,2.01939,-2.21929,402.345,0.471322,0.15708,2.02287,-2.21611,402.435
34.72,2.026,-2.21254,402.48,2.02287,-2.21611,402.435,0.471322,0.15708,2.02635,-2.21293,402.525
34.73,2.02947,-2.20935,402.57,2.02635,-2.21293,402.525,0.471322,0.15708,2.02982,-2.20975,402.615
34.74,2.03294,-2.20616,402.66,2.02982,-2.20975,402.615,0.471322,0.15708,2.03329,-2.20655,402.705
34.75,2.0364,-2.20297,402.75,2.03329,-2.20655,402.705,0.471322,0.15708,2.03676,-2.20336,402.795
34.76,2.03986,-2.19977,402.84,2.03676,-2.20336,402.795,0.471322,0.15708,2.04021,-2.20016,402.885
34.77,2.04331,-2.19656,402.93,2.04021,-2.20016,402.885,0.471322,0.15708,2.04367,-2.19695,402.975
34.78,2.04676,-2.19335,403.02,2.04367,-2.19695,402.975,0.471322,0.15708,2.04712,-2.19374,403.065
34.79,2.0502,-2.19013,403.11,2.04712,-2.19374,403.065,0.471322,0.15708,2.05056,-2.19052,403.155
34.8,2.05364,-2.18691,403.2,2.05056,-2.19052,403.155,0.471322,0.15708,2.054,-2.18729,403.245
34.81,2.05707,-2.18368,403.29,2.054,-2.18729,403.245,0.471322,0.15708,2.05743,-2.18406,403.335
34.82,2.0605,-2.18044,403.38,2.05743,-2.18406,403.335,0.471322,0.15708,2.06086,-2.18083,403.425
34.83,2.06392,-2.1772,403.47,2.06086,-2.18083,403.425,0.471322,0.15708,2.06428,-2.17759,403.515
34.84,2.06734,-2.17396,403.56,2.06428,-2.17759,403.515,0.471322,0.15708,2.0677,-2.17435,403.605
34.85,2.07075,-2.17071,403.65,2.0677,-2.17435,403.605,0.471322,0.15708,2.07111,-2.17109,403.695
34.86,2.07416,-2.16745,403.74,2.07111,-2.17109,403.695,0.471322,0.15708,2.07452,-2.16784,403.785
34.87,2.07756,-2.16419,403.83,2.07452,-2.16784,403.785,0.471322,0.15708,2.07792,-2.16458,403.875
34.88,2.08096,-2.16093,403.92,2.07792,-2.16458,403.875,0.471322,0.15708,2.08132,-2.16131,403.965
34.89,2.08435,-2.15766,404.01,2.08132,-2.16131,403.965,0.471322,0.15708,2.08471,-2.15804,404.055
34.9,2.08774,-2.15438,404.1,2.08471,-2.15804,404.055,0.471322,0.15708,2.0881,-2.15476,404.145
34.91,2.09112,-2.1511,404.19,2.0881,-2.15476,404.145,0.471322,0.15708,2.09148,-2.15148,404.235
34.92,2.0945,-2.14781,404.28,2.09148,-2.15148,404.235,0.471322,0.15708,2.09486,-2.14819,404.325
34.93,2.09787,-2.14452,404.37,2.09486,-2.14819,404.325,0.471322,0.15708,2.09823,-2.1449,404.415
34.94,2.10123,-2.14122,404.46,2.09823,-2.1449,404.415,0.471322,0.15708,2.1016,-2.1416,404.505
34.95,2.10459,-2.13792,404.55,2.1016,-2.1416,404.505,0.471322,0.15708,2.10496,-2.1383,404.595
34.96,2.10795,-2.13461,404.64,2.10496,-2.1383,404.595,0.471322,0.15708,2.10832,-2.13499,404.685
34.97,2.1113,-2.13129,404.73,2.10832,-2.13499,404.685,0.471322,0.15708,2.11167,-2.13167,404.775
34.98,2.11465,-2.12797,404.82,2.11167,-2.13167,404.775,0.471322,0.15708,2.11501,-2.12835,404.865
34.99,2.11799,-2.12465,404.91,2.11501,-2.12835,404.865,0.471322,0.15708,2.11835,-2.12503,404.955
35,2.12132,-2.12132,405,2.11835,-2.12503,404.955,0.471322,0.15708,2.12169,-2.1217,405.045
35.01,2.12465,-2.11799,405.09,2.12169,-2.1217,405.045,0.471322,0.15708,2.12502,-2.11836,405.135
35.02,2.12797,-2.11465,405.18,2.12502,-2.11836,405.135,0.471322,0.15708,2.12834,-2.11502,405.225
35.03,2.13129,-2.1113,405.27,2.12834,-2.11502,405.225,0.471322,0.15708,2.13166,-2.11168,405.315
35.04,2.13461,-2.10795,405.36,2.13166,-2.11168,405.315,0.471322,0.15708,2.13498,-2.10832,405.405
35.05,2.13792,-2.10459,405.45,2.13498,-2.10832,405.405,0.471322,0.15708,2.13829,-2.10497,405.495
35.06,2.14122,-2.10123,405.54,2.13829,-2.10497,405.495,0.471322,0.15708,2.14159,-2.10161,405.585
35.07,2.14452,-2.09787,405.63,2.14159,-2.10161,405.585,0.471322,0.15708,2.14489,-2.09824,405.675
35.08,2.14781,-2.0945,405.72,2.14489,-2.09824,405.675,0.471322,0.15708,2.14818,-2.09487,405.765
35.09,2.1511,-2.09112,405.81,2.14818,-2.09487,405.765,0.471322,0.15708,2.15147,-2.09149,405.855
35.1,2.15438,-2.08774,405.9,2.15147,-2.09149,405.855,0.471322,0.15708,2.15475,-2.08811,405.945
35.11,2.15766,-2.08435,405.99,2.15475,-2.08811,405.945,0.471322,0.15708,2.15803,-2.08472,406.035
35.12,2.16093,-2.08096,406.08,2.15803,-2.08472,406.035,0.471322,0.15708,2.1613,-2.08133,406.125
35.13,2.16419,-2.07756,406.17,2.1613,-2.08133,406.125,0.471322,0.15708,2.16457,-2.07793,406.215
35.14,2.16745,-2.07416,406.26,2.16457,-2.07793,406.215,0.471322,0.15708,2.16783,-2.07453,406.305
35.15,2.17071,-2.07075,406.35,2.16783,-2.07453,406.305,0.471322,0.15708,2.17109,-2.07112,406.395
35.16,2.17396,-2.06734,406.44,2.17109,-2.07112,406.395,0.471322,0.15708,2.17434,-2.06771,406.485
35.17,2.1772,-2.06392,406.53,2.17434,-2.06771,406.485,0.471322,0.15708,2.17758,-2.06429,406.575
35.18,2.18044,-2.0605,406.62,2.17758,-2.06429,406.575,0.471322,0.15708,2.18082,-2.06087,406.665
35.19,2.18368,-2.05707,406.71,2.18082,-2.06087,406.665,0.471322,0.15708,2.18406,-2.05744,406.755
35.2,2.18691,-2.05364,406.8,2.18406,-2.05744,406.755,0.471322,0.15708,2.18729,-2.05401,406.845
35.21,2.19013,-2.0502,406.89,2.18729,-2.05401,406.845,0.471322,0.15708,2.19051,-2.05057,406.935
35.22,2.19335,-2.04676,406.98,2.19051,-2.05057,406.935,0.471322,0.15708,2.19373,-2.04712,407.025
35.23,2.19656,-2.04331,407.07,2.19373,-2.04712,407.025,0.471322,0.15708,2.19694,-2.04368,407.115
35.24,2.19977,-2.03986,407.16,2.19694,-2.04368,407.115,0.471322,0.15708,2.20015,-2.04022,407.205
35.25,2.20297,-2.0364,407.25,2.20015,-2.04022,407.205,0.471322,0.15708,2.20335,-2.03676,407.295
35.26,2.20616,-2.03294,407.34,2.20335,-2.03676,407.295,0.471322,0.15708,2.20655,-2.0333,407.385
35.27,2.20935,-2.02947,407.43,2.20655,-2.0333,407.385,0.471322,0.15708,2.20974,-2.02983,407.475
35.28,2.21254,-2.026,407.52,2.20974,-2.02983,407.475,0.471322,0.15708,2.21292,-2.02636,407.565
35.29,2.21572,-2.02252,407.61,2.21292,-2.02636,407.565,0.471322,0.15708,2.2161,-2.02288,407.655
35.3,2.21889,-2.01904,407.7,2.2161,-2.02288,407.655,0.471322,0.15708,2.21928,-2.0194,407.745
35.31,2.22206,-2.01555,407.79,2.21928,-2.0194,407.745,0.471322,0.15708,2.22245,-2.01591,407.835
35.32,2.22523,-2.01206,407.88,2.22245,-2.01591,407.835,0.471322,0.15708,2.22561,-2.01241,407.925
35.33,2.22838,-2.00856,407.97,2.22561,-2.01241,407.925,0.471322,0.15708,2.22877,-2.00892,408.015
35.34,2.23154,-2.00506,408.06,2.22877,-2.00892,408.015,0.471322,0.15708,2.23192,-2.00541,408.105
35.35,2.23468,-2.00155,408.15,2.23192,-2.00541,408.105,0.471322,0.15708,2.23507,-2.0019,408.195
35.36,2.23782,-1.99804,408.24,2.23507,-2.0019,408.195,0.471322,0.15708,2.23821,-1.99839,408.285
35.37,2.24096,-1.99452,408.33,2.23821,-1.99839,408.285,0.471322,0.15708,2.24135,-1.99487,408.375
35.38,2.24409,-1.991,408.42,2.24135,-1.99487,408.375,0.471322,0.15708,2.24448,-1.99135,408.465
35.39,2.24721,-1.98747,408.51,2.24448,-1.99135,408.465,0.471322,0.15708,2.24761,-1.98782,408.555
35.4,2.25033,-1.98394,408.6,2.24761,-1.98782,408.555,0.471322,0.15708,2.25072,-1.98429,408.645
35.41,2.25345,-1.9804,408.69,2.25072,-1.98429,408.645,0.471322,0.15708,2.25384,-1.98075,408.735
35.42,2.25655,-1.97686,408.78,2.25384,-1.98075,408.735,0.471322,0.15708,2.25695,-1.97721,408.825
35.43,2.25966,-1.97331,408.87,2.25695,-1.97721,408.825,0.471322,0.15708,2.26005,-1.97366,408.915
35.44,2.26275,-1.96976,408.96,2.26005,-1.97366,408.915,0.471322,0.15708,2.26315,-1.97011,409.005
35.45,2.26585,-1.9662,409.05,2.26315,-1.97011,409.005,0.471322,0.15708,2.26624,-1.96655,409.095
35.46,2.26893,-1.96264,409.14,2.26624,-1.96655,409.095,0.471322,0.15708,2.26933,-1.96299,409.185
35.47,2.27201,-1.95907,409.23,2.26933,-1.96299,409.185,0.471322,0.15708,2.27241,-1.95942,409.275
35.48,2.27509,-1.9555,409.32,2.27241,-1.95942,409.275,0.471322,0.15708,2.27548,-1.95585,409.365
35.49,2.27815,-1.95193,409.41,2.27548,-1.95585,409.365,0.471322,0.15708,2.27855,-1.95227,409.455
35.5,2.28122,-1.94834,409.5,2.27855,-1.95227,409.455,0.471322,0.15708,2.28161,-1.94869,409.545
35.51,2.28428,-1.94476,409.59,2.28161,-1.94869,409.545,0.471322,0.15708,2.28467,-1.9451,409.635
35.52,2.28733,-1.94117,409.68,2.28467,-1.9451,409.635,0.471322,0.15708,2.28773,-1.94151,409.725
35.53,2.29037,-1.93757,409.77,2.28773,-1.94151,409.725,0.471322,0.15708,2.29077,-1.93792,409.815
35.54,2.29341,-1.93397,409.86,2.29077,-1.93792,409.815,0.471322,0.15708,2.29381,-1.93432,409.905
35.55,2.29645,-1.93037,409.95,2.29381,-1.93432,409.905,0.471322,0.15708,2.29685,-1.93071,409.995
35.56,2.29948,-1.92676,410.04,2.29685,-1.93071,409.995,0.471322,0.15708,2.29988,-1.9271,410.085
35.57,2.3025,-1.92314,410.13,2.29988,-1.9271,410.085,0.471322,0.15708,2.3029,-1.92349,410.175
35.58,2.30552,-1.91952,410.22,2.3029,-1.92349,410.175,0.471322,0.15708,2.30592,-1.91987,410.265
35.59,2.30853,-1.9159,410.31,2.30592,-1.91987,410.265,0.471322,0.15708,2.30893,-1.91624,410.355
35.6,2.31154,-1.91227,410.4,2.30893,-1.91624,410.355,0.471322,0.15708,2.31194,-1.91261,410.445
35.61,2.31454,-1.90864,410.49,2.31194,-1.91261,410.445,0.471322,0.15708,2.31494,-1.90898,410.535
35.62,2.31754,-1.905,410.58,2.31494,-1.90898,410.535,0.471322,0.15708,2.31794,-1.90534,410.625
35.63,2.32053,-1.90136,410.67,2.31794,-1.90534,410.625,0.471322,0.15708,2.32093,-1.9017,410.715
35.64,2.32351,-1.89771,410.76,2.32093,-1.9017,410.715,0.471322,0.15708,2.32391,-1.89805,410.805
35.65,2.32649,-1.89406,410.85,2.32391,-1.89805,410.805,0.471322,0.15708,2.32689,-1.8944,410.895
35.66,2.32946,-1.8904,410.94,2.32689,-1.8944,410.895,0.471322,0.15708,2.32987,-1.89074,410.985
35.67,2.33243,-1.88674,411.03,2.32987,-1.89074,410.985,0.471322,0.15708,2.33283,-1.88708,411.075
35.68,2.33539,-1.88307,411.12,2.33283,-1.88708,411.075,0.471322,0.15708,2.33579,-1.88341,411.165
35.69,2.33834,-1.8794,411.21,2.33579,-1.88341,411.165,0.471322,0.15708,2.33875,-1.87974,411.255
35.7,2.34129,-1.87573,411.3,2.33875,-1.87974,411.255,0.471322,0.15708,2.3417,-1.87606,411.345
35.71,2.34423,-1.87205,411.39,2.3417,-1.87606,411.345,0.471322,0.15708,2.34464,-1.87238,411.435
35.72,2.34717,-1.86836,411.48,2.34464,-1.87238,411.435,0.471322,0.15708,2.34758,-1.8687,411.525
35.73,2.3501,-1.86467,411.57,2.34758,-1.8687,411.525,0.471322,0.15708,2.35051,-1.86501,411.615
35.74,2.35303,-1.86098,411.66,2.35051,-1.86501,411.615,0.471322,0.15708,2.35344,-1.86131,411.705
35.75,2.35595,-1.85728,411.75,2.35344,-1.86131,411.705,0.471322,0.15708,2.35636,-1.85761,411.795
35.76,2.35887,-1.85358,411.84,2.35636,-1.85761,411.795,0.471322,0.15708,2.35928,-1.85391,411.885
35.77,2.36177,-1.84987,411.93,2.35928,-1.85391,411.885,0.471322,0.15708,2.36219,-1.8502,411.975
35.78,2.36468,-1.84616,412.02,2.36219,-1.8502,411.975,0.471322,0.15708,2.36509,-1.84649,412.065
35.79,2.36757,-1.84244,412.11,2.36509,-1.84649,412.065,0.471322,0.15708,2.36799,-1.84277,412.155
35.8,2.37047,-1.83872,412.2,2.36799,-1.84277,412.155,0.471322,0.15708,2.37088,-1.83905,412.245
35.81,2.37335,-1.835,412.29,2.37088,-1.83905,412.245,0.471322,0.15708,2.37376,-1.83532,412.335
35.82,2.37623,-1.83127,412.38,2.37376,-1.83532,412.335,0.471322,0.15708,2.37664,-1.83159,412.425
35.83,2.3791,-1.82753,412.47,2.37664,-1.83159,412.425,0.471322,0.15708,2.37952,-1.82786,412.515
35.84,2.38197,-1.82379,412.56,2.37952,-1.82786,412.515,0.471322,0.15708,2.38239,-1.82412,412.605
35.85,2.38483,-1.82005,412.65,2.38239,-1.82412,412.605,0.471322,0.15708,2.38525,-1.82037,412.695
35.86,2.38769,-1.8163,412.74,2.38525,-1.82037,412.695,0.471322,0.15708,2.3881,-1.81662,412.785
35.87,2.39054,-1.81255,412.83,2.3881,-1.81662,412.785,0.471322,0.15708,2.39096,-1.81287,412.875
35.88,2.39338,-1.80879,412.92,2.39096,-1.81287,412.875,0.471322,0.15708,2.3938,-1.80911,412.965
35.89,2.39622,-1.80503,413.01,2.3938,-1.80911,412.965,0.471322,0.15708,2.39664,-1.80535,413.055
35.9,2.39905,-1.80126,413.1,2.39664,-1.80535,413.055,0.471322,0.15708,2.39947,-1.80158,413.145
35.91,2.40188,-1.79749,413.19,2.39947,-1.80158,413.145,0.471322,0.15708,2.4023,-1.79781,413.235
35.92,2.4047,-1.79371,413.28,2.4023,-1.79781,413.235,0.471322,0.15708,2.40512,-1.79403,413.325
35.93,2.40752,-1.78994,413.37,2.40512,-1.79403,413.325,0.471322,0.15708,2.40794,-1.79025,413.415
35.94,2.41032,-1.78615,413.46,2.40794,-1.79025,413.415,0.471322,0.15708,2.41074,-1.78647,413.505
35.95,2.41313,-1.78236,413.55,2.41074,-1.78647,413.505,0.471322,0.15708,2.41355,-1.78268,413.595
35.96,2.41592,-1.77857,413.64,2.41355,-1.78268,413.595,0.471322,0.15708,2.41634,-1.77889,413.685
35.97,2.41871,-1.77477,413.73,2.41634,-1.77889,413.685,0.471322,0.15708,2.41914,-1.77509,413.775
35.98,2.4215,-1.77097,413.82,2.41914,-1.77509,413.775,0.471322,0.15708,2.42192,-1.77129,413.865
35.99,2.42428,-1.76717,413.91,2.42192,-1.77129,413.865,0.471322,0.15708,2.4247,-1.76748,413.955
36,2.42705,-1.76336,414,2.4247,-1.76748,413.955,0.471322,0.15708,2.42747,-1.76367,414.045
36.01,2.42982,-1.75954,414.09,2.42747,-1.76367,414.045,0.471322,0.15708,2.43024,-1.75985,414.135
36.02,2.43258,-1.75572,414.18,2.43024,-1.75985,414.135,0.471322,0.15708,2.433,-1.75604,414.225
36.03,2.43533,-1.7519,414.27,2.433,-1.75604,414.225,0.471322,0.15708,2.43576,-1.75221,414.315
36.04,2.43808,-1.74807,414.36,2.43576,-1.75221,414.315,0.471322,0.15708,2.43851,-1.74838,414.405
36.05,2.44083,-1.74424,414.45,2.43851,-1.74838,414.405,0.471322,0.15708,2.44125,-1.74455,414.495
36.06,2.44356,-1.7404,414.54,2.44125,-1.74455,414.495,0.471322,0.15708,2.44399,-1.74071,414.585
36.07,2.44629,-1.73656,414.63,2.44399,-1.74071,414.585,0.471322,0.15708,2.44672,-1.73687,414.675
36.08,2.44902,-1.73272,414.72,2.44672,-1.73687,414.675,0.471322,0.15708,2.44944,-1.73303,414.765
36.09,2.45174,-1.72887,414.81,2.44944,-1.73303,414.765,0.471322,0.15708,2.45216,-1.72918,414.855
36.1,2.45445,-1.72502,414.9,2.45216,-1.72918,414.855,0.471322,0.15708,2.45488,-1.72532,414.945
36.11,2.45716,-1.72116,414.99,2.45488,-1.72532,414.945,0.471322,0.15708,2.45758,-1.72147,415.035
36.12,2.45986,-1.7173,415.08,2.45758,-1.72147,415.035,0.471322,0.15708,2.46029,-1.7176,415.125
36.13,2.46255,-1.71343,415.17,2.46029,-1.7176,415.125,0.471322,0.15708,2.46298,-1.71374,415.215
36.14,2.46524,-1.70956,415.26,2.46298,-1.71374,415.215,0.471322,0.15708,2.46567,-1.70986,415.305
36.15,2.46792,-1.70569,415.35,2.46567,-1.70986,415.305,0.471322,0.15708,2.46835,-1.70599,415.395
36.16,2.4706,-1.70181,415.44,2.46835,-1.70599,415.395,0.471322,0.15708,2.47103,-1.70211,415.485
36.17,2.47327,-1.69792,415.53,2.47103,-1.70211,415.485,0.471322,0.15708,2.4737,-1.69823,415.575
36.18,2.47593,-1.69404,415.62,2.4737,-1.69823,415.575,0.471322,0.15708,2.47636,-1.69434,415.665
36.19,2.47859,-1.69015,415.71,2.47636,-1.69434,415.665,0.471322,0.15708,2.47902,-1.69045,415.755
36.2,2.48124,-1.68625,415.8,2.47902,-1.69045,415.755,0.471322,0.15708,2.48167,-1.68655,415.845
36.21,2.48389,-1.68235,415.89,2.48167,-1.68655,415.845,0.471322,0.15708,2.48432,-1.68265,415.935
36.22,2.48653,-1.67845,415.98,2.48432,-1.68265,415.935,0.471322,0.15708,2.48696,-1.67875,416.025
36.23,2.48916,-1.67454,416.07,2.48696,-1.67875,416.025,0.471322,0.15708,2.48959,-1.67484,416.115
36.24,2.49179,-1.67063,416.16,2.48959,-1.67484,416.115,0.471322,0.15708,2.49222,-1.67092,416.205
36.25,2.49441,-1.66671,416.25,2.49222,-1.67092,416.205,0.471322,0.15708,2.49484,-1.66701,416.295
36.26,2.49702,-1.66279,416.34,2.49484,-1.66701,416.295,0.471322,0.15708,2.49746,-1.66309,416.385
36.27,2.49963,-1.65887,416.43,2.49746,-1.66309,416.385,0.471322,0.15708,2.50007,-1.65916,416.475
36.28,2.50224,-1.65494,416.52,2.50007,-1.65916,416.475,0.471322,0.15708,2.50267,-1.65523,416.565
36.29,2.50483,-1.65101,416.61,2.50267,-1.65523,416.565,0.471322,0.15708,2.50527,-1.6513,416.655
36.3,2.50742,-1.64707,416.7,2.50527,-1.6513,416.655,0.471322,0.15708,2.50786,-1.64736,416.745
36.31,2.51001,-1.64313,416.79,2.50786,-1.64736,416.745,0.471322,0.15708,2.51044,-1.64342,416.835
36.32,2.51258,-1.63918,416.88,2.51044,-1.64342,416.835,0.471322,0.15708,2.51302,-1.63948,416.925
36.33,2.51516,-1.63523,416.97,2.51302,-1.63948,416.925,0.471322,0.15708,2.51559,-1.63553,417.015
36.34,2.51772,-1.63128,417.06,2.51559,-1.63553,417.015,0.471322,0.15708,2.51816,-1.63157,417.105
36.35,2.52028,-1.62732,417.15,2.51816,-1.63157,417.105,0.471322,0.15708,2.52072,-1.62762,417.195
36.36,2.52283,-1.62336,417.24,2.52072,-1.62762,417.195,0.471322,0.15708,2.52327,-1.62365,417.285
36.37,2.52538,-1.6194,417.33,2.52327,-1.62365,417.285,0.471322,0.15708,2.52582,-1.61969,417.375
36.38,2.52792,-1.61543,417.42,2.52582,-1.61969,417.375,0.471322,0.15708,2.52836,-1.61572,417.465
36.39,2.53046,-1.61146,417.51,2.52836,-1.61572,417.465,0.471322,0.15708,2.5309,-1.61175,417.555
36.4,2.53298,-1.60748,417.6,2.5309,-1.61175,417.555,0.471322,0.15708,2.53343,-1.60777,417.645
36.41,2.53551,-1.6035,417.69,2.53343,-1.60777,417.645,0.471322,0.15708,2.53595,-1.60379,417.735
36.42,2.53802,-1.59951,417.78,2.53595,-1.60379,417.735,0.471322,0.15708,2.53846,-1.5998,417.825
36.43,2.54053,-1.59553,417.87,2.53846,-1.5998,417.825,0.471322,0.15708,2.54097,-1.59581,417.915
36.44,2.54303,-1.59153,417.96,2.54097,-1.59581,417.915,0.471322,0.15708,2.54348,-1.59182,418.005
36.45,2.54553,-1.58754,418.05,2.54348,-1.59182,418.005,0.471322,0.15708,2.54597,-1.58782,418.095
36.46,2.54802,-1.58354,418.14,2.54597,-1.58782,418.095,0.471322,0.15708,2.54847,-1.58382,418.185
36.47,2.55051,-1.57953,418.23,2.54847,-1.58382,418.185,0.471322,0.15708,2.55095,-1.57981,418.275
36.48,2.55298,-1.57552,418.32,2.55095,-1.57981,418.275,0.471322,0.15708,2.55343,-1.57581,418.365
36.49,2.55546,-1.57151,418.41,2.55343,-1.57581,418.365,0.471322,0.15708,2.5559,-1.57179,418.455
36.5,2.55792,-1.5675,418.5,2.5559,-1.57179,418.455,0.471322,0.15708,2.55837,-1.56778,418.545
36.51,2.56038,-1.56348,418.59,2.55837,-1.56778,418.545,0.471322,0.15708,2.56083,-1.56376,418.635
36.52,2.56283,-1.55945,418.68,2.56083,-1.56376,418.635,0.471322,0.15708,2.56328,-1.55973,418.725
36.53,2.56528,-1.55542,418.77,2.56328,-1.55973,418.725,0.471322,0.15708,2.56573,-1.5557,418.815
36.54,2.56772,-1.55139,418.86,2.56573,-1.5557,418.815,0.471322,0.15708,2.56817,-1.55167,418.905
36.55,2.57015,-1.54736,418.95,2.56817,-1.55167,418.905,0.471322,0.15708,2.5706,-1.54763,418.995
36.56,2.57258,-1.54332,419.04,2.5706,-1.54763,418.995,0.471322,0.15708,2.57303,-1.54359,419.085
36.57,2.575,-1.53928,419.13,2.57303,-1.54359,419.085,0.471322,0.15708,2.57545,-1.53955,419.175
36.58,2.57742,-1.53523,419.22,2.57545,-1.53955,419.175,0.471322,0.15708,2.57787,-1.5355,419.265
36.59,2.57982,-1.53118,419.31,2.57787,-1.5355,419.265,0.471322,0.15708,2.58027,-1.53145,419.355
36.6,2.58223,-1.52712,419.4,2.58027,-1.53145,419.355,0.471322,0.15708,2.58268,-1.5274,419.445
36.61,2.58462,-1.52307,419.49,2.58268,-1.5274,419.445,0.471322,0.15708,2.58507,-1.52334,419.535
36.62,2.58701,-1.519,419.58,2.58507,-1.52334,419.535,0.471322,0.15708,2.58746,-1.51928,419.625
36.63,2.58939,-1.51494,419.67,2.58746,-1.51928,419.625,0.471322,0.15708,2.58985,-1.51521,419.715
36.64,2.59177,-1.51087,419.76,2.58985,-1.51521,419.715,0.471322,0.15708,2.59222,-1.51114,419.805
36.65,2.59414,-1.5068,419.85,2.59222,-1.51114,419.805,0.471322,0.15708,2.59459,-1.50707,419.895
36.66,2.5965,-1.50272,419.94,2.59459,-1.50707,419.895,0.471322,0.15708,2.59696,-1.50299,419.985
36.67,2.59886,-1.49864,420.03,2.59696,-1.50299,419.985,0.471322,0.15708,2.59931,-1.49891,420.075
36.68,2.60121,-1.49456,420.12,2.59931,-1.49891,420.075,0.471322,0.15708,2.60167,-1.49482,420.165
36.69,2.60356,-1.49047,420.21,2.60167,-1.49482,420.165,0.471322,0.15708,2.60401,-1.49073,420.255
36.7,2.60589,-1.48638,420.3,2.60401,-1.49073,420.255,0.471322,0.15708,2.60635,-1.48664,420.345
36.71,2.60823,-1.48228,420.39,2.60635,-1.48664,420.345,0.471322,0.15708,2.60868,-1.48255,420.435
36.72,2.61055,-1.47818,420.48,2.60868,-1.48255,420.435,0.471322,0.15708,2.61101,-1.47845,420.525
36.73,2.61287,-1.47408,420.57,2.61101,-1.47845,420.525,0.471322,0.15708,2.61333,-1.47434,420.615
36.74,2.61518,-1.46997,420.66,2.61333,-1.47434,420.615,0.471322,0.15708,2.61564,-1.47024,420.705
36.75,2.61749,-1.46586,420.75,2.61564,-1.47024,420.705,0.471322,0.15708,2.61795,-1.46613,420.795
36.76,2.61979,-1.46175,420.84,2.61795,-1.46613,420.795,0.471322,0.15708,2.62024,-1.46201,420.885
36.77,2.62208,-1.45763,420.93,2.62024,-1.46201,420.885,0.471322,0.15708,2.62254,-1.45789,420.975
36.78,2.62437,-1.45351,421.02,2.62254,-1.45789,420.975,0.471322,0.15708,2.62482,-1.45377,421.065
36.79,2.62665,-1.44939,421.11,2.62482,-1.45377,421.065,0.471322,0.15708,2.62711,-1.44965,421.155
36.8,2.62892,-1.44526,421.2,2.62711,-1.44965,421.155,0.471322,0.15708,2.62938,-1.44552,421.245
36.81,2.63119,-1.44113,421.29,2.62938,-1.44552,421.245,0.471322,0.15708,2.63165,-1.44139,421.335
36.82,2.63345,-1.43699,421.38,2.63165,-1.44139,421.335,0.471322,0.15708,2.63391,-1.43725,421.425
36.83,2.6357,-1.43286,421.47,2.63391,-1.43725,421.425,0.471322,0.15708,2.63616,-1.43311,421.515
36.84,2.63795,-1.42871,421.56,2.63616,-1.43311,421.515,0.471322,0.15708,2.63841,-1.42897,421.605
36.85,2.64019,-1.42457,421.65,2.63841,-1.42897,421.605,0.471322,0.15708,2.64065,-1.42482,421.695
36.86,2.64242,-1.42042,421.74,2.64065,-1.42482,421.695,0.471322,0.15708,2.64289,-1.42067,421.785
36.87,2.64465,-1.41627,421.83,2.64289,-1.42067,421.785,0.471322,0.15708,2.64511,-1.41652,421.875
36.88,2.64687,-1.41211,421.92,2.64511,-1.41652,421.875,0.471322,0.15708,2.64734,-1.41236,421.965
36.89,2.64909,-1.40795,422.01,2.64734,-1.41236,421.965,0.471322,0.15708,2.64955,-1.4082,422.055
36.9,2.6513,-1.40379,422.1,2.64955,-1.4082,422.055,0.471322,0.15708,2.65176,-1.40404,422.145
36.91,2.6535,-1.39962,422.19,2.65176,-1.40404,422.145,0.471322,0.15708,2.65396,-1.39987,422.235
36.92,2.65569,-1.39545,422.28,2.65396,-1.39987,422.235,0.471322,0.15708,2.65616,-1.3957,422.325
36.93,2.65788,-1.39128,422.37,2.65616,-1.3957,422.325,0.471322,0.15708,2.65835,-1.39153,422.415
36.94,2.66006,-1.3871,422.46,2.65835,-1.39153,422.415,0.471322,0.15708,2.66053,-1.38735,422.505
36.95,2.66224,-1.38292,422.55,2.66053,-1.38735,422.505,0.471322,0.15708,2.66271,-1.38317,422.595
36.96,2.66441,-1.37874,422.64,2.66271,-1.38317,422.595,0.471322,0.15708,2.66487,-1.37899,422.685
36.97,2.66657,-1.37455,422.73,2.66487,-1.37899,422.685,0.471322,0.15708,2.66704,-1.3748,422.775
36.98,2.66873,-1.37036,422.82,2.66704,-1.3748,422.775,0.471322,0.15708,2.66919,-1.37061,422.865
36.99,2.67088,-1.36617,422.91,2.66919,-1.37061,422.865,0.471322,0.15708,2.67134,-1.36641,422.955
37,2.67302,-1.36197,423,2.67134,-1.36641,422.955,0.471322,0.15708,2.67349,-1.36222,423.045
37.01,2.67516,-1.35777,423.09,2.67349,-1.36222,423.045,0.471322,0.15708,2.67562,-1.35801,423.135
37.02,2.67729,-1.35357,423.18,2.67562,-1.35801,423.135,0.471322,0.15708,2.67775,-1.35381,423.225
37.03,2.67941,-1.34936,423.27,2.67775,-1.35381,423.225,0.471322,0.15708,2.67988,-1.3496,423.315
37.04,2.68152,-1.34515,423.36,2.67988,-1.3496,423.315,0.471322,0.15708,2.68199,-1.34539,423.405
37.05,2.68363,-1.34094,423.45,2.68199,-1.34539,423.405,0.471322,0.15708,2.6841,-1.34118,423.495
37.06,2.68574,-1.33672,423.54,2.6841,-1.34118,423.495,0.471322,0.15708,2.68621,-1.33696,423.585
37.07,2.68783,-1.3325,423.63,2.68621,-1.33696,423.585,0.471322,0.15708,2.6883,-1.33274,423.675
37.08,2.68992,-1.32827,423.72,2.6883,-1.33274,423.675,0.471322,0.15708,2.69039,-1.32851,423.765
37.09,2.69201,-1.32405,423.81,2.69039,-1.32851,423.765,0.471322,0.15708,2.69248,-1.32429,423.855
37.1,2.69408,-1.31982,423.9,2.69248,-1.32429,423.855,0.471322,0.15708,2.69455,-1.32005,423.945
37.11,2.69615,-1.31558,423.99,2.69455,-1.32005,423.945,0.471322,0.15708,2.69662,-1.31582,424.035
37.12,2.69822,-1.31135,424.08,2.69662,-1.31582,424.035,0.471322,0.15708,2.69869,-1.31158,424.125
37.13,2.70027,-1.30711,424.17,2.69869,-1.31158,424.125,0.471322,0.15708,2.70074,-1.30734,424.215
37.14,2.70232,-1.30286,424.26,2.70074,-1.30734,424.215,0.471322,0.15708,2.70279,-1.3031,424.305
37.15,2.70437,-1.29862,424.35,2.70279,-1.3031,424.305,0.471322,0.15708,2.70484,-1.29885,424.395
37.16,2.7064,-1.29437,424.44,2.70484,-1.29885,424.395,0.471322,0.15708,2.70687,-1.2946,424.485
37.17,2.70843,-1.29012,424.53,2.70687,-1.2946,424.485,0.471322,0.15708,2.70891,-1.29035,424.575
37.18,2.71045,-1.28586,424.62,2.70891,-1.29035,424.575,0.471322,0.15708,2.71093,-1.28609,424.665
37.19,2.71247,-1.2816,424.71,2.71093,-1.28609,424.665,0.471322,0.15708,2.71295,-1.28183,424.755
37.2,2.71448,-1.27734,424.8,2.71295,-1.28183,424.755,0.471322,0.15708,2.71496,-1.27757,424.845
37.21,2.71648,-1.27307,424.89,2.71496,-1.27757,424.845,0.471322,0.15708,2.71696,-1.2733,424.935
37.22,2.71848,-1.2688,424.98,2.71696,-1.2733,424.935,0.471322,0.15708,2.71896,-1.26903,425.025
37.23,2.72047,-1.26453,425.07,2.71896,-1.26903,425.025,0.471322,0.15708,2.72095,-1.26476,425.115
37.24,2.72245,-1.26026,425.16,2.72095,-1.26476,425.115,0.471322,0.15708,2.72293,-1.26048,425.205
37.25,2.72443,-1.25598,425.25,2.72293,-1.26048,425.205,0.471322,0.15708,2.72491,-1.2562,425.295
37.26,2.7264,-1.2517,425.34,2.72491,-1.2562,425.295,0.471322,0.15708,2.72688,-1.25192,425.385
37.27,2.72836,-1.24741,425.43,2.72688,-1.25192,425.385,0.471322,0.15708,2.72884,-1.24764,425.475
37.28,2.73032,-1.24313,425.52,2.72884,-1.24764,425.475,0.471322,0.15708,2.7308,-1.24335,425.565
37.29,2.73227,-1.23884,425.61,2.7308,-1.24335,425.565,0.471322,0.15708,2.73274,-1.23906,425.655
37.3,2.73421,-1.23454,425.7,2.73274,-1.23906,425.655,0.471322,0.15708,2.73469,-1.23477,425.745
37.31,2.73615,-1.23025,425.79,2.73469,-1.23477,425.745,0.471322,0.15708,2.73662,-1.23047,425.835
37.32,2.73807,-1.22595,425.88,2.73662,-1.23047,425.835,0.471322,0.15708,2.73855,-1.22617,425.925
37.33,2.74,-1.22164,425.97,2.73855,-1.22617,425.925,0.471322,0.15708,2.74048,-1.22186,426.015
37.34,2.74191,-1.21734,426.06,2.74048,-1.22186,426.015,0.471322,0.15708,2.74239,-1.21756,426.105
37.35,2.74382,-1.21303,426.15,2.74239,-1.21756,426.105,0.471322,0.15708,2.7443,-1.21325,426.195
37.36,2.74572,-1.20872,426.24,2.7443,-1.21325,426.195,0.471322,0.15708,2.7462,-1.20894,426.285
37.37,2.74762,-1.2044,426.33,2.7462,-1.20894,426.285,0.471322,0.15708,2.7481,-1.20462,426.375
37.38,2.74951,-1.20009,426.42,2.7481,-1.20462,426.375,0.471322,0.15708,2.74999,-1.2003,426.465
37.39,2.75139,-1.19577,426.51,2.74999,-1.2003,426.465,0.471322,0.15708,2.75187,-1.19598,426.555
37.4,2.75326,-1.19144,426.6,2.75187,-1.19598,426.555,0.471322,0.15708,2.75375,-1.19166,426.645
37.41,2.75513,-1.18712,426.69,2.75375,-1.19166,426.645,0.471322,0.15708,2.75561,-1.18733,426.735
37.42,2.75699,-1.18279,426.78,2.75561,-1.18733,426.735,0.471322,0.15708,2.75748,-1.183,426.825
37.43,2.75885,-1.17846,426.87,2.75748,-1.183,426.825,0.471322,0.15708,2.75933,-1.17867,426.915
37.44,2.7607,-1.17412,426.96,2.75933,-1.17867,426.915,0.471322,0.15708,2.76118,-1.17433,427.005
37.45,2.76254,-1.16978,427.05,2.76118,-1.17433,427.005,0.471322,0.15708,2.76302,-1.16999,427.095
37.46,2.76437,-1.16544,427.14,2.76302,-1.16999,427.095,0.471322,0.15708,2.76485,-1.16565,427.185
37.47,2.7662,-1.1611,427.23,2.76485,-1.16565,427.185,0.471322,0.15708,2.76668,-1.16131,427.275
37.48,2.76802,-1.15675,427.32,2.76668,-1.16131,427.275,0.471322,0.15708,2.7685,-1.15696,427.365
37.49,2.76983,-1.1524,427.41,2.7685,-1.15696,427.365,0.471322,0.15708,2.77032,-1.15261,427.455
37.5,2.77164,-1.14805,427.5,2.77032,-1.15261,427.455,0.471322,0.15708,2.77212,-1.14826,427.545
37.51,2.77344,-1.1437,427.59,2.77212,-1.14826,427.545,0.471322,0.15708,2.77392,-1.1439,427.635
37.52,2.77523,-1.13934,427.68,2.77392,-1.1439,427.635,0.471322,0.15708,2.77572,-1.13954,427.725
37.53,2.77702,-1.13498,427.77,2.77572,-1.13954,427.725,0.471322,0.15708,2.7775,-1.13518,427.815
37.54,2.7788,-1.13061,427.86,2.7775,-1.13518,427.815,0.471322,0.15708,2.77928,-1.13082,427.905
37.55,2.78057,-1.12625,427.95,2.77928,-1.13082,427.905,0.471322,0.15708,2.78106,-1.12645,427.995
37.56,2.78234,-1.12188,428.04,2.78106,-1.12645,427.995,0.471322,0.15708,2.78282,-1.12208,428.085
37.57,2.78409,-1.11751,428.13,2.78282,-1.12208,428.085,0.471322,0.15708,2.78458,-1.11771,428.175
37.58,2.78585,-1.11313,428.22,2.78458,-1.11771,428.175,0.471322,0.15708,2.78633,-1.11333,428.265
37.59,2.78759,-1.10875,428.31,2.78633,-1.11333,428.265,0.471322,0.15708,2.78808,-1.10895,428.355
37.6,2.78933,-1.10437,428.4,2.78808,-1.10895,428.355,0.471322,0.15708,2.78982,-1.10457,428.445
37.61,2.79106,-1.09999,428.49,2.78982,-1.10457,428.445,0.471322,0.15708,2.79155,-1.10019,428.535
37.62,2.79279,-1.09561,428.58,2.79155,-1.10019,428.535,0.471322,0.15708,2.79327,-1.0958,428.625
37.63,2.7945,-1.09122,428.67,2.79327,-1.0958,428.625,0.471322,0.15708,2.79499,-1.09141,428.715
37.64,2.79621,-1.08683,428.76,2.79499,-1.09141,428.715,0.471322,0.15708,2.7967,-1.08702,428.805
37.65,2.79792,-1.08243,428.85,2.7967,-1.08702,428.805,0.471322,0.15708,2.79841,-1.08263,428.895
37.66,2.79961,-1.07804,428.94,2.79841,-1.08263,428.895,0.471322,0.15708,2.8001,-1.07823,428.985
37.67,2.8013,-1.07364,429.03,2.8001,-1.07823,428.985,0.471322,0.15708,2.80179,-1.07383,429.075
37.68,2.80299,-1.06924,429.12,2.80179,-1.07383,429.075,0.471322,0.15708,2.80348,-1.06943,429.165
37.69,2.80466,-1.06483,429.21,2.80348,-1.06943,429.165,0.471322,0.15708,2.80515,-1.06502,429.255
37.7,2.80633,-1.06042,429.3,2.80515,-1.06502,429.255,0.471322,0.15708,2.80682,-1.06062,429.345
37.71,2.80799,-1.05602,429.39,2.80682,-1.06062,429.345,0.471322,0.15708,2.80849,-1.05621,429.435
37.72,2.80965,-1.0516,429.48,2.80849,-1.05621,429.435,0.471322,0.15708,2.81014,-1.05179,429.525
37.73,2.8113,-1.04719,429.57,2.81014,-1.05179,429.525,0.471322,0.15708,2.81179,-1.04738,429.615
37.74,2.81294,-1.04277,429.66,2.81179,-1.04738,429.615,0.471322,0.15708,2.81343,-1.04296,429.705
37.75,2.81457,-1.03835,429.75,2.81343,-1.04296,429.705,0.471322,0.15708,2.81507,-1.03854,429.795
37.76,2.8162,-1.03393,429.84,2.81507,-1.03854,429.795,0.471322,0.15708,2.81669,-1.03412,429.885
37.77,2.81782,-1.0295,429.93,2.81669,-1.03412,429.885,0.471322,0.15708,2.81832,-1.02969,429.975
37.78,2.81944,-1.02508,430.02,2.81832,-1.02969,429.975,0.471322,0.15708,2.81993,-1.02526,430.065
37.79,2.82104,-1.02065,430.11,2.81993,-1.02526,430.065,0.471322,0.15708,2.82154,-1.02083,430.155
37.8,2.82264,-1.01621,430.2,2.82154,-1.02083,430.155,0.471322,0.15708,2.82314,-1.0164,430.245
37.81,2.82424,-1.01178,430.29,2.82314,-1.0164,430.245,0.471322,0.15708,2.82473,-1.01196,430.335
37.82,2.82582,-1.00734,430.38,2.82473,-1.01196,430.335,0.471322,0.15708,2.82632,-1.00752,430.425
37.83,2.8274,-1.0029,430.47,2.82632,-1.00752,430.425,0.471322,0.15708,2.82789,-1.00308,430.515
37.84,2.82897,-0.998459,430.56,2.82789,-1.00308,430.515,0.471322,0.15708,2.82947,-0.998639,430.605
37.85,2.83054,-0.994014,430.65,2.82947,-0.998639,430.605,0.471322,0.15708,2.83103,-0.994194,430.695
37.86,2.83209,-0.989566,430.74,2.83103,-0.994194,430.695,0.471322,0.15708,2.83259,-0.989745,430.785
37.87,2.83365,-0.985116,430.83,2.83259,-0.989745,430.785,0.471322,0.15708,2.83414,-0.985295,430.875
37.88,2.83519,-0.980664,430.92,2.83414,-0.985295,430.875,0.471322,0.15708,2.83569,-0.980842,430.965
37.89,2.83673,-0.976209,431.01,2.83569,-0.980842,430.965,0.471322,0.15708,2.83722,-0.976386,431.055
37.9,2.83826,-0.971752,431.1,2.83722,-0.976386,431.055,0.471322,0.15708,2.83875,-0.971928,431.145
37.91,2.83978,-0.967293,431.19,2.83875,-0.971928,431.145,0.471322,0.15708,2.84028,-0.967468,431.235
37.92,2.84129,-0.962831,431.28,2.84028,-0.967468,431.235,0.471322,0.15708,2.84179,-0.963005,431.325
37.93,2.8428,-0.958367,431.37,2.84179,-0.963005,431.325,0.471322,0.15708,2.8433,-0.95854,431.415
37.94,2.84431,-0.9539,431.46,2.8433,-0.95854,431.415,0.471322,0.15708,2.8448,-0.954073,431.505
37.95,2.8458,-0.949431,431.55,2.8448,-0.954073,431.505,0.471322,0.15708,2.8463,-0.949603,431.595
37.96,2.84729,-0.94496,431.64,2.8463,-0.949603,431.595,0.471322,0.15708,2.84779,-0.945131,431.685
37.97,2.84877,-0.940486,431.73,2.84779,-0.945131,431.685,0.471322,0.15708,2.84927,-0.940656,431.775
37.98,2.85024,-0.93601,431.82,2.84927,-0.940656,431.775,0.471322,0.15708,2.85074,-0.93618,431.865
37.99,2.85171,-0.931532,431.91,2.85074,-0.93618,431.865,0.471322,0.15708,2.85221,-0.931701,431.955
38,2.85317,-0.927051,432,2.85221,-0.931701,431.955,0.471322,0.15708,2.85367,-0.927219,432.045
38.01,2.85462,-0.922568,432.09,2.85367,-0.927219,432.045,0.471322,0.15708,2.85512,-0.922736,432.135
38.02,2.85607,-0.918083,432.18,2.85512,-0.922736,432.135,0.471322,0.15708,2.85657,-0.91825,432.225
38.03,2.85751,-0.913595,432.27,2.85657,-0.91825,432.225,0.471322,0.15708,2.85801,-0.913761,432.315
38.04,2.85894,-0.909106,432.36,2.85801,-0.913761,432.315,0.471322,0.15708,2.85944,-0.909271,432.405
38.05,2.86036,-0.904614,432.45,2.85944,-0.909271,432.405,0.471322,0.15708,2.86086,-0.904778,432.495
38.06,2.86178,-0.90012,432.54,2.86086,-0.904778,432.495,0.471322,0.15708,2.86228,-0.900283,432.585
38.07,2.86319,-0.895623,432.63,2.86228,-0.900283,432.585,0.471322,0.15708,2.86369,-0.895786,432.675
38.08,2.86459,-0.891125,432.72,2.86369,-0.895786,432.675,0.471322,0.15708,2.8651,-0.891287,432.765
38.09,2.86599,-0.886624,432.81,2.8651,-0.891287,432.765,0.471322,0.15708,2.86649,-0.886785,432.855
38.1,2.86738,-0.882121,432.9,2.86649,-0.886785,432.855,0.471322,0.15708,2.86788,-0.882281,432.945
38.11,2.86876,-0.877616,432.99,2.86788,-0.882281,432.945,0.471322,0.15708,2.86926,-0.877775,433.035
38.12,2.87014,-0.873109,433.08,2.86926,-0.877775,433.035,0.471322,0.15708,2.87064,-0.873267,433.125
38.13,2.8715,-0.868599,433.17,2.87064,-0.873267,433.125,0.471322,0.15708,2.87201,-0.868757,433.215
38.14,2.87286,-0.864087,433.26,2.87201,-0.868757,433.215,0.471322,0.15708,2.87337,-0.864245,433.305
38.15,2.87422,-0.859574,433.35,2.87337,-0.864245,433.305,0.471322,0.15708,2.87472,-0.85973,433.395
38.16,2.87557,-0.855058,433.44,2.87472,-0.85973,433.395,0.471322,0.15708,2.87607,-0.855213,433.485
38.17,2.8769,-0.85054,433.53,2.87607,-0.855213,433.485,0.471322,0.15708,2.87741,-0.850695,433.575
38.18,2.87824,-0.84602,433.62,2.87741,-0.850695,433.575,0.471322,0.15708,2.87874,-0.846174,433.665
38.19,2.87956,-0.841498,433.71,2.87874,-0.846174,433.665,0.471322,0.15708,2.88007,-0.841651,433.755
38.2,2.88088,-0.836973,433.8,2.88007,-0.841651,433.755,0.471322,0.15708,2.88139,-0.837126,433.845
38.21,2.88219,-0.832447,433.89,2.88139,-0.837126,433.845,0.471322,0.15708,2.8827,-0.832599,433.935
38.22,2.8835,-0.827919,433.98,2.8827,-0.832599,433.935,0.471322,0.15708,2.884,-0.82807,434.025
38.23,2.88479,-0.823388,434.07,2.884,-0.82807,434.025,0.471322,0.15708,2.8853,-0.823538,434.115
38.24,2.88608,-0.818856,434.16,2.8853,-0.823538,434.115,0.471322,0.15708,2.88659,-0.819005,434.205
38.25,2.88737,-0.814321,434.25,2.88659,-0.819005,434.205,0.471322,0.15708,2.88787,-0.81447,434.295
38.26,2.88864,-0.809785,434.34,2.88787,-0.81447,434.295,0.471322,0.15708,2.88915,-0.809933,434.385
38.27,2.88991,-0.805246,434.43,2.88915,-0.809933,434.385,0.471322,0.15708,2.89042,-0.805393,434.475
38.28,2.89117,-0.800706,434.52,2.89042,-0.805393,434.475,0.471322,0.15708,2.89168,-0.800852,434.565
38.29,2.89243,-0.796164,434.61,2.89168,-0.800852,434.565,0.471322,0.15708,2.89293,-0.796309,434.655
38.3,2.89367,-0.791619,434.7,2.89293,-0.796309,434.655,0.471322,0.15708,2.89418,-0.791764,434.745
38.31,2.89491,-0.787073,434.79,2.89418,-0.791764,434.745,0.471322,0.15708,2.89542,-0.787217,434.835
38.32,2.89614,-0.782525,434.88,2.89542,-0.787217,434.835,0.471322,0.15708,2.89665,-0.782667,434.925
38.33,2.89737,-0.777974,434.97,2.89665,-0.782667,434.925,0.471322,0.15708,2.89788,-0.778116,435.015
38.34,2.89859,-0.773422,435.06,2.89788,-0.778116,435.015,0.471322,0.15708,2.8991,-0.773563,435.105
38.35,2.8998,-0.768868,435.15,2.8991,-0.773563,435.105,0.471322,0.15708,2.90031,-0.769009,435.195
38.36,2.901,-0.764312,435.24,2.90031,-0.769009,435.195,0.471322,0.15708,2.90151,-0.764452,435.285
38.37,2.9022,-0.759754,435.33,2.90151,-0.764452,435.285,0.471322,0.15708,2.90271,-0.759893,435.375
38.38,2.90339,-0.755195,435.42,2.90271,-0.759893,435.375,0.471322,0.15708,2.9039,-0.755333,435.465
38.39,2.90457,-0.750633,435.51,2.9039,-0.755333,435.465,0.471322,0.15708,2.90508,-0.75077,435.555
38.4,2.90575,-0.74607,435.6,2.90508,-0.75077,435.555,0.471322,0.15708,2.90626,-0.746206,435.645
38.41,2.90692,-0.741504,435.69,2.90626,-0.746206,435.645,0.471322,0.15708,2.90743,-0.74164,435.735
38.42,2.90808,-0.736937,435.78,2.90743,-0.74164,435.735,0.471322,0.15708,2.90859,-0.737072,435.825
38.43,2.90923,-0.732368,435.87,2.90859,-0.737072,435.825,0.471322,0.15708,2.90974,-0.732503,435.915
38.44,2.91038,-0.727798,435.96,2.90974,-0.732503,435.915,0.471322,0.15708,2.91089,-0.727931,436.005
38.45,2.91152,-0.723225,436.05,2.91089,-0.727931,436.005,0.471322,0.15708,2.91203,-0.723358,436.095
38.46,2.91265,-0.718651,436.14,2.91203,-0.723358,436.095,0.471322,0.15708,2.91316,-0.718783,436.185
38.47,2.91378,-0.714075,436.23,2.91316,-0.718783,436.185,0.471322,0.15708,2.91429,-0.714206,436.275
38.48,2.9149,-0.709497,436.32,2.91429,-0.714206,436.275,0.471322,0.15708,2.91541,-0.709627,436.365
38.49,2.91601,-0.704917,436.41,2.91541,-0.709627,436.365,0.471322,0.15708,2.91652,-0.705047,436.455
38.5,2.91711,-0.700336,436.5,2.91652,-0.705047,436.455,0.471322,0.15708,2.91762,-0.700465,436.545
38.51,2.91821,-0.695753,436.59,2.91762,-0.700465,436.545,0.471322,0.15708,2.91872,-0.695881,436.635
38.52,2.9193,-0.691168,436.68,2.91872,-0.695881,436.635,0.471322,0.15708,2.91981,-0.691295,436.725
38.53,2.92038,-0.686582,436.77,2.91981,-0.691295,436.725,0.471322,0.15708,2.92089,-0.686708,436.815
38.54,2.92145,-0.681994,436.86,2.92089,-0.686708,436.815,0.471322,0.15708,2.92196,-0.682119,436.905
38.55,2.92252,-0.677404,436.95,2.92196,-0.682119,436.905,0.471322,0.15708,2.92303,-0.677528,436.995
38.56,2.92358,-0.672812,437.04,2.92303,-0.677528,436.995,0.471322,0.15708,2.92409,-0.672936,437.085
38.57,2.92463,-0.668219,437.13,2.92409,-0.672936,437.085,0.471322,0.15708,2.92515,-0.668342,437.175
38.58,2.92568,-0.663624,437.22,2.92515,-0.668342,437.175,0.471322,0.15708,2.92619,-0.663746,437.265
38.59,2.92672,-0.659028,437.31,2.92619,-0.663746,437.265,0.471322,0.15708,2.92723,-0.659149,437.355
38.6,2.92775,-0.65443,437.4,2.92723,-0.659149,437.355,0.471322,0.15708,2.92826,-0.65455,437.445
38.61,2.92877,-0.64983,437.49,2.92826,-0.65455,437.445,0.471322,0.15708,2.92929,-0.64995,437.535
38.62,2.92979,-0.645229,437.58,2.92929,-0.64995,437.535,0.471322,0.15708,2.93031,-0.645348,437.625
38.63,2.9308,-0.640626,437.67,2.93031,-0.645348,437.625,0.471322,0.15708,2.93132,-0.640744,437.715
38.64,2.9318,-0.636021,437.76,2.93132,-0.640744,437.715,0.471322,0.15708,2.93232,-0.636139,437.805
38.65,2.9328,-0.631415,437.85,2.93232,-0.636139,437.805,0.471322,0.15708,2.93331,-0.631532,437.895
38.66,2.93379,-0.626808,437.94,2.93331,-0.631532,437.895,0.471322,0.15708,2.9343,-0.626923,437.985
38.67,2.93477,-0.622199,438.03,2.9343,-0.626923,437.985,0.471322,0.15708,2.93528,-0.622313,438.075
38.68,2.93574,-0.617588,438.12,2.93528,-0.622313,438.075,0.471322,0.15708,2.93626,-0.617702,438.165
38.69,2.93671,-0.612976,438.21,2.93626,-0.617702,438.165,0.471322,0.15708,2.93722,-0.613089,438.255
38.7,2.93767,-0.608362,438.3,2.93722,-0.613089,438.255,0.471322,0.15708,2.93818,-0.608474,438.345
38.71,2.93862,-0.603747,438.39,2.93818,-0.608474,438.345,0.471322,0.15708,2.93914,-0.603858,438.435
38.72,2.93957,-0.59913,438.48,2.93914,-0.603858,438.435,0.471322,0.15708,2.94008,-0.599241,438.525
38.73,2.9405,-0.594512,438.57,2.94008,-0.599241,438.525,0.471322,0.15708,2.94102,-0.594622,438.615
38.74,2.94143,-0.589892,438.66,2.94102,-0.594622,438.615,0.471322,0.15708,2.94195,-0.590001,438.705
38.75,2.94236,-0.585271,438.75,2.94195,-0.590001,438.705,0.471322,0.15708,2.94287,-0.585379,438.795
38.76,2.94327,-0.580648,438.84,2.94287,-0.585379,438.795,0.471322,0.15708,2.94379,-0.580756,438.885
38.77,2.94418,-0.576024,438.93,2.94379,-0.580756,438.885,0.471322,0.15708,2.9447,-0.576131,438.975
38.78,2.94508,-0.571399,439.02,2.9447,-0.576131,438.975,0.471322,0.15708,2.9456,-0.571505,439.065
38.79,2.94598,-0.566772,439.11,2.9456,-0.571505,439.065,0.471322,0.15708,2.94649,-0.566877,439.155
38.8,2.94686,-0.562144,439.2,2.94649,-0.566877,439.155,0.471322,0.15708,2.94738,-0.562248,439.245
38.81,2.94774,-0.557514,439.29,2.94738,-0.562248,439.245,0.471322,0.15708,2.94826,-0.557618,439.335
38.82,2.94861,-0.552883,439.38,2.94826,-0.557618,439.335,0.471322,0.15708,2.94913,-0.552986,439.425
38.83,2.94948,-0.548251,439.47,2.94913,-0.552986,439.425,0.471322,0.15708,2.95,-0.548353,439.515
38.84,2.95034,-0.543617,439.56,2.95,-0.548353,439.515,0.471322,0.15708,2.95085,-0.543718,439.605
38.85,2.95119,-0.538982,439.65,2.95085,-0.543718,439.605,0.471322,0.15708,2.9517,-0.539082,439.695
38.86,2.95203,-0.534346,439.74,2.9517,-0.539082,439.695,0.471322,0.15708,2.95255,-0.534445,439.785
38.87,2.95286,-0.529708,439.83,2.95255,-0.534445,439.785,0.471322,0.15708,2.95338,-0.529807,439.875
38.88,2.95369,-0.525069,439.92,2.95338,-0.529807,439.875,0.471322,0.15708,2.95421,-0.525167,439.965
38.89,2.95451,-0.520429,440.01,2.95421,-0.525167,439.965,0.471322,0.15708,2.95503,-0.520526,440.055
38.9,2.95533,-0.515787,440.1,2.95503,-0.520526,440.055,0.471322,0.15708,2.95585,-0.515883,440.145
38.91,2.95613,-0.511144,440.19,2.95585,-0.515883,440.145,0.471322,0.15708,2.95665,-0.51124,440.235
38.92,2.95693,-0.5065,440.28,2.95665,-0.51124,440.235,0.471322,0.15708,2.95745,-0.506595,440.325
38.93,2.95773,-0.501855,440.37,2.95745,-0.506595,440.325,0.471322,0.15708,2.95824,-0.501949,440.415
38.94,2.95851,-0.497208,440.46,2.95824,-0.501949,440.415,0.471322,0.15708,2.95903,-0.497301,440.505
38.95,2.95929,-0.492561,440.55,2.95903,-0.497301,440.505,0.471322,0.15708,2.95981,-0.492653,440.595
38.96,2.96006,-0.487911,440.64,2.95981,-0.492653,440.595,0.471322,0.15708,2.96058,-0.488003,440.685
38.97,2.96082,-0.483261,440.73,2.96058,-0.488003,440.685,0.471322,0.15708,2.96134,-0.483352,440.775
38.98,2.96158,-0.47861,440.82,2.96134,-0.483352,440.775,0.471322,0.15708,2.9621,-0.478699,440.865
38.99,2.96232,-0.473957,440.91,2.9621,-0.478699,440.865,0.471322,0.15708,2.96284,-0.474046,440.955
39,2.96307,-0.469303,441,2.96284,-0.474046,440.955,0.471322,0.15708,2.96358,-0.469391,441.045
39.01,2.9638,-0.464648,441.09,2.96358,-0.469391,441.045,0.471322,0.15708,2.96432,-0.464736,441.135
39.02,2.96452,-0.459992,441.18,2.96432,-0.464736,441.135,0.471322,0.15708,2.96504,-0.460079,441.225
39.03,2.96524,-0.455335,441.27,2.96504,-0.460079,441.225,0.471322,0.15708,2.96576,-0.455421,441.315
39.04,2.96596,-0.450677,441.36,2.96576,-0.455421,441.315,0.471322,0.15708,2.96648,-0.450762,441.405
39.05,2.96666,-0.446017,441.45,2.96648,-0.450762,441.405,0.471322,0.15708,2.96718,-0.446101,441.495
39.06,2.96736,-0.441357,441.54,2.96718,-0.446101,441.495,0.471322,0.15708,2.96788,-0.44144,441.585
39.07,2.96805,-0.436695,441.63,2.96788,-0.44144,441.585,0.471322,0.15708,2.96857,-0.436777,441.675
39.08,2.96873,-0.432032,441.72,2.96857,-0.436777,441.675,0.471322,0.15708,2.96925,-0.432114,441.765
39.09,2.9694,-0.427369,441.81,2.96925,-0.432114,441.765,0.471322,0.15708,2.96992,-0.427449,441.855
39.1,2.97007,-0.422704,441.9,2.96992,-0.427449,441.855,0.471322,0.15708,2.97059,-0.422784,441.945
39.11,2.97073,-0.418038,441.99,2.97059,-0.422784,441.945,0.471322,0.15708,2.97125,-0.418117,442.035
39.12,2.97138,-0.413371,442.08,2.97125,-0.418117,442.035,0.471322,0.15708,2.97191,-0.413449,442.125
39.13,2.97203,-0.408703,442.17,2.97191,-0.413449,442.125,0.471322,0.15708,2.97255,-0.40878,442.215
39.14,2.97267,-0.404034,442.26,2.97255,-0.40878,442.215,0.471322,0.15708,2.97319,-0.404111,442.305
39.15,2.9733,-0.399364,442.35,2.97319,-0.404111,442.305,0.471322,0.15708,2.97382,-0.39944,442.395
39.16,2.97392,-0.394693,442.44,2.97382,-0.39944,442.395,0.471322,0.15708,2.97444,-0.394768,442.485
39.17,2.97454,-0.390021,442.53,2.97444,-0.394768,442.485,0.471322,0.15708,2.97506,-0.390095,442.575
39.18,2.97515,-0.385348,442.62,2.97506,-0.390095,442.575,0.471322,0.15708,2.97567,-0.385422,442.665
39.19,2.97575,-0.380674,442.71,2.97567,-0.385422,442.665,0.471322,0.15708,2.97627,-0.380747,442.755
39.2,2.97634,-0.376,442.8,2.97627,-0.380747,442.755,0.471322,0.15708,2.97687,-0.376071,442.845
39.21,2.97693,-0.371324,442.89,2.97687,-0.376071,442.845,0.471322,0.15708,2.97745,-0.371395,442.935
39.22,2.97751,-0.366647,442.98,2.97745,-0.371395,442.935,0.471322,0.15708,2.97803,-0.366717,443.025
39.23,2.97808,-0.36197,443.07,2.97803,-0.366717,443.025,0.471322,0.15708,2.97861,-0.362039,443.115
39.24,2.97865,-0.357291,443.16,2.97861,-0.362039,443.115,0.471322,0.15708,2.97917,-0.35736,443.205
39.25,2.97921,-0.352612,443.25,2.97917,-0.35736,443.205,0.471322,0.15708,2.97973,-0.35268,443.295
39.26,2.97976,-0.347932,443.34,2.97973,-0.35268,443.295,0.471322,0.15708,2.98028,-0.347999,443.385
39.27,2.9803,-0.343251,443.43,2.98028,-0.347999,443.385,0.471322,0.15708,2.98082,-0.343317,443.475
39.28,2.98083,-0.338569,443.52,2.98082,-0.343317,443.475,0.471322,0.15708,2.98136,-0.338634,443.565
39.29,2.98136,-0.333886,443.61,2.98136,-0.338634,443.565,0.471322,0.15708,2.98189,-0.333951,443.655
39.3,2.98188,-0.329203,443.7,2.98189,-0.333951,443.655,0.471322,0.15708,2.98241,-0.329266,443.745
39.31,2.9824,-0.324519,443.79,2.98241,-0.329266,443.745,0.471322,0.15708,2.98292,-0.324581,443.835
39.32,2.9829,-0.319833,443.88,2.98292,-0.324581,443.835,0.471322,0.15708,2.98343,-0.319895,443.925
39.33,2.9834,-0.315148,443.97,2.98343,-0.319895,443.925,0.471322,0.15708,2.98392,-0.315209,444.015
39.34,2.98389,-0.310461,444.06,2.98392,-0.315209,444.015,0.471322,0.15708,2.98442,-0.310521,444.105
39.35,2.98438,-0.305773,444.15,2.98442,-0.310521,444.105,0.471322,0.15708,2.9849,-0.305833,444.195
39.36,2.98485,-0.301085,444.24,2.9849,-0.305833,444.195,0.471322,0.15708,2.98538,-0.301144,444.285
39.37,2.98532,-0.296396,444.33,2.98538,-0.301144,444.285,0.471322,0.15708,2.98585,-0.296454,444.375
39.38,2.98578,-0.291706,444.42,2.98585,-0.296454,444.375,0.471322,0.15708,2.98631,-0.291763,444.465
39.39,2.98624,-0.287016,444.51,2.98631,-0.291763,444.465,0.471322,0.15708,2.98676,-0.287072,444.555
39.4,2.98669,-0.282325,444.6,2.98676,-0.287072,444.555,0.471322,0.15708,2.98721,-0.28238,444.645
39.41,2.98713,-0.277633,444.69,2.98721,-0.28238,444.645,0.471322,0.15708,2.98765,-0.277688,444.735
39.42,2.98756,-0.272941,444.78,2.98765,-0.277688,444.735,0.471322,0.15708,2.98808,-0.272994,444.825
39.43,2.98798,-0.268247,444.87,2.98808,-0.272994,444.825,0.471322,0.15708,2.98851,-0.2683,444.915
39.44,2.9884,-0.263554,444.96,2.98851,-0.2683,444.915,0.471322,0.15708,2.98893,-0.263606,445.005
39.45,2.98881,-0.258859,445.05,2.98893,-0.263606,445.005,0.471322,0.15708,2.98934,-0.25891,445.095
39.46,2.98921,-0.254164,445.14,2.98934,-0.25891,445.095,0.471322,0.15708,2.98974,-0.254214,445.185
39.47,2.98961,-0.249468,445.23,2.98974,-0.254214,445.185,0.471322,0.15708,2.99013,-0.249518,445.275
39.48,2.99,-0.244772,445.32,2.99013,-0.249518,445.275,0.471322,0.15708,2.99052,-0.24482,445.365
39.49,2.99038,-0.240075,445.41,2.99052,-0.24482,445.365,0.471322,0.15708,2.9909,-0.240123,445.455
39.5,2.99075,-0.235377,445.5,2.9909,-0.240123,445.455,0.471322,0.15708,2.99128,-0.235424,445.545
39.51,2.99112,-0.230679,445.59,2.99128,-0.235424,445.545,0.471322,0.15708,2.99164,-0.230725,445.635
39.52,2.99148,-0.22598,445.68,2.99164,-0.230725,445.635,0.471322,0.15708,2.992,-0.226026,445.725
39.53,2.99183,-0.221281,445.77,2.992,-0.226026,445.725,0.471322,0.15708,2.99235,-0.221326,445.815
39.54,2.99217,-0.216581,445.86,2.99235,-0.221326,445.815,0.471322,0.15708,2.9927,-0.216625,445.905
39.55,2.99251,-0.211881,445.95,2.9927,-0.216625,445.905,0.471322,0.15708,2.99303,-0.211924,445.995
39.56,2.99284,-0.20718,446.04,2.99303,-0.211924,445.995,0.471322,0.15708,2.99336,-0.207222,446.085
39.57,2.99316,-0.202479,446.13,2.99336,-0.207222,446.085,0.471322,0.15708,2.99368,-0.20252,446.175
39.58,2.99347,-0.197777,446.22,2.99368,-0.20252,446.175,0.471322,0.15708,2.994,-0.197817,446.265
39.59,2.99378,-0.193074,446.31,2.994,-0.197817,446.265,0.471322,0.15708,2.99431,-0.193114,446.355
39.6,2.99408,-0.188372,446.4,2.99431,-0.193114,446.355,0.471322,0.15708,2.99461,-0.18841,446.445
39.61,2.99437,-0.183668,446.49,2.99461,-0.18841,446.445,0.471322,0.15708,2.9949,-0.183706,446.535
39.62,2.99466,-0.178964,446.58,2.9949,-0.183706,446.535,0.471322,0.15708,2.99518,-0.179002,446.625
39.63,2.99493,-0.17426,446.67,2.99518,-0.179002,446.625,0.471322,0.15708,2.99546,-0.174297,446.715
39.64,2.9952,-0.169556,446.76,2.99546,-0.174297,446.715,0.471322,0.15708,2.99573,-0.169591,446.805
39.65,2.99547,-0.164851,446.85,2.99573,-0.169591,446.805,0.471322,0.15708,2.99599,-0.164885,446.895
39.66,2.99572,-0.160145,446.94,2.99599,-0.164885,446.895,0.471322,0.15708,2.99625,-0.160179,446.985
39.67,2.99597,-0.155439,447.03,2.99625,-0.160179,446.985,0.471322,0.15708,2.9965,-0.155472,447.075
39.68,2.99621,-0.150733,447.12,2.9965,-0.155472,447.075,0.471322,0.15708,2.99674,-0.150765,447.165
39.69,2.99644,-0.146026,447.21,2.99674,-0.150765,447.165,0.471322,0.15708,2.99697,-0.146058,447.255
39.7,2.99667,-0.141319,447.3,2.99697,-0.146058,447.255,0.471322,0.15708,2.9972,-0.14135,447.345
39.71,2.99689,-0.136612,447.39,2.9972,-0.14135,447.345,0.471322,0.15708,2.99741,-0.136642,447.435
39.72,2.9971,-0.131904,447.48,2.99741,-0.136642,447.435,0.471322,0.15708,2.99762,-0.131933,447.525
39.73,2.9973,-0.127196,447.57,2.99762,-0.131933,447.525,0.471322,0.15708,2.99783,-0.127224,447.615
39.74,2.9975,-0.122488,447.66,2.99783,-0.127224,447.615,0.471322,0.15708,2.99802,-0.122515,447.705
39.75,2.99769,-0.117779,447.75,2.99802,-0.122515,447.705,0.471322,0.15708,2.99821,-0.117806,447.795
39.76,2.99787,-0.113071,447.84,2.99821,-0.117806,447.795,0.471322,0.15708,2.99839,-0.113096,447.885
39.77,2.99804,-0.108361,447.93,2.99839,-0.113096,447.885,0.471322,0.15708,2.99857,-0.108386,447.975
39.78,2.99821,-0.103652,448.02,2.99857,-0.108386,447.975,0.471322,0.15708,2.99874,-0.103676,448.065
39.79,2.99837,-0.0989422,448.11,2.99874,-0.103676,448.065,0.471322,0.15708,2.99889,-0.0989653,448.155
39.8,2.99852,-0.0942323,448.2,2.99889,-0.0989653,448.155,0.471322,0.15708,2.99905,-0.0942545,448.245
39.81,2.99866,-0.0895221,448.29,2.99905,-0.0942545,448.245,0.471322,0.15708,2.99919,-0.0895435,448.335
39.82,2.9988,-0.0848117,448.38,2.99919,-0.0895435,448.335,0.471322,0.15708,2.99933,-0.0848323,448.425
39.83,2.99893,-0.0801011,448.47,2.99933,-0.0848323,448.425,0.471322,0.15708,2.99946,-0.0801208,448.515
39.84,2.99905,-0.0753903,448.56,2.99946,-0.0801208,448.515,0.471322,0.15708,2.99958,-0.0754092,448.605
39.85,2.99917,-0.0706793,448.65,2.99958,-0.0754092,448.605,0.471322,0.15708,2.99969,-0.0706974,448.695
39.86,2.99927,-0.0659681,448.74,2.99969,-0.0706974,448.695,0.471322,0.15708,2.9998,-0.0659854,448.785
39.87,2.99937,-0.0612568,448.83,2.9998,-0.0659854,448.785,0.471322,0.15708,2.9999,-0.0612732,448.875
39.88,2.99947,-0.0565453,448.92,2.9999,-0.0612732,448.875,0.471322,0.15708,2.99999,-0.0565609,448.965
39.89,2.99955,-0.0518337,449.01,2.99999,-0.0565609,448.965,0.471322,0.15708,3.00008,-0.0518485,449.055
39.9,2.99963,-0.047122,449.1,3.00008,-0.0518485,449.055,0.471322,0.15708,3.00016,-0.0471359,449.145
39.91,2.9997,-0.0424101,449.19,3.00016,-0.0471359,449.145,0.471322,0.15708,3.00023,-0.0424232,449.235
39.92,2.99976,-0.0376981,449.28,3.00023,-0.0424232,449.235,0.471322,0.15708,3.00029,-0.0377104,449.325
39.93,2.99982,-0.0329861,449.37,3.00029,-0.0377104,449.325,0.471322,0.15708,3.00035,-0.0329975,449.415
39.94,2.99987,-0.0282739,449.46,3.00035,-0.0329975,449.415,0.471322,0.15708,3.00039,-0.0282846,449.505
39.95,2.99991,-0.0235617,449.55,3.00039,-0.0282846,449.505,0.471322,0.15708,3.00043,-0.0235715,449.595
39.96,2.99994,-0.0188494,449.64,3.00043,-0.0235715,449.595,0.471322,0.15708,3.00047,-0.0188584,449.685
39.97,2.99997,-0.0141371,449.73,3.00047,-0.0188584,449.685,0.471322,0.15708,3.00049,-0.0141453,449.775
39.98,2.99999,-0.00942476,449.82,3.00049,-0.0141453,449.775,0.471322,0.15708,3.00051,-0.00943209,449.865
39.99,3,-0.00471239,449.91,3.00051,-0.00943209,449.865,0.471322,0.15708,3.00052,-0.00471889,449.955
